DEBUG (15/09/2026 09:12:07): Selenium Manager binary found at: C:\Users\demge\AppData\Local\Programs\Python\Python313\Lib\site-packages\selenium\webdriver\common\windows\selenium-manager.exe (Line: 100) [selenium_manager.py]
DEBUG (15/09/2026 09:12:07): Executing process: C:\Users\demge\AppData\Local\Programs\Python\Python313\Lib\site-packages\selenium\webdriver\common\windows\selenium-manager.exe --browser chrome --debug --language-binding python --output json (Line: 113) [selenium_manager.py]
DEBUG (15/09/2026 09:12:07): chromedriver not found in PATH (Line: 139) [selenium_manager.py]
DEBUG (15/09/2026 09:12:07): chrome detected at C:\Program Files\Google\Chrome\Application\chrome.exe (Line: 139) [selenium_manager.py]
DEBUG (15/09/2026 09:12:07): Detected browser: chrome 153.0.8010.36 (Line: 139) [selenium_manager.py]
DEBUG (15/09/2026 09:12:07): Required driver: chromedriver 153.0.8010.36 (Line: 139) [selenium_manager.py]
DEBUG (15/09/2026 09:12:07): chromedriver 153.0.8010.36 already in the cache (Line: 139) [selenium_manager.py]
DEBUG (15/09/2026 09:12:07): Driver path: C:\Users\demge\.cache\selenium\chromedriver\win64\153.0.8010.36\chromedriver.exe (Line: 139) [selenium_manager.py]
DEBUG (15/09/2026 09:12:07): Browser path: C:\Program Files\Google\Chrome\Application\chrome.exe (Line: 139) [selenium_manager.py]
DEBUG (15/09/2026 09:12:07): Started executable: `C:\Users\demge\.cache\selenium\chromedriver\win64\153.0.8010.36\chromedriver.exe` in a child process with pid: 19944 using 0 to output -3 (Line: 226) [service.py]
DEBUG (15/09/2026 09:12:08): POST http://localhost:62331/session {'capabilities': {'firstMatch': [{}], 'alwaysMatch': {'browserName': 'chrome', 'pageLoadStrategy': <PageLoadStrategy.normal: 'normal'>, 'browserVersion': None, 'goog:chromeOptions': {'extensions': [], 'binary': 'C:\\Program Files\\Google\\Chrome\\Application\\chrome.exe', 'args': []}}}} (Line: 403) [remote_connection.py]
DEBUG (15/09/2026 09:12:08): Starting new HTTP connection (1): localhost:62331 (Line: 241) [connectionpool.py]
DEBUG (15/09/2026 09:12:08): http://localhost:62331 "POST /session HTTP/1.1" 200 0 (Line: 544) [connectionpool.py]
DEBUG (15/09/2026 09:12:08): Remote response: status=200 | data={"value":{"capabilities":{"acceptInsecureCerts":false,"browserName":"chrome","browserVersion":"153.0.8010.36","chrome":{"chromedriverVersion":"153.0.8010.36 (507c6ee3e2f3b2ca0e660547e5b9ea4820c67f4c-refs/branch-heads/8010@{#906})","userDataDir":"C:\\Users\\demge\\AppData\\Local\\Temp\\scoped_dir19944_488297309"},"fedcm:accounts":true,"goog:chromeOptions":{"debuggerAddress":"localhost:57549"},"goog:processID":17328,"networkConnectionEnabled":false,"pageLoadStrategy":"normal","platformName":"windows","proxy":{},"setWindowRect":true,"strictFileInteractability":false,"timeouts":{"implicit":0,"pageLoad":300000,"script":30000},"unhandledPromptBehavior":"dismiss and notify","webauthn:extension:cmtgKey":true,"webauthn:extension:credBlob":true,"webauthn:extension:largeBlob":true,"webauthn:extension:minPinLength":true,"webauthn:extension:prf":true,"webauthn:virtualAuthenticators":true},"sessionId":"f81b76abdd2c93f3ee341da095e31ca1"}} | headers=HTTPHeaderDict({'Content-Length': '937', 'Content-Type': 'application/json; charset=utf-8', 'cache-control': 'no-cache'}) (Line: 436) [remote_connection.py]
DEBUG (15/09/2026 09:12:08): Finished Request (Line: 465) [remote_connection.py]
DEBUG (15/09/2026 09:12:08): POST http://localhost:62331/session/f81b76abdd2c93f3ee341da095e31ca1/window/maximize {} (Line: 403) [remote_connection.py]
DEBUG (15/09/2026 09:12:08): http://localhost:62331 "POST /session/f81b76abdd2c93f3ee341da095e31ca1/window/maximize HTTP/1.1" 200 0 (Line: 544) [connectionpool.py]
DEBUG (15/09/2026 09:12:08): Remote response: status=200 | data={"value":{"height":1048,"width":1936,"x":-8,"y":-8}} | headers=HTTPHeaderDict({'Content-Length': '52', 'Content-Type': 'application/json; charset=utf-8', 'cache-control': 'no-cache'}) (Line: 436) [remote_connection.py]
DEBUG (15/09/2026 09:12:08): Finished Request (Line: 465) [remote_connection.py]
DEBUG (15/09/2026 09:12:08): POST http://localhost:62331/session/f81b76abdd2c93f3ee341da095e31ca1/window/maximize {} (Line: 403) [remote_connection.py]
DEBUG (15/09/2026 09:12:08): http://localhost:62331 "POST /session/f81b76abdd2c93f3ee341da095e31ca1/window/maximize HTTP/1.1" 200 0 (Line: 544) [connectionpool.py]
DEBUG (15/09/2026 09:12:08): Remote response: status=200 | data={"value":{"height":1048,"width":1936,"x":-8,"y":-8}} | headers=HTTPHeaderDict({'Content-Length': '52', 'Content-Type': 'application/json; charset=utf-8', 'cache-control': 'no-cache'}) (Line: 436) [remote_connection.py]
DEBUG (15/09/2026 09:12:08): Finished Request (Line: 465) [remote_connection.py]
DEBUG (15/09/2026 09:12:11): POST http://localhost:62331/session/f81b76abdd2c93f3ee341da095e31ca1/url {'url': 'https://2gis.ru/moscow/firm/70000001028898356/tab/reviews?m=37.522822%2C55.87417%2F16'} (Line: 403) [remote_connection.py]
DEBUG (15/09/2026 09:12:13): http://localhost:62331 "POST /session/f81b76abdd2c93f3ee341da095e31ca1/url HTTP/1.1" 200 0 (Line: 544) [connectionpool.py]
DEBUG (15/09/2026 09:12:13): Remote response: status=200 | data={"value":null} | headers=HTTPHeaderDict({'Content-Length': '14', 'Content-Type': 'application/json; charset=utf-8', 'cache-control': 'no-cache'}) (Line: 436) [remote_connection.py]
DEBUG (15/09/2026 09:12:13): Finished Request (Line: 465) [remote_connection.py]
DEBUG (15/09/2026 09:12:13): POST http://localhost:62331/session/f81b76abdd2c93f3ee341da095e31ca1/execute/sync {'script': 'window.scrollTo(0, document.body.scrollHeight * 0.1);', 'args': []} (Line: 403) [remote_connection.py]
DEBUG (15/09/2026 09:12:13): http://localhost:62331 "POST /session/f81b76abdd2c93f3ee341da095e31ca1/execute/sync HTTP/1.1" 200 0 (Line: 544) [connectionpool.py]
DEBUG (15/09/2026 09:12:13): Remote response: status=200 | data={"value":null} | headers=HTTPHeaderDict({'Content-Length': '14', 'Content-Type': 'application/json; charset=utf-8', 'cache-control': 'no-cache'}) (Line: 436) [remote_connection.py]
DEBUG (15/09/2026 09:12:13): Finished Request (Line: 465) [remote_connection.py]
DEBUG (15/09/2026 09:12:16): POST http://localhost:62331/session/f81b76abdd2c93f3ee341da095e31ca1/actions {'actions': [{'type': 'pointer', 'parameters': {'pointerType': 'mouse'}, 'id': 'mouse', 'actions': [{'type': 'pointerMove', 'duration': 250, 'x': 17, 'y': -99, 'origin': 'pointer'}]}, {'type': 'key', 'id': 'key', 'actions': [{'type': 'pause', 'duration': 0}]}]} (Line: 403) [remote_connection.py]
DEBUG (15/09/2026 09:12:16): http://localhost:62331 "POST /session/f81b76abdd2c93f3ee341da095e31ca1/actions HTTP/1.1" 500 0 (Line: 544) [connectionpool.py]
DEBUG (15/09/2026 09:12:16): Remote response: status=500 | data={"value":{"error":"move target out of bounds","message":"move target out of bounds\n  (Session info: chrome=153.0.8010.36)","stacktrace":"\tchromedriver!GetHandleVerifier [0x7ff6d385ff25+5ae5]\n\tchromedriver!(No symbol) [0x7ff6d3782210]\n\tchromedriver!(No symbol) [0x7ff6d35a4896]\n\tchromedriver!(No symbol) [0x7ff6d365a9f6]\n\tchromedriver!(No symbol) [0x7ff6d36298fa]\n\tchromedriver!(No symbol) [0x7ff6d36500df]\n\tchromedriver!(No symbol) [0x7ff6d35f2202]\n\tchromedriver!(No symbol) [0x7ff6d35f3013]\n\tchromedriver!GetHandleVerifier [0x7ff6d3c84231+429df1]\n\tchromedriver!GetHandleVerifier [0x7ff6d3cafce7+4558a7]\n\tchromedriver!GetHandleVerifier [0x7ff6d3ca413e+449cfe]\n\tchromedriver!GetHandleVerifier [0x7ff6d395c9ce+10258e]\n\tchromedriver!(No symbol) [0x7ff6d3790545]\n\tchromedriver!(No symbol) [0x7ff6d378b6a4]\n\tchromedriver!(No symbol) [0x7ff6d378b834]\n\tchromedriver!(No symbol) [0x7ff6d377601c]\n\tKERNEL32!BaseThreadInitThunk [0x7ffdc53fcd87+17]\n\tntdll!RtlUserThreadStart [0x7ffdc6dccaec+2c]\n"}} | headers=HTTPHeaderDict({'Content-Length': '1024', 'Content-Type': 'application/json; charset=utf-8', 'cache-control': 'no-cache'}) (Line: 436) [remote_connection.py]
DEBUG (15/09/2026 09:12:16): Finished Request (Line: 465) [remote_connection.py]
DEBUG (15/09/2026 09:12:18): POST http://localhost:62331/session/f81b76abdd2c93f3ee341da095e31ca1/element {'using': 'css selector', 'value': '._1a5luqx ._1tam240'} (Line: 403) [remote_connection.py]
DEBUG (15/09/2026 09:12:18): http://localhost:62331 "POST /session/f81b76abdd2c93f3ee341da095e31ca1/element HTTP/1.1" 200 0 (Line: 544) [connectionpool.py]
DEBUG (15/09/2026 09:12:18): Remote response: status=200 | data={"value":{"element-6066-11e4-a52e-4f735466cecf":"f.4F43718FA93D6414267F90606F9738F8.d.73DE072F9BBF56441B37337F442B5794.e.545"}} | headers=HTTPHeaderDict({'Content-Length': '127', 'Content-Type': 'application/json; charset=utf-8', 'cache-control': 'no-cache'}) (Line: 436) [remote_connection.py]
DEBUG (15/09/2026 09:12:18): Finished Request (Line: 465) [remote_connection.py]
DEBUG (15/09/2026 09:12:18): POST http://localhost:62331/session/f81b76abdd2c93f3ee341da095e31ca1/execute/sync {'script': '/* isDisplayed */return (function(){return (function(){var g=this||self;\nfunction aa(a){var b=typeof...', 'args': [{'element-6066-11e4-a52e-4f735466cecf': 'f.4F43718FA93D6414267F90606F9738F8.d.73DE072F9BBF56441B37337F442B5794.e.545'}]} (Line: 403) [remote_connection.py]
DEBUG (15/09/2026 09:12:18): http://localhost:62331 "POST /session/f81b76abdd2c93f3ee341da095e31ca1/execute/sync HTTP/1.1" 200 0 (Line: 544) [connectionpool.py]
DEBUG (15/09/2026 09:12:18): Remote response: status=200 | data={"value":true} | headers=HTTPHeaderDict({'Content-Length': '14', 'Content-Type': 'application/json; charset=utf-8', 'cache-control': 'no-cache'}) (Line: 436) [remote_connection.py]
DEBUG (15/09/2026 09:12:18): Finished Request (Line: 465) [remote_connection.py]
DEBUG (15/09/2026 09:12:18): GET http://localhost:62331/session/f81b76abdd2c93f3ee341da095e31ca1/element/f.4F43718FA93D6414267F90606F9738F8.d.73DE072F9BBF56441B37337F442B5794.e.545/enabled {} (Line: 403) [remote_connection.py]
DEBUG (15/09/2026 09:12:18): http://localhost:62331 "GET /session/f81b76abdd2c93f3ee341da095e31ca1/element/f.4F43718FA93D6414267F90606F9738F8.d.73DE072F9BBF56441B37337F442B5794.e.545/enabled HTTP/1.1" 200 0 (Line: 544) [connectionpool.py]
DEBUG (15/09/2026 09:12:18): Remote response: status=200 | data={"value":true} | headers=HTTPHeaderDict({'Content-Length': '14', 'Content-Type': 'application/json; charset=utf-8', 'cache-control': 'no-cache'}) (Line: 436) [remote_connection.py]
DEBUG (15/09/2026 09:12:18): Finished Request (Line: 465) [remote_connection.py]
DEBUG (15/09/2026 09:12:18): POST http://localhost:62331/session/f81b76abdd2c93f3ee341da095e31ca1/actions {'actions': [{'type': 'pointer', 'parameters': {'pointerType': 'mouse'}, 'id': 'mouse', 'actions': [{'type': 'pointerMove', 'duration': 250, 'x': 0, 'y': 0, 'origin': {'element-6066-11e4-a52e-4f735466cecf': 'f.4F43718FA93D6414267F90606F9738F8.d.73DE072F9BBF56441B37337F442B5794.e.545'}}]}, {'type': 'key', 'id': 'key', 'actions': [{'type': 'pause', 'duration': 0}]}]} (Line: 403) [remote_connection.py]
DEBUG (15/09/2026 09:12:19): http://localhost:62331 "POST /session/f81b76abdd2c93f3ee341da095e31ca1/actions HTTP/1.1" 200 0 (Line: 544) [connectionpool.py]
DEBUG (15/09/2026 09:12:19): Remote response: status=200 | data={"value":null} | headers=HTTPHeaderDict({'Content-Length': '14', 'Content-Type': 'application/json; charset=utf-8', 'cache-control': 'no-cache'}) (Line: 436) [remote_connection.py]
DEBUG (15/09/2026 09:12:19): Finished Request (Line: 465) [remote_connection.py]
DEBUG (15/09/2026 09:12:20): POST http://localhost:62331/session/f81b76abdd2c93f3ee341da095e31ca1/element/f.4F43718FA93D6414267F90606F9738F8.d.73DE072F9BBF56441B37337F442B5794.e.545/click {} (Line: 403) [remote_connection.py]
DEBUG (15/09/2026 09:12:21): http://localhost:62331 "POST /session/f81b76abdd2c93f3ee341da095e31ca1/element/f.4F43718FA93D6414267F90606F9738F8.d.73DE072F9BBF56441B37337F442B5794.e.545/click HTTP/1.1" 400 0 (Line: 544) [connectionpool.py]
DEBUG (15/09/2026 09:12:21): Remote response: status=400 | data={"value":{"error":"element click intercepted","message":"element click intercepted: Element \u003Cdiv class=\"_1tam240\">...\u003C/div> is not clickable at point (116, 530). Other element would receive the click: \u003Cdiv class=\"_1l88xgv\">...\u003C/div>\n  (Session info: chrome=153.0.8010.36)","stacktrace":"\tchromedriver!GetHandleVerifier [0x7ff6d385ff25+5ae5]\n\tchromedriver!(No symbol) [0x7ff6d3782210]\n\tchromedriver!(No symbol) [0x7ff6d35a4a9d]\n\tchromedriver!(No symbol) [0x7ff6d3608283]\n\tchromedriver!(No symbol) [0x7ff6d3605e8a]\n\tchromedriver!(No symbol) [0x7ff6d36031c7]\n\tchromedriver!(No symbol) [0x7ff6d3602080]\n\tchromedriver!(No symbol) [0x7ff6d35f4018]\n\tchromedriver!(No symbol) [0x7ff6d36298fa]\n\tchromedriver!(No symbol) [0x7ff6d35f3896]\n\tchromedriver!(No symbol) [0x7ff6d36500df]\n\tchromedriver!(No symbol) [0x7ff6d35f2202]\n\tchromedriver!(No symbol) [0x7ff6d35f3013]\n\tchromedriver!GetHandleVerifier [0x7ff6d3c84231+429df1]\n\tchromedriver!GetHandleVerifier [0x7ff6d3cafce7+4558a7]\n\tchromedriver!GetHandleVerifier [0x7ff6d3ca413e+449cfe]\n\tchromedriver!GetHandleVerifier [0x7ff6d395c9ce+10258e]\n\tchromedriver!(No symbol) [0x7ff6d3790545]\n\tchromedriver!(No symbol) [0x7ff6d378b6a4]\n\tchromedriver!(No symbol) [0x7ff6d378b834]\n\tchromedriver!(No symbol) [0x7ff6d377601c]\n\tKERNEL32!BaseThreadInitThunk [0x7ffdc53fcd87+17]\n\tntdll!RtlUserThreadStart [0x7ffdc6dccaec+2c]\n"}} | headers=HTTPHeaderDict({'Content-Length': '1423', 'Content-Type': 'application/json; charset=utf-8', 'cache-control': 'no-cache'}) (Line: 436) [remote_connection.py]
DEBUG (15/09/2026 09:12:21): Finished Request (Line: 465) [remote_connection.py]
WARNING (15/09/2026 09:12:21): Ошибка клика на элемент: Message: element click intercepted: Element <div class="_1tam240">...</div> is not clickable at point (116, 530). Other element would receive the click: <div class="_1l88xgv">...</div>
  (Session info: chrome=153.0.8010.36); For documentation on this error, please visit: https://www.selenium.dev/documentation/webdriver/troubleshooting/errors#elementclickinterceptedexception
Stacktrace:
	chromedriver!GetHandleVerifier [0x7ff6d385ff25+5ae5]
	chromedriver!(No symbol) [0x7ff6d3782210]
	chromedriver!(No symbol) [0x7ff6d35a4a9d]
	chromedriver!(No symbol) [0x7ff6d3608283]
	chromedriver!(No symbol) [0x7ff6d3605e8a]
	chromedriver!(No symbol) [0x7ff6d36031c7]
	chromedriver!(No symbol) [0x7ff6d3602080]
	chromedriver!(No symbol) [0x7ff6d35f4018]
	chromedriver!(No symbol) [0x7ff6d36298fa]
	chromedriver!(No symbol) [0x7ff6d35f3896]
	chromedriver!(No symbol) [0x7ff6d36500df]
	chromedriver!(No symbol) [0x7ff6d35f2202]
	chromedriver!(No symbol) [0x7ff6d35f3013]
	chromedriver!GetHandleVerifier [0x7ff6d3c84231+429df1]
	chromedriver!GetHandleVerifier [0x7ff6d3cafce7+4558a7]
	chromedriver!GetHandleVerifier [0x7ff6d3ca413e+449cfe]
	chromedriver!GetHandleVerifier [0x7ff6d395c9ce+10258e]
	chromedriver!(No symbol) [0x7ff6d3790545]
	chromedriver!(No symbol) [0x7ff6d378b6a4]
	chromedriver!(No symbol) [0x7ff6d378b834]
	chromedriver!(No symbol) [0x7ff6d377601c]
	KERNEL32!BaseThreadInitThunk [0x7ffdc53fcd87+17]
	ntdll!RtlUserThreadStart [0x7ffdc6dccaec+2c]
 (Line: 302) [app.py]
DEBUG (15/09/2026 09:12:21): POST http://localhost:62331/session/f81b76abdd2c93f3ee341da095e31ca1/element {'using': 'css selector', 'value': '._1667t0u ._15gu4wr'} (Line: 403) [remote_connection.py]
DEBUG (15/09/2026 09:12:21): http://localhost:62331 "POST /session/f81b76abdd2c93f3ee341da095e31ca1/element HTTP/1.1" 200 0 (Line: 544) [connectionpool.py]
DEBUG (15/09/2026 09:12:21): Remote response: status=200 | data={"value":{"element-6066-11e4-a52e-4f735466cecf":"f.4F43718FA93D6414267F90606F9738F8.d.73DE072F9BBF56441B37337F442B5794.e.546"}} | headers=HTTPHeaderDict({'Content-Length': '127', 'Content-Type': 'application/json; charset=utf-8', 'cache-control': 'no-cache'}) (Line: 436) [remote_connection.py]
DEBUG (15/09/2026 09:12:21): Finished Request (Line: 465) [remote_connection.py]
DEBUG (15/09/2026 09:12:21): POST http://localhost:62331/session/f81b76abdd2c93f3ee341da095e31ca1/element {'using': 'css selector', 'value': '._1y88ofn'} (Line: 403) [remote_connection.py]
DEBUG (15/09/2026 09:12:21): http://localhost:62331 "POST /session/f81b76abdd2c93f3ee341da095e31ca1/element HTTP/1.1" 200 0 (Line: 544) [connectionpool.py]
DEBUG (15/09/2026 09:12:21): Remote response: status=200 | data={"value":{"element-6066-11e4-a52e-4f735466cecf":"f.4F43718FA93D6414267F90606F9738F8.d.73DE072F9BBF56441B37337F442B5794.e.547"}} | headers=HTTPHeaderDict({'Content-Length': '127', 'Content-Type': 'application/json; charset=utf-8', 'cache-control': 'no-cache'}) (Line: 436) [remote_connection.py]
DEBUG (15/09/2026 09:12:21): Finished Request (Line: 465) [remote_connection.py]
DEBUG (15/09/2026 09:12:21): GET http://localhost:62331/session/f81b76abdd2c93f3ee341da095e31ca1/element/f.4F43718FA93D6414267F90606F9738F8.d.73DE072F9BBF56441B37337F442B5794.e.547/text {} (Line: 403) [remote_connection.py]
DEBUG (15/09/2026 09:12:21): http://localhost:62331 "GET /session/f81b76abdd2c93f3ee341da095e31ca1/element/f.4F43718FA93D6414267F90606F9738F8.d.73DE072F9BBF56441B37337F442B5794.e.547/text HTTP/1.1" 200 0 (Line: 544) [connectionpool.py]
DEBUG (15/09/2026 09:12:21): Remote response: status=200 | data={"value":"13 оценок"} | headers=HTTPHeaderDict({'Content-Length': '27', 'Content-Type': 'application/json; charset=utf-8', 'cache-control': 'no-cache'}) (Line: 436) [remote_connection.py]
DEBUG (15/09/2026 09:12:21): Finished Request (Line: 465) [remote_connection.py]
DEBUG (15/09/2026 09:12:21): POST http://localhost:62331/session/f81b76abdd2c93f3ee341da095e31ca1/element {'using': 'css selector', 'value': '._1y88ofn'} (Line: 403) [remote_connection.py]
DEBUG (15/09/2026 09:12:21): http://localhost:62331 "POST /session/f81b76abdd2c93f3ee341da095e31ca1/element HTTP/1.1" 200 0 (Line: 544) [connectionpool.py]
DEBUG (15/09/2026 09:12:21): Remote response: status=200 | data={"value":{"element-6066-11e4-a52e-4f735466cecf":"f.4F43718FA93D6414267F90606F9738F8.d.73DE072F9BBF56441B37337F442B5794.e.547"}} | headers=HTTPHeaderDict({'Content-Length': '127', 'Content-Type': 'application/json; charset=utf-8', 'cache-control': 'no-cache'}) (Line: 436) [remote_connection.py]
DEBUG (15/09/2026 09:12:21): Finished Request (Line: 465) [remote_connection.py]
DEBUG (15/09/2026 09:12:21): GET http://localhost:62331/session/f81b76abdd2c93f3ee341da095e31ca1/element/f.4F43718FA93D6414267F90606F9738F8.d.73DE072F9BBF56441B37337F442B5794.e.547/text {} (Line: 403) [remote_connection.py]
DEBUG (15/09/2026 09:12:21): http://localhost:62331 "GET /session/f81b76abdd2c93f3ee341da095e31ca1/element/f.4F43718FA93D6414267F90606F9738F8.d.73DE072F9BBF56441B37337F442B5794.e.547/text HTTP/1.1" 200 0 (Line: 544) [connectionpool.py]
DEBUG (15/09/2026 09:12:21): Remote response: status=200 | data={"value":"13 оценок"} | headers=HTTPHeaderDict({'Content-Length': '27', 'Content-Type': 'application/json; charset=utf-8', 'cache-control': 'no-cache'}) (Line: 436) [remote_connection.py]
DEBUG (15/09/2026 09:12:21): Finished Request (Line: 465) [remote_connection.py]
DEBUG (15/09/2026 09:12:21): POST http://localhost:62331/session/f81b76abdd2c93f3ee341da095e31ca1/elements {'using': 'css selector', 'value': '._1rowqpjv'} (Line: 403) [remote_connection.py]
DEBUG (15/09/2026 09:12:21): http://localhost:62331 "POST /session/f81b76abdd2c93f3ee341da095e31ca1/elements HTTP/1.1" 200 0 (Line: 544) [connectionpool.py]
DEBUG (15/09/2026 09:12:21): Remote response: status=200 | data={"value":[{"element-6066-11e4-a52e-4f735466cecf":"f.4F43718FA93D6414267F90606F9738F8.d.73DE072F9BBF56441B37337F442B5794.e.50"},{"element-6066-11e4-a52e-4f735466cecf":"f.4F43718FA93D6414267F90606F9738F8.d.73DE072F9BBF56441B37337F442B5794.e.548"},{"element-6066-11e4-a52e-4f735466cecf":"f.4F43718FA93D6414267F90606F9738F8.d.73DE072F9BBF56441B37337F442B5794.e.549"},{"element-6066-11e4-a52e-4f735466cecf":"f.4F43718FA93D6414267F90606F9738F8.d.73DE072F9BBF56441B37337F442B5794.e.550"},{"element-6066-11e4-a52e-4f735466cecf":"f.4F43718FA93D6414267F90606F9738F8.d.73DE072F9BBF56441B37337F442B5794.e.551"},{"element-6066-11e4-a52e-4f735466cecf":"f.4F43718FA93D6414267F90606F9738F8.d.73DE072F9BBF56441B37337F442B5794.e.552"},{"element-6066-11e4-a52e-4f735466cecf":"f.4F43718FA93D6414267F90606F9738F8.d.73DE072F9BBF56441B37337F442B5794.e.553"},{"element-6066-11e4-a52e-4f735466cecf":"f.4F43718FA93D6414267F90606F9738F8.d.73DE072F9BBF56441B37337F442B5794.e.554"},{"element-6066-11e4-a52e-4f735466cecf":"f.4F43718FA93D6414267F90606F9738F8.d.73DE072F9BBF56441B37337F442B5794.e.555"},{"element-6066-11e4-a52e-4f735466cecf":"f.4F43718FA93D6414267F90606F9738F8.d.73DE072F9BBF56441B37337F442B5794.e.556"}]} | headers=HTTPHeaderDict({'Content-Length': '1190', 'Content-Type': 'application/json; charset=utf-8', 'cache-control': 'no-cache'}) (Line: 436) [remote_connection.py]
DEBUG (15/09/2026 09:12:21): Finished Request (Line: 465) [remote_connection.py]
DEBUG (15/09/2026 09:12:21): POST http://localhost:62331/session/f81b76abdd2c93f3ee341da095e31ca1/elements {'using': 'css selector', 'value': '._1e65qgv'} (Line: 403) [remote_connection.py]
DEBUG (15/09/2026 09:12:21): http://localhost:62331 "POST /session/f81b76abdd2c93f3ee341da095e31ca1/elements HTTP/1.1" 200 0 (Line: 544) [connectionpool.py]
DEBUG (15/09/2026 09:12:21): Remote response: status=200 | data={"value":[{"element-6066-11e4-a52e-4f735466cecf":"f.4F43718FA93D6414267F90606F9738F8.d.73DE072F9BBF56441B37337F442B5794.e.557"},{"element-6066-11e4-a52e-4f735466cecf":"f.4F43718FA93D6414267F90606F9738F8.d.73DE072F9BBF56441B37337F442B5794.e.558"},{"element-6066-11e4-a52e-4f735466cecf":"f.4F43718FA93D6414267F90606F9738F8.d.73DE072F9BBF56441B37337F442B5794.e.559"},{"element-6066-11e4-a52e-4f735466cecf":"f.4F43718FA93D6414267F90606F9738F8.d.73DE072F9BBF56441B37337F442B5794.e.560"},{"element-6066-11e4-a52e-4f735466cecf":"f.4F43718FA93D6414267F90606F9738F8.d.73DE072F9BBF56441B37337F442B5794.e.561"},{"element-6066-11e4-a52e-4f735466cecf":"f.4F43718FA93D6414267F90606F9738F8.d.73DE072F9BBF56441B37337F442B5794.e.562"},{"element-6066-11e4-a52e-4f735466cecf":"f.4F43718FA93D6414267F90606F9738F8.d.73DE072F9BBF56441B37337F442B5794.e.563"},{"element-6066-11e4-a52e-4f735466cecf":"f.4F43718FA93D6414267F90606F9738F8.d.73DE072F9BBF56441B37337F442B5794.e.564"},{"element-6066-11e4-a52e-4f735466cecf":"f.4F43718FA93D6414267F90606F9738F8.d.73DE072F9BBF56441B37337F442B5794.e.565"},{"element-6066-11e4-a52e-4f735466cecf":"f.4F43718FA93D6414267F90606F9738F8.d.73DE072F9BBF56441B37337F442B5794.e.566"}]} | headers=HTTPHeaderDict({'Content-Length': '1191', 'Content-Type': 'application/json; charset=utf-8', 'cache-control': 'no-cache'}) (Line: 436) [remote_connection.py]
DEBUG (15/09/2026 09:12:21): Finished Request (Line: 465) [remote_connection.py]
DEBUG (15/09/2026 09:12:21): POST http://localhost:62331/session/f81b76abdd2c93f3ee341da095e31ca1/actions {'actions': [{'type': 'pointer', 'parameters': {'pointerType': 'mouse'}, 'id': 'mouse', 'actions': [{'type': 'pointerMove', 'duration': 250, 'x': 0, 'y': 0, 'origin': {'element-6066-11e4-a52e-4f735466cecf': 'f.4F43718FA93D6414267F90606F9738F8.d.73DE072F9BBF56441B37337F442B5794.e.557'}}]}, {'type': 'key', 'id': 'key', 'actions': [{'type': 'pause', 'duration': 0}]}]} (Line: 403) [remote_connection.py]
DEBUG (15/09/2026 09:12:21): http://localhost:62331 "POST /session/f81b76abdd2c93f3ee341da095e31ca1/actions HTTP/1.1" 200 0 (Line: 544) [connectionpool.py]
DEBUG (15/09/2026 09:12:21): Remote response: status=200 | data={"value":null} | headers=HTTPHeaderDict({'Content-Length': '14', 'Content-Type': 'application/json; charset=utf-8', 'cache-control': 'no-cache'}) (Line: 436) [remote_connection.py]
DEBUG (15/09/2026 09:12:21): Finished Request (Line: 465) [remote_connection.py]
DEBUG (15/09/2026 09:12:22): POST http://localhost:62331/session/f81b76abdd2c93f3ee341da095e31ca1/execute/sync {'script': '/* isDisplayed */return (function(){return (function(){var g=this||self;\nfunction aa(a){var b=typeof...', 'args': [{'element-6066-11e4-a52e-4f735466cecf': 'f.4F43718FA93D6414267F90606F9738F8.d.73DE072F9BBF56441B37337F442B5794.e.557'}]} (Line: 403) [remote_connection.py]
DEBUG (15/09/2026 09:12:22): http://localhost:62331 "POST /session/f81b76abdd2c93f3ee341da095e31ca1/execute/sync HTTP/1.1" 200 0 (Line: 544) [connectionpool.py]
DEBUG (15/09/2026 09:12:22): Remote response: status=200 | data={"value":true} | headers=HTTPHeaderDict({'Content-Length': '14', 'Content-Type': 'application/json; charset=utf-8', 'cache-control': 'no-cache'}) (Line: 436) [remote_connection.py]
DEBUG (15/09/2026 09:12:22): Finished Request (Line: 465) [remote_connection.py]
DEBUG (15/09/2026 09:12:22): GET http://localhost:62331/session/f81b76abdd2c93f3ee341da095e31ca1/element/f.4F43718FA93D6414267F90606F9738F8.d.73DE072F9BBF56441B37337F442B5794.e.557/enabled {} (Line: 403) [remote_connection.py]
DEBUG (15/09/2026 09:12:22): http://localhost:62331 "GET /session/f81b76abdd2c93f3ee341da095e31ca1/element/f.4F43718FA93D6414267F90606F9738F8.d.73DE072F9BBF56441B37337F442B5794.e.557/enabled HTTP/1.1" 200 0 (Line: 544) [connectionpool.py]
DEBUG (15/09/2026 09:12:22): Remote response: status=200 | data={"value":true} | headers=HTTPHeaderDict({'Content-Length': '14', 'Content-Type': 'application/json; charset=utf-8', 'cache-control': 'no-cache'}) (Line: 436) [remote_connection.py]
DEBUG (15/09/2026 09:12:22): Finished Request (Line: 465) [remote_connection.py]
DEBUG (15/09/2026 09:12:22): POST http://localhost:62331/session/f81b76abdd2c93f3ee341da095e31ca1/element/f.4F43718FA93D6414267F90606F9738F8.d.73DE072F9BBF56441B37337F442B5794.e.557/click {} (Line: 403) [remote_connection.py]
DEBUG (15/09/2026 09:12:23): http://localhost:62331 "POST /session/f81b76abdd2c93f3ee341da095e31ca1/element/f.4F43718FA93D6414267F90606F9738F8.d.73DE072F9BBF56441B37337F442B5794.e.557/click HTTP/1.1" 400 0 (Line: 544) [connectionpool.py]
DEBUG (15/09/2026 09:12:23): Remote response: status=400 | data={"value":{"error":"element click intercepted","message":"element click intercepted: Element \u003Cspan class=\"_1e65qgv\">...\u003C/span> is not clickable at point (240, 848). Other element would receive the click: \u003Cdiv class=\"_s67w0q\">...\u003C/div>\n  (Session info: chrome=153.0.8010.36)","stacktrace":"\tchromedriver!GetHandleVerifier [0x7ff6d385ff25+5ae5]\n\tchromedriver!(No symbol) [0x7ff6d3782210]\n\tchromedriver!(No symbol) [0x7ff6d35a4a9d]\n\tchromedriver!(No symbol) [0x7ff6d3608283]\n\tchromedriver!(No symbol) [0x7ff6d3605e8a]\n\tchromedriver!(No symbol) [0x7ff6d36031c7]\n\tchromedriver!(No symbol) [0x7ff6d3602080]\n\tchromedriver!(No symbol) [0x7ff6d35f4018]\n\tchromedriver!(No symbol) [0x7ff6d36298fa]\n\tchromedriver!(No symbol) [0x7ff6d35f3896]\n\tchromedriver!(No symbol) [0x7ff6d36500df]\n\tchromedriver!(No symbol) [0x7ff6d35f2202]\n\tchromedriver!(No symbol) [0x7ff6d35f3013]\n\tchromedriver!GetHandleVerifier [0x7ff6d3c84231+429df1]\n\tchromedriver!GetHandleVerifier [0x7ff6d3cafce7+4558a7]\n\tchromedriver!GetHandleVerifier [0x7ff6d3ca413e+449cfe]\n\tchromedriver!GetHandleVerifier [0x7ff6d395c9ce+10258e]\n\tchromedriver!(No symbol) [0x7ff6d3790545]\n\tchromedriver!(No symbol) [0x7ff6d378b6a4]\n\tchromedriver!(No symbol) [0x7ff6d378b834]\n\tchromedriver!(No symbol) [0x7ff6d377601c]\n\tKERNEL32!BaseThreadInitThunk [0x7ffdc53fcd87+17]\n\tntdll!RtlUserThreadStart [0x7ffdc6dccaec+2c]\n"}} | headers=HTTPHeaderDict({'Content-Length': '1424', 'Content-Type': 'application/json; charset=utf-8', 'cache-control': 'no-cache'}) (Line: 436) [remote_connection.py]
DEBUG (15/09/2026 09:12:23): Finished Request (Line: 465) [remote_connection.py]
WARNING (15/09/2026 09:12:23): Ошибка клика на 'Показать больше': Message: element click intercepted: Element <span class="_1e65qgv">...</span> is not clickable at point (240, 848). Other element would receive the click: <div class="_s67w0q">...</div>
  (Session info: chrome=153.0.8010.36); For documentation on this error, please visit: https://www.selenium.dev/documentation/webdriver/troubleshooting/errors#elementclickinterceptedexception
Stacktrace:
	chromedriver!GetHandleVerifier [0x7ff6d385ff25+5ae5]
	chromedriver!(No symbol) [0x7ff6d3782210]
	chromedriver!(No symbol) [0x7ff6d35a4a9d]
	chromedriver!(No symbol) [0x7ff6d3608283]
	chromedriver!(No symbol) [0x7ff6d3605e8a]
	chromedriver!(No symbol) [0x7ff6d36031c7]
	chromedriver!(No symbol) [0x7ff6d3602080]
	chromedriver!(No symbol) [0x7ff6d35f4018]
	chromedriver!(No symbol) [0x7ff6d36298fa]
	chromedriver!(No symbol) [0x7ff6d35f3896]
	chromedriver!(No symbol) [0x7ff6d36500df]
	chromedriver!(No symbol) [0x7ff6d35f2202]
	chromedriver!(No symbol) [0x7ff6d35f3013]
	chromedriver!GetHandleVerifier [0x7ff6d3c84231+429df1]
	chromedriver!GetHandleVerifier [0x7ff6d3cafce7+4558a7]
	chromedriver!GetHandleVerifier [0x7ff6d3ca413e+449cfe]
	chromedriver!GetHandleVerifier [0x7ff6d395c9ce+10258e]
	chromedriver!(No symbol) [0x7ff6d3790545]
	chromedriver!(No symbol) [0x7ff6d378b6a4]
	chromedriver!(No symbol) [0x7ff6d378b834]
	chromedriver!(No symbol) [0x7ff6d377601c]
	KERNEL32!BaseThreadInitThunk [0x7ffdc53fcd87+17]
	ntdll!RtlUserThreadStart [0x7ffdc6dccaec+2c]
 (Line: 353) [app.py]
DEBUG (15/09/2026 09:12:23): POST http://localhost:62331/session/f81b76abdd2c93f3ee341da095e31ca1/actions {'actions': [{'type': 'pointer', 'parameters': {'pointerType': 'mouse'}, 'id': 'mouse', 'actions': [{'type': 'pointerMove', 'duration': 250, 'x': 0, 'y': 0, 'origin': {'element-6066-11e4-a52e-4f735466cecf': 'f.4F43718FA93D6414267F90606F9738F8.d.73DE072F9BBF56441B37337F442B5794.e.558'}}]}, {'type': 'key', 'id': 'key', 'actions': [{'type': 'pause', 'duration': 0}]}]} (Line: 403) [remote_connection.py]
DEBUG (15/09/2026 09:12:23): http://localhost:62331 "POST /session/f81b76abdd2c93f3ee341da095e31ca1/actions HTTP/1.1" 200 0 (Line: 544) [connectionpool.py]
DEBUG (15/09/2026 09:12:23): Remote response: status=200 | data={"value":null} | headers=HTTPHeaderDict({'Content-Length': '14', 'Content-Type': 'application/json; charset=utf-8', 'cache-control': 'no-cache'}) (Line: 436) [remote_connection.py]
DEBUG (15/09/2026 09:12:23): Finished Request (Line: 465) [remote_connection.py]
DEBUG (15/09/2026 09:12:25): POST http://localhost:62331/session/f81b76abdd2c93f3ee341da095e31ca1/execute/sync {'script': '/* isDisplayed */return (function(){return (function(){var g=this||self;\nfunction aa(a){var b=typeof...', 'args': [{'element-6066-11e4-a52e-4f735466cecf': 'f.4F43718FA93D6414267F90606F9738F8.d.73DE072F9BBF56441B37337F442B5794.e.558'}]} (Line: 403) [remote_connection.py]
DEBUG (15/09/2026 09:12:25): http://localhost:62331 "POST /session/f81b76abdd2c93f3ee341da095e31ca1/execute/sync HTTP/1.1" 200 0 (Line: 544) [connectionpool.py]
DEBUG (15/09/2026 09:12:25): Remote response: status=200 | data={"value":true} | headers=HTTPHeaderDict({'Content-Length': '14', 'Content-Type': 'application/json; charset=utf-8', 'cache-control': 'no-cache'}) (Line: 436) [remote_connection.py]
DEBUG (15/09/2026 09:12:25): Finished Request (Line: 465) [remote_connection.py]
DEBUG (15/09/2026 09:12:25): GET http://localhost:62331/session/f81b76abdd2c93f3ee341da095e31ca1/element/f.4F43718FA93D6414267F90606F9738F8.d.73DE072F9BBF56441B37337F442B5794.e.558/enabled {} (Line: 403) [remote_connection.py]
DEBUG (15/09/2026 09:12:25): http://localhost:62331 "GET /session/f81b76abdd2c93f3ee341da095e31ca1/element/f.4F43718FA93D6414267F90606F9738F8.d.73DE072F9BBF56441B37337F442B5794.e.558/enabled HTTP/1.1" 200 0 (Line: 544) [connectionpool.py]
DEBUG (15/09/2026 09:12:25): Remote response: status=200 | data={"value":true} | headers=HTTPHeaderDict({'Content-Length': '14', 'Content-Type': 'application/json; charset=utf-8', 'cache-control': 'no-cache'}) (Line: 436) [remote_connection.py]
DEBUG (15/09/2026 09:12:25): Finished Request (Line: 465) [remote_connection.py]
DEBUG (15/09/2026 09:12:25): POST http://localhost:62331/session/f81b76abdd2c93f3ee341da095e31ca1/element/f.4F43718FA93D6414267F90606F9738F8.d.73DE072F9BBF56441B37337F442B5794.e.558/click {} (Line: 403) [remote_connection.py]
DEBUG (15/09/2026 09:12:26): http://localhost:62331 "POST /session/f81b76abdd2c93f3ee341da095e31ca1/element/f.4F43718FA93D6414267F90606F9738F8.d.73DE072F9BBF56441B37337F442B5794.e.558/click HTTP/1.1" 400 0 (Line: 544) [connectionpool.py]
DEBUG (15/09/2026 09:12:26): Remote response: status=400 | data={"value":{"error":"element click intercepted","message":"element click intercepted: Element \u003Cspan class=\"_1e65qgv\">...\u003C/span> is not clickable at point (240, 848). Other element would receive the click: \u003Cdiv class=\"_s67w0q\">...\u003C/div>\n  (Session info: chrome=153.0.8010.36)","stacktrace":"\tchromedriver!GetHandleVerifier [0x7ff6d385ff25+5ae5]\n\tchromedriver!(No symbol) [0x7ff6d3782210]\n\tchromedriver!(No symbol) [0x7ff6d35a4a9d]\n\tchromedriver!(No symbol) [0x7ff6d3608283]\n\tchromedriver!(No symbol) [0x7ff6d3605e8a]\n\tchromedriver!(No symbol) [0x7ff6d36031c7]\n\tchromedriver!(No symbol) [0x7ff6d3602080]\n\tchromedriver!(No symbol) [0x7ff6d35f4018]\n\tchromedriver!(No symbol) [0x7ff6d36298fa]\n\tchromedriver!(No symbol) [0x7ff6d35f3896]\n\tchromedriver!(No symbol) [0x7ff6d36500df]\n\tchromedriver!(No symbol) [0x7ff6d35f2202]\n\tchromedriver!(No symbol) [0x7ff6d35f3013]\n\tchromedriver!GetHandleVerifier [0x7ff6d3c84231+429df1]\n\tchromedriver!GetHandleVerifier [0x7ff6d3cafce7+4558a7]\n\tchromedriver!GetHandleVerifier [0x7ff6d3ca413e+449cfe]\n\tchromedriver!GetHandleVerifier [0x7ff6d395c9ce+10258e]\n\tchromedriver!(No symbol) [0x7ff6d3790545]\n\tchromedriver!(No symbol) [0x7ff6d378b6a4]\n\tchromedriver!(No symbol) [0x7ff6d378b834]\n\tchromedriver!(No symbol) [0x7ff6d377601c]\n\tKERNEL32!BaseThreadInitThunk [0x7ffdc53fcd87+17]\n\tntdll!RtlUserThreadStart [0x7ffdc6dccaec+2c]\n"}} | headers=HTTPHeaderDict({'Content-Length': '1424', 'Content-Type': 'application/json; charset=utf-8', 'cache-control': 'no-cache'}) (Line: 436) [remote_connection.py]
DEBUG (15/09/2026 09:12:26): Finished Request (Line: 465) [remote_connection.py]
WARNING (15/09/2026 09:12:26): Ошибка клика на 'Показать больше': Message: element click intercepted: Element <span class="_1e65qgv">...</span> is not clickable at point (240, 848). Other element would receive the click: <div class="_s67w0q">...</div>
  (Session info: chrome=153.0.8010.36); For documentation on this error, please visit: https://www.selenium.dev/documentation/webdriver/troubleshooting/errors#elementclickinterceptedexception
Stacktrace:
	chromedriver!GetHandleVerifier [0x7ff6d385ff25+5ae5]
	chromedriver!(No symbol) [0x7ff6d3782210]
	chromedriver!(No symbol) [0x7ff6d35a4a9d]
	chromedriver!(No symbol) [0x7ff6d3608283]
	chromedriver!(No symbol) [0x7ff6d3605e8a]
	chromedriver!(No symbol) [0x7ff6d36031c7]
	chromedriver!(No symbol) [0x7ff6d3602080]
	chromedriver!(No symbol) [0x7ff6d35f4018]
	chromedriver!(No symbol) [0x7ff6d36298fa]
	chromedriver!(No symbol) [0x7ff6d35f3896]
	chromedriver!(No symbol) [0x7ff6d36500df]
	chromedriver!(No symbol) [0x7ff6d35f2202]
	chromedriver!(No symbol) [0x7ff6d35f3013]
	chromedriver!GetHandleVerifier [0x7ff6d3c84231+429df1]
	chromedriver!GetHandleVerifier [0x7ff6d3cafce7+4558a7]
	chromedriver!GetHandleVerifier [0x7ff6d3ca413e+449cfe]
	chromedriver!GetHandleVerifier [0x7ff6d395c9ce+10258e]
	chromedriver!(No symbol) [0x7ff6d3790545]
	chromedriver!(No symbol) [0x7ff6d378b6a4]
	chromedriver!(No symbol) [0x7ff6d378b834]
	chromedriver!(No symbol) [0x7ff6d377601c]
	KERNEL32!BaseThreadInitThunk [0x7ffdc53fcd87+17]
	ntdll!RtlUserThreadStart [0x7ffdc6dccaec+2c]
 (Line: 353) [app.py]
DEBUG (15/09/2026 09:12:26): POST http://localhost:62331/session/f81b76abdd2c93f3ee341da095e31ca1/actions {'actions': [{'type': 'pointer', 'parameters': {'pointerType': 'mouse'}, 'id': 'mouse', 'actions': [{'type': 'pointerMove', 'duration': 250, 'x': 0, 'y': 0, 'origin': {'element-6066-11e4-a52e-4f735466cecf': 'f.4F43718FA93D6414267F90606F9738F8.d.73DE072F9BBF56441B37337F442B5794.e.559'}}]}, {'type': 'key', 'id': 'key', 'actions': [{'type': 'pause', 'duration': 0}]}]} (Line: 403) [remote_connection.py]
DEBUG (15/09/2026 09:12:26): http://localhost:62331 "POST /session/f81b76abdd2c93f3ee341da095e31ca1/actions HTTP/1.1" 200 0 (Line: 544) [connectionpool.py]
DEBUG (15/09/2026 09:12:26): Remote response: status=200 | data={"value":null} | headers=HTTPHeaderDict({'Content-Length': '14', 'Content-Type': 'application/json; charset=utf-8', 'cache-control': 'no-cache'}) (Line: 436) [remote_connection.py]
DEBUG (15/09/2026 09:12:26): Finished Request (Line: 465) [remote_connection.py]
DEBUG (15/09/2026 09:12:27): POST http://localhost:62331/session/f81b76abdd2c93f3ee341da095e31ca1/execute/sync {'script': '/* isDisplayed */return (function(){return (function(){var g=this||self;\nfunction aa(a){var b=typeof...', 'args': [{'element-6066-11e4-a52e-4f735466cecf': 'f.4F43718FA93D6414267F90606F9738F8.d.73DE072F9BBF56441B37337F442B5794.e.559'}]} (Line: 403) [remote_connection.py]
DEBUG (15/09/2026 09:12:27): http://localhost:62331 "POST /session/f81b76abdd2c93f3ee341da095e31ca1/execute/sync HTTP/1.1" 200 0 (Line: 544) [connectionpool.py]
DEBUG (15/09/2026 09:12:27): Remote response: status=200 | data={"value":true} | headers=HTTPHeaderDict({'Content-Length': '14', 'Content-Type': 'application/json; charset=utf-8', 'cache-control': 'no-cache'}) (Line: 436) [remote_connection.py]
DEBUG (15/09/2026 09:12:27): Finished Request (Line: 465) [remote_connection.py]
DEBUG (15/09/2026 09:12:27): GET http://localhost:62331/session/f81b76abdd2c93f3ee341da095e31ca1/element/f.4F43718FA93D6414267F90606F9738F8.d.73DE072F9BBF56441B37337F442B5794.e.559/enabled {} (Line: 403) [remote_connection.py]
DEBUG (15/09/2026 09:12:27): http://localhost:62331 "GET /session/f81b76abdd2c93f3ee341da095e31ca1/element/f.4F43718FA93D6414267F90606F9738F8.d.73DE072F9BBF56441B37337F442B5794.e.559/enabled HTTP/1.1" 200 0 (Line: 544) [connectionpool.py]
DEBUG (15/09/2026 09:12:27): Remote response: status=200 | data={"value":true} | headers=HTTPHeaderDict({'Content-Length': '14', 'Content-Type': 'application/json; charset=utf-8', 'cache-control': 'no-cache'}) (Line: 436) [remote_connection.py]
DEBUG (15/09/2026 09:12:27): Finished Request (Line: 465) [remote_connection.py]
DEBUG (15/09/2026 09:12:27): POST http://localhost:62331/session/f81b76abdd2c93f3ee341da095e31ca1/element/f.4F43718FA93D6414267F90606F9738F8.d.73DE072F9BBF56441B37337F442B5794.e.559/click {} (Line: 403) [remote_connection.py]
DEBUG (15/09/2026 09:12:28): http://localhost:62331 "POST /session/f81b76abdd2c93f3ee341da095e31ca1/element/f.4F43718FA93D6414267F90606F9738F8.d.73DE072F9BBF56441B37337F442B5794.e.559/click HTTP/1.1" 400 0 (Line: 544) [connectionpool.py]
DEBUG (15/09/2026 09:12:28): Remote response: status=400 | data={"value":{"error":"element click intercepted","message":"element click intercepted: Element \u003Cspan class=\"_1e65qgv\">...\u003C/span> is not clickable at point (240, 847). Other element would receive the click: \u003Cdiv class=\"_s67w0q\">...\u003C/div>\n  (Session info: chrome=153.0.8010.36)","stacktrace":"\tchromedriver!GetHandleVerifier [0x7ff6d385ff25+5ae5]\n\tchromedriver!(No symbol) [0x7ff6d3782210]\n\tchromedriver!(No symbol) [0x7ff6d35a4a9d]\n\tchromedriver!(No symbol) [0x7ff6d3608283]\n\tchromedriver!(No symbol) [0x7ff6d3605e8a]\n\tchromedriver!(No symbol) [0x7ff6d36031c7]\n\tchromedriver!(No symbol) [0x7ff6d3602080]\n\tchromedriver!(No symbol) [0x7ff6d35f4018]\n\tchromedriver!(No symbol) [0x7ff6d36298fa]\n\tchromedriver!(No symbol) [0x7ff6d35f3896]\n\tchromedriver!(No symbol) [0x7ff6d36500df]\n\tchromedriver!(No symbol) [0x7ff6d35f2202]\n\tchromedriver!(No symbol) [0x7ff6d35f3013]\n\tchromedriver!GetHandleVerifier [0x7ff6d3c84231+429df1]\n\tchromedriver!GetHandleVerifier [0x7ff6d3cafce7+4558a7]\n\tchromedriver!GetHandleVerifier [0x7ff6d3ca413e+449cfe]\n\tchromedriver!GetHandleVerifier [0x7ff6d395c9ce+10258e]\n\tchromedriver!(No symbol) [0x7ff6d3790545]\n\tchromedriver!(No symbol) [0x7ff6d378b6a4]\n\tchromedriver!(No symbol) [0x7ff6d378b834]\n\tchromedriver!(No symbol) [0x7ff6d377601c]\n\tKERNEL32!BaseThreadInitThunk [0x7ffdc53fcd87+17]\n\tntdll!RtlUserThreadStart [0x7ffdc6dccaec+2c]\n"}} | headers=HTTPHeaderDict({'Content-Length': '1424', 'Content-Type': 'application/json; charset=utf-8', 'cache-control': 'no-cache'}) (Line: 436) [remote_connection.py]
DEBUG (15/09/2026 09:12:28): Finished Request (Line: 465) [remote_connection.py]
WARNING (15/09/2026 09:12:28): Ошибка клика на 'Показать больше': Message: element click intercepted: Element <span class="_1e65qgv">...</span> is not clickable at point (240, 847). Other element would receive the click: <div class="_s67w0q">...</div>
  (Session info: chrome=153.0.8010.36); For documentation on this error, please visit: https://www.selenium.dev/documentation/webdriver/troubleshooting/errors#elementclickinterceptedexception
Stacktrace:
	chromedriver!GetHandleVerifier [0x7ff6d385ff25+5ae5]
	chromedriver!(No symbol) [0x7ff6d3782210]
	chromedriver!(No symbol) [0x7ff6d35a4a9d]
	chromedriver!(No symbol) [0x7ff6d3608283]
	chromedriver!(No symbol) [0x7ff6d3605e8a]
	chromedriver!(No symbol) [0x7ff6d36031c7]
	chromedriver!(No symbol) [0x7ff6d3602080]
	chromedriver!(No symbol) [0x7ff6d35f4018]
	chromedriver!(No symbol) [0x7ff6d36298fa]
	chromedriver!(No symbol) [0x7ff6d35f3896]
	chromedriver!(No symbol) [0x7ff6d36500df]
	chromedriver!(No symbol) [0x7ff6d35f2202]
	chromedriver!(No symbol) [0x7ff6d35f3013]
	chromedriver!GetHandleVerifier [0x7ff6d3c84231+429df1]
	chromedriver!GetHandleVerifier [0x7ff6d3cafce7+4558a7]
	chromedriver!GetHandleVerifier [0x7ff6d3ca413e+449cfe]
	chromedriver!GetHandleVerifier [0x7ff6d395c9ce+10258e]
	chromedriver!(No symbol) [0x7ff6d3790545]
	chromedriver!(No symbol) [0x7ff6d378b6a4]
	chromedriver!(No symbol) [0x7ff6d378b834]
	chromedriver!(No symbol) [0x7ff6d377601c]
	KERNEL32!BaseThreadInitThunk [0x7ffdc53fcd87+17]
	ntdll!RtlUserThreadStart [0x7ffdc6dccaec+2c]
 (Line: 353) [app.py]
DEBUG (15/09/2026 09:12:28): POST http://localhost:62331/session/f81b76abdd2c93f3ee341da095e31ca1/actions {'actions': [{'type': 'pointer', 'parameters': {'pointerType': 'mouse'}, 'id': 'mouse', 'actions': [{'type': 'pointerMove', 'duration': 250, 'x': 0, 'y': 0, 'origin': {'element-6066-11e4-a52e-4f735466cecf': 'f.4F43718FA93D6414267F90606F9738F8.d.73DE072F9BBF56441B37337F442B5794.e.560'}}]}, {'type': 'key', 'id': 'key', 'actions': [{'type': 'pause', 'duration': 0}]}]} (Line: 403) [remote_connection.py]
DEBUG (15/09/2026 09:12:29): http://localhost:62331 "POST /session/f81b76abdd2c93f3ee341da095e31ca1/actions HTTP/1.1" 200 0 (Line: 544) [connectionpool.py]
DEBUG (15/09/2026 09:12:29): Remote response: status=200 | data={"value":null} | headers=HTTPHeaderDict({'Content-Length': '14', 'Content-Type': 'application/json; charset=utf-8', 'cache-control': 'no-cache'}) (Line: 436) [remote_connection.py]
DEBUG (15/09/2026 09:12:29): Finished Request (Line: 465) [remote_connection.py]
DEBUG (15/09/2026 09:12:30): POST http://localhost:62331/session/f81b76abdd2c93f3ee341da095e31ca1/execute/sync {'script': '/* isDisplayed */return (function(){return (function(){var g=this||self;\nfunction aa(a){var b=typeof...', 'args': [{'element-6066-11e4-a52e-4f735466cecf': 'f.4F43718FA93D6414267F90606F9738F8.d.73DE072F9BBF56441B37337F442B5794.e.560'}]} (Line: 403) [remote_connection.py]
DEBUG (15/09/2026 09:12:30): http://localhost:62331 "POST /session/f81b76abdd2c93f3ee341da095e31ca1/execute/sync HTTP/1.1" 200 0 (Line: 544) [connectionpool.py]
DEBUG (15/09/2026 09:12:30): Remote response: status=200 | data={"value":true} | headers=HTTPHeaderDict({'Content-Length': '14', 'Content-Type': 'application/json; charset=utf-8', 'cache-control': 'no-cache'}) (Line: 436) [remote_connection.py]
DEBUG (15/09/2026 09:12:30): Finished Request (Line: 465) [remote_connection.py]
DEBUG (15/09/2026 09:12:30): GET http://localhost:62331/session/f81b76abdd2c93f3ee341da095e31ca1/element/f.4F43718FA93D6414267F90606F9738F8.d.73DE072F9BBF56441B37337F442B5794.e.560/enabled {} (Line: 403) [remote_connection.py]
DEBUG (15/09/2026 09:12:30): http://localhost:62331 "GET /session/f81b76abdd2c93f3ee341da095e31ca1/element/f.4F43718FA93D6414267F90606F9738F8.d.73DE072F9BBF56441B37337F442B5794.e.560/enabled HTTP/1.1" 200 0 (Line: 544) [connectionpool.py]
DEBUG (15/09/2026 09:12:30): Remote response: status=200 | data={"value":true} | headers=HTTPHeaderDict({'Content-Length': '14', 'Content-Type': 'application/json; charset=utf-8', 'cache-control': 'no-cache'}) (Line: 436) [remote_connection.py]
DEBUG (15/09/2026 09:12:30): Finished Request (Line: 465) [remote_connection.py]
DEBUG (15/09/2026 09:12:30): POST http://localhost:62331/session/f81b76abdd2c93f3ee341da095e31ca1/element/f.4F43718FA93D6414267F90606F9738F8.d.73DE072F9BBF56441B37337F442B5794.e.560/click {} (Line: 403) [remote_connection.py]
DEBUG (15/09/2026 09:12:31): http://localhost:62331 "POST /session/f81b76abdd2c93f3ee341da095e31ca1/element/f.4F43718FA93D6414267F90606F9738F8.d.73DE072F9BBF56441B37337F442B5794.e.560/click HTTP/1.1" 400 0 (Line: 544) [connectionpool.py]
DEBUG (15/09/2026 09:12:31): Remote response: status=400 | data={"value":{"error":"element click intercepted","message":"element click intercepted: Element \u003Cspan class=\"_1e65qgv\">...\u003C/span> is not clickable at point (240, 847). Other element would receive the click: \u003Cdiv class=\"_s67w0q\">...\u003C/div>\n  (Session info: chrome=153.0.8010.36)","stacktrace":"\tchromedriver!GetHandleVerifier [0x7ff6d385ff25+5ae5]\n\tchromedriver!(No symbol) [0x7ff6d3782210]\n\tchromedriver!(No symbol) [0x7ff6d35a4a9d]\n\tchromedriver!(No symbol) [0x7ff6d3608283]\n\tchromedriver!(No symbol) [0x7ff6d3605e8a]\n\tchromedriver!(No symbol) [0x7ff6d36031c7]\n\tchromedriver!(No symbol) [0x7ff6d3602080]\n\tchromedriver!(No symbol) [0x7ff6d35f4018]\n\tchromedriver!(No symbol) [0x7ff6d36298fa]\n\tchromedriver!(No symbol) [0x7ff6d35f3896]\n\tchromedriver!(No symbol) [0x7ff6d36500df]\n\tchromedriver!(No symbol) [0x7ff6d35f2202]\n\tchromedriver!(No symbol) [0x7ff6d35f3013]\n\tchromedriver!GetHandleVerifier [0x7ff6d3c84231+429df1]\n\tchromedriver!GetHandleVerifier [0x7ff6d3cafce7+4558a7]\n\tchromedriver!GetHandleVerifier [0x7ff6d3ca413e+449cfe]\n\tchromedriver!GetHandleVerifier [0x7ff6d395c9ce+10258e]\n\tchromedriver!(No symbol) [0x7ff6d3790545]\n\tchromedriver!(No symbol) [0x7ff6d378b6a4]\n\tchromedriver!(No symbol) [0x7ff6d378b834]\n\tchromedriver!(No symbol) [0x7ff6d377601c]\n\tKERNEL32!BaseThreadInitThunk [0x7ffdc53fcd87+17]\n\tntdll!RtlUserThreadStart [0x7ffdc6dccaec+2c]\n"}} | headers=HTTPHeaderDict({'Content-Length': '1424', 'Content-Type': 'application/json; charset=utf-8', 'cache-control': 'no-cache'}) (Line: 436) [remote_connection.py]
DEBUG (15/09/2026 09:12:31): Finished Request (Line: 465) [remote_connection.py]
WARNING (15/09/2026 09:12:31): Ошибка клика на 'Показать больше': Message: element click intercepted: Element <span class="_1e65qgv">...</span> is not clickable at point (240, 847). Other element would receive the click: <div class="_s67w0q">...</div>
  (Session info: chrome=153.0.8010.36); For documentation on this error, please visit: https://www.selenium.dev/documentation/webdriver/troubleshooting/errors#elementclickinterceptedexception
Stacktrace:
	chromedriver!GetHandleVerifier [0x7ff6d385ff25+5ae5]
	chromedriver!(No symbol) [0x7ff6d3782210]
	chromedriver!(No symbol) [0x7ff6d35a4a9d]
	chromedriver!(No symbol) [0x7ff6d3608283]
	chromedriver!(No symbol) [0x7ff6d3605e8a]
	chromedriver!(No symbol) [0x7ff6d36031c7]
	chromedriver!(No symbol) [0x7ff6d3602080]
	chromedriver!(No symbol) [0x7ff6d35f4018]
	chromedriver!(No symbol) [0x7ff6d36298fa]
	chromedriver!(No symbol) [0x7ff6d35f3896]
	chromedriver!(No symbol) [0x7ff6d36500df]
	chromedriver!(No symbol) [0x7ff6d35f2202]
	chromedriver!(No symbol) [0x7ff6d35f3013]
	chromedriver!GetHandleVerifier [0x7ff6d3c84231+429df1]
	chromedriver!GetHandleVerifier [0x7ff6d3cafce7+4558a7]
	chromedriver!GetHandleVerifier [0x7ff6d3ca413e+449cfe]
	chromedriver!GetHandleVerifier [0x7ff6d395c9ce+10258e]
	chromedriver!(No symbol) [0x7ff6d3790545]
	chromedriver!(No symbol) [0x7ff6d378b6a4]
	chromedriver!(No symbol) [0x7ff6d378b834]
	chromedriver!(No symbol) [0x7ff6d377601c]
	KERNEL32!BaseThreadInitThunk [0x7ffdc53fcd87+17]
	ntdll!RtlUserThreadStart [0x7ffdc6dccaec+2c]
 (Line: 353) [app.py]
DEBUG (15/09/2026 09:12:31): POST http://localhost:62331/session/f81b76abdd2c93f3ee341da095e31ca1/actions {'actions': [{'type': 'pointer', 'parameters': {'pointerType': 'mouse'}, 'id': 'mouse', 'actions': [{'type': 'pointerMove', 'duration': 250, 'x': 0, 'y': 0, 'origin': {'element-6066-11e4-a52e-4f735466cecf': 'f.4F43718FA93D6414267F90606F9738F8.d.73DE072F9BBF56441B37337F442B5794.e.561'}}]}, {'type': 'key', 'id': 'key', 'actions': [{'type': 'pause', 'duration': 0}]}]} (Line: 403) [remote_connection.py]
DEBUG (15/09/2026 09:12:31): http://localhost:62331 "POST /session/f81b76abdd2c93f3ee341da095e31ca1/actions HTTP/1.1" 200 0 (Line: 544) [connectionpool.py]
DEBUG (15/09/2026 09:12:31): Remote response: status=200 | data={"value":null} | headers=HTTPHeaderDict({'Content-Length': '14', 'Content-Type': 'application/json; charset=utf-8', 'cache-control': 'no-cache'}) (Line: 436) [remote_connection.py]
DEBUG (15/09/2026 09:12:31): Finished Request (Line: 465) [remote_connection.py]
DEBUG (15/09/2026 09:12:33): POST http://localhost:62331/session/f81b76abdd2c93f3ee341da095e31ca1/execute/sync {'script': '/* isDisplayed */return (function(){return (function(){var g=this||self;\nfunction aa(a){var b=typeof...', 'args': [{'element-6066-11e4-a52e-4f735466cecf': 'f.4F43718FA93D6414267F90606F9738F8.d.73DE072F9BBF56441B37337F442B5794.e.561'}]} (Line: 403) [remote_connection.py]
DEBUG (15/09/2026 09:12:33): http://localhost:62331 "POST /session/f81b76abdd2c93f3ee341da095e31ca1/execute/sync HTTP/1.1" 200 0 (Line: 544) [connectionpool.py]
DEBUG (15/09/2026 09:12:33): Remote response: status=200 | data={"value":true} | headers=HTTPHeaderDict({'Content-Length': '14', 'Content-Type': 'application/json; charset=utf-8', 'cache-control': 'no-cache'}) (Line: 436) [remote_connection.py]
DEBUG (15/09/2026 09:12:33): Finished Request (Line: 465) [remote_connection.py]
DEBUG (15/09/2026 09:12:33): GET http://localhost:62331/session/f81b76abdd2c93f3ee341da095e31ca1/element/f.4F43718FA93D6414267F90606F9738F8.d.73DE072F9BBF56441B37337F442B5794.e.561/enabled {} (Line: 403) [remote_connection.py]
DEBUG (15/09/2026 09:12:33): http://localhost:62331 "GET /session/f81b76abdd2c93f3ee341da095e31ca1/element/f.4F43718FA93D6414267F90606F9738F8.d.73DE072F9BBF56441B37337F442B5794.e.561/enabled HTTP/1.1" 200 0 (Line: 544) [connectionpool.py]
DEBUG (15/09/2026 09:12:33): Remote response: status=200 | data={"value":true} | headers=HTTPHeaderDict({'Content-Length': '14', 'Content-Type': 'application/json; charset=utf-8', 'cache-control': 'no-cache'}) (Line: 436) [remote_connection.py]
DEBUG (15/09/2026 09:12:33): Finished Request (Line: 465) [remote_connection.py]
DEBUG (15/09/2026 09:12:33): POST http://localhost:62331/session/f81b76abdd2c93f3ee341da095e31ca1/element/f.4F43718FA93D6414267F90606F9738F8.d.73DE072F9BBF56441B37337F442B5794.e.561/click {} (Line: 403) [remote_connection.py]
DEBUG (15/09/2026 09:12:34): http://localhost:62331 "POST /session/f81b76abdd2c93f3ee341da095e31ca1/element/f.4F43718FA93D6414267F90606F9738F8.d.73DE072F9BBF56441B37337F442B5794.e.561/click HTTP/1.1" 400 0 (Line: 544) [connectionpool.py]
DEBUG (15/09/2026 09:12:34): Remote response: status=400 | data={"value":{"error":"element click intercepted","message":"element click intercepted: Element \u003Cspan class=\"_1e65qgv\">...\u003C/span> is not clickable at point (240, 848). Other element would receive the click: \u003Cdiv class=\"_s67w0q\">...\u003C/div>\n  (Session info: chrome=153.0.8010.36)","stacktrace":"\tchromedriver!GetHandleVerifier [0x7ff6d385ff25+5ae5]\n\tchromedriver!(No symbol) [0x7ff6d3782210]\n\tchromedriver!(No symbol) [0x7ff6d35a4a9d]\n\tchromedriver!(No symbol) [0x7ff6d3608283]\n\tchromedriver!(No symbol) [0x7ff6d3605e8a]\n\tchromedriver!(No symbol) [0x7ff6d36031c7]\n\tchromedriver!(No symbol) [0x7ff6d3602080]\n\tchromedriver!(No symbol) [0x7ff6d35f4018]\n\tchromedriver!(No symbol) [0x7ff6d36298fa]\n\tchromedriver!(No symbol) [0x7ff6d35f3896]\n\tchromedriver!(No symbol) [0x7ff6d36500df]\n\tchromedriver!(No symbol) [0x7ff6d35f2202]\n\tchromedriver!(No symbol) [0x7ff6d35f3013]\n\tchromedriver!GetHandleVerifier [0x7ff6d3c84231+429df1]\n\tchromedriver!GetHandleVerifier [0x7ff6d3cafce7+4558a7]\n\tchromedriver!GetHandleVerifier [0x7ff6d3ca413e+449cfe]\n\tchromedriver!GetHandleVerifier [0x7ff6d395c9ce+10258e]\n\tchromedriver!(No symbol) [0x7ff6d3790545]\n\tchromedriver!(No symbol) [0x7ff6d378b6a4]\n\tchromedriver!(No symbol) [0x7ff6d378b834]\n\tchromedriver!(No symbol) [0x7ff6d377601c]\n\tKERNEL32!BaseThreadInitThunk [0x7ffdc53fcd87+17]\n\tntdll!RtlUserThreadStart [0x7ffdc6dccaec+2c]\n"}} | headers=HTTPHeaderDict({'Content-Length': '1424', 'Content-Type': 'application/json; charset=utf-8', 'cache-control': 'no-cache'}) (Line: 436) [remote_connection.py]
DEBUG (15/09/2026 09:12:34): Finished Request (Line: 465) [remote_connection.py]
WARNING (15/09/2026 09:12:34): Ошибка клика на 'Показать больше': Message: element click intercepted: Element <span class="_1e65qgv">...</span> is not clickable at point (240, 848). Other element would receive the click: <div class="_s67w0q">...</div>
  (Session info: chrome=153.0.8010.36); For documentation on this error, please visit: https://www.selenium.dev/documentation/webdriver/troubleshooting/errors#elementclickinterceptedexception
Stacktrace:
	chromedriver!GetHandleVerifier [0x7ff6d385ff25+5ae5]
	chromedriver!(No symbol) [0x7ff6d3782210]
	chromedriver!(No symbol) [0x7ff6d35a4a9d]
	chromedriver!(No symbol) [0x7ff6d3608283]
	chromedriver!(No symbol) [0x7ff6d3605e8a]
	chromedriver!(No symbol) [0x7ff6d36031c7]
	chromedriver!(No symbol) [0x7ff6d3602080]
	chromedriver!(No symbol) [0x7ff6d35f4018]
	chromedriver!(No symbol) [0x7ff6d36298fa]
	chromedriver!(No symbol) [0x7ff6d35f3896]
	chromedriver!(No symbol) [0x7ff6d36500df]
	chromedriver!(No symbol) [0x7ff6d35f2202]
	chromedriver!(No symbol) [0x7ff6d35f3013]
	chromedriver!GetHandleVerifier [0x7ff6d3c84231+429df1]
	chromedriver!GetHandleVerifier [0x7ff6d3cafce7+4558a7]
	chromedriver!GetHandleVerifier [0x7ff6d3ca413e+449cfe]
	chromedriver!GetHandleVerifier [0x7ff6d395c9ce+10258e]
	chromedriver!(No symbol) [0x7ff6d3790545]
	chromedriver!(No symbol) [0x7ff6d378b6a4]
	chromedriver!(No symbol) [0x7ff6d378b834]
	chromedriver!(No symbol) [0x7ff6d377601c]
	KERNEL32!BaseThreadInitThunk [0x7ffdc53fcd87+17]
	ntdll!RtlUserThreadStart [0x7ffdc6dccaec+2c]
 (Line: 353) [app.py]
DEBUG (15/09/2026 09:12:34): POST http://localhost:62331/session/f81b76abdd2c93f3ee341da095e31ca1/actions {'actions': [{'type': 'pointer', 'parameters': {'pointerType': 'mouse'}, 'id': 'mouse', 'actions': [{'type': 'pointerMove', 'duration': 250, 'x': 0, 'y': 0, 'origin': {'element-6066-11e4-a52e-4f735466cecf': 'f.4F43718FA93D6414267F90606F9738F8.d.73DE072F9BBF56441B37337F442B5794.e.562'}}]}, {'type': 'key', 'id': 'key', 'actions': [{'type': 'pause', 'duration': 0}]}]} (Line: 403) [remote_connection.py]
DEBUG (15/09/2026 09:12:34): http://localhost:62331 "POST /session/f81b76abdd2c93f3ee341da095e31ca1/actions HTTP/1.1" 200 0 (Line: 544) [connectionpool.py]
DEBUG (15/09/2026 09:12:34): Remote response: status=200 | data={"value":null} | headers=HTTPHeaderDict({'Content-Length': '14', 'Content-Type': 'application/json; charset=utf-8', 'cache-control': 'no-cache'}) (Line: 436) [remote_connection.py]
DEBUG (15/09/2026 09:12:34): Finished Request (Line: 465) [remote_connection.py]
DEBUG (15/09/2026 09:12:36): POST http://localhost:62331/session/f81b76abdd2c93f3ee341da095e31ca1/execute/sync {'script': '/* isDisplayed */return (function(){return (function(){var g=this||self;\nfunction aa(a){var b=typeof...', 'args': [{'element-6066-11e4-a52e-4f735466cecf': 'f.4F43718FA93D6414267F90606F9738F8.d.73DE072F9BBF56441B37337F442B5794.e.562'}]} (Line: 403) [remote_connection.py]
DEBUG (15/09/2026 09:12:36): http://localhost:62331 "POST /session/f81b76abdd2c93f3ee341da095e31ca1/execute/sync HTTP/1.1" 200 0 (Line: 544) [connectionpool.py]
DEBUG (15/09/2026 09:12:36): Remote response: status=200 | data={"value":true} | headers=HTTPHeaderDict({'Content-Length': '14', 'Content-Type': 'application/json; charset=utf-8', 'cache-control': 'no-cache'}) (Line: 436) [remote_connection.py]
DEBUG (15/09/2026 09:12:36): Finished Request (Line: 465) [remote_connection.py]
DEBUG (15/09/2026 09:12:36): GET http://localhost:62331/session/f81b76abdd2c93f3ee341da095e31ca1/element/f.4F43718FA93D6414267F90606F9738F8.d.73DE072F9BBF56441B37337F442B5794.e.562/enabled {} (Line: 403) [remote_connection.py]
DEBUG (15/09/2026 09:12:36): http://localhost:62331 "GET /session/f81b76abdd2c93f3ee341da095e31ca1/element/f.4F43718FA93D6414267F90606F9738F8.d.73DE072F9BBF56441B37337F442B5794.e.562/enabled HTTP/1.1" 200 0 (Line: 544) [connectionpool.py]
DEBUG (15/09/2026 09:12:36): Remote response: status=200 | data={"value":true} | headers=HTTPHeaderDict({'Content-Length': '14', 'Content-Type': 'application/json; charset=utf-8', 'cache-control': 'no-cache'}) (Line: 436) [remote_connection.py]
DEBUG (15/09/2026 09:12:36): Finished Request (Line: 465) [remote_connection.py]
DEBUG (15/09/2026 09:12:36): POST http://localhost:62331/session/f81b76abdd2c93f3ee341da095e31ca1/element/f.4F43718FA93D6414267F90606F9738F8.d.73DE072F9BBF56441B37337F442B5794.e.562/click {} (Line: 403) [remote_connection.py]
DEBUG (15/09/2026 09:12:37): http://localhost:62331 "POST /session/f81b76abdd2c93f3ee341da095e31ca1/element/f.4F43718FA93D6414267F90606F9738F8.d.73DE072F9BBF56441B37337F442B5794.e.562/click HTTP/1.1" 400 0 (Line: 544) [connectionpool.py]
DEBUG (15/09/2026 09:12:37): Remote response: status=400 | data={"value":{"error":"element click intercepted","message":"element click intercepted: Element \u003Cspan class=\"_1e65qgv\">...\u003C/span> is not clickable at point (240, 848). Other element would receive the click: \u003Cdiv class=\"_s67w0q\">...\u003C/div>\n  (Session info: chrome=153.0.8010.36)","stacktrace":"\tchromedriver!GetHandleVerifier [0x7ff6d385ff25+5ae5]\n\tchromedriver!(No symbol) [0x7ff6d3782210]\n\tchromedriver!(No symbol) [0x7ff6d35a4a9d]\n\tchromedriver!(No symbol) [0x7ff6d3608283]\n\tchromedriver!(No symbol) [0x7ff6d3605e8a]\n\tchromedriver!(No symbol) [0x7ff6d36031c7]\n\tchromedriver!(No symbol) [0x7ff6d3602080]\n\tchromedriver!(No symbol) [0x7ff6d35f4018]\n\tchromedriver!(No symbol) [0x7ff6d36298fa]\n\tchromedriver!(No symbol) [0x7ff6d35f3896]\n\tchromedriver!(No symbol) [0x7ff6d36500df]\n\tchromedriver!(No symbol) [0x7ff6d35f2202]\n\tchromedriver!(No symbol) [0x7ff6d35f3013]\n\tchromedriver!GetHandleVerifier [0x7ff6d3c84231+429df1]\n\tchromedriver!GetHandleVerifier [0x7ff6d3cafce7+4558a7]\n\tchromedriver!GetHandleVerifier [0x7ff6d3ca413e+449cfe]\n\tchromedriver!GetHandleVerifier [0x7ff6d395c9ce+10258e]\n\tchromedriver!(No symbol) [0x7ff6d3790545]\n\tchromedriver!(No symbol) [0x7ff6d378b6a4]\n\tchromedriver!(No symbol) [0x7ff6d378b834]\n\tchromedriver!(No symbol) [0x7ff6d377601c]\n\tKERNEL32!BaseThreadInitThunk [0x7ffdc53fcd87+17]\n\tntdll!RtlUserThreadStart [0x7ffdc6dccaec+2c]\n"}} | headers=HTTPHeaderDict({'Content-Length': '1424', 'Content-Type': 'application/json; charset=utf-8', 'cache-control': 'no-cache'}) (Line: 436) [remote_connection.py]
DEBUG (15/09/2026 09:12:37): Finished Request (Line: 465) [remote_connection.py]
WARNING (15/09/2026 09:12:37): Ошибка клика на 'Показать больше': Message: element click intercepted: Element <span class="_1e65qgv">...</span> is not clickable at point (240, 848). Other element would receive the click: <div class="_s67w0q">...</div>
  (Session info: chrome=153.0.8010.36); For documentation on this error, please visit: https://www.selenium.dev/documentation/webdriver/troubleshooting/errors#elementclickinterceptedexception
Stacktrace:
	chromedriver!GetHandleVerifier [0x7ff6d385ff25+5ae5]
	chromedriver!(No symbol) [0x7ff6d3782210]
	chromedriver!(No symbol) [0x7ff6d35a4a9d]
	chromedriver!(No symbol) [0x7ff6d3608283]
	chromedriver!(No symbol) [0x7ff6d3605e8a]
	chromedriver!(No symbol) [0x7ff6d36031c7]
	chromedriver!(No symbol) [0x7ff6d3602080]
	chromedriver!(No symbol) [0x7ff6d35f4018]
	chromedriver!(No symbol) [0x7ff6d36298fa]
	chromedriver!(No symbol) [0x7ff6d35f3896]
	chromedriver!(No symbol) [0x7ff6d36500df]
	chromedriver!(No symbol) [0x7ff6d35f2202]
	chromedriver!(No symbol) [0x7ff6d35f3013]
	chromedriver!GetHandleVerifier [0x7ff6d3c84231+429df1]
	chromedriver!GetHandleVerifier [0x7ff6d3cafce7+4558a7]
	chromedriver!GetHandleVerifier [0x7ff6d3ca413e+449cfe]
	chromedriver!GetHandleVerifier [0x7ff6d395c9ce+10258e]
	chromedriver!(No symbol) [0x7ff6d3790545]
	chromedriver!(No symbol) [0x7ff6d378b6a4]
	chromedriver!(No symbol) [0x7ff6d378b834]
	chromedriver!(No symbol) [0x7ff6d377601c]
	KERNEL32!BaseThreadInitThunk [0x7ffdc53fcd87+17]
	ntdll!RtlUserThreadStart [0x7ffdc6dccaec+2c]
 (Line: 353) [app.py]
DEBUG (15/09/2026 09:12:37): POST http://localhost:62331/session/f81b76abdd2c93f3ee341da095e31ca1/actions {'actions': [{'type': 'pointer', 'parameters': {'pointerType': 'mouse'}, 'id': 'mouse', 'actions': [{'type': 'pointerMove', 'duration': 250, 'x': 0, 'y': 0, 'origin': {'element-6066-11e4-a52e-4f735466cecf': 'f.4F43718FA93D6414267F90606F9738F8.d.73DE072F9BBF56441B37337F442B5794.e.563'}}]}, {'type': 'key', 'id': 'key', 'actions': [{'type': 'pause', 'duration': 0}]}]} (Line: 403) [remote_connection.py]
DEBUG (15/09/2026 09:12:37): http://localhost:62331 "POST /session/f81b76abdd2c93f3ee341da095e31ca1/actions HTTP/1.1" 200 0 (Line: 544) [connectionpool.py]
DEBUG (15/09/2026 09:12:37): Remote response: status=200 | data={"value":null} | headers=HTTPHeaderDict({'Content-Length': '14', 'Content-Type': 'application/json; charset=utf-8', 'cache-control': 'no-cache'}) (Line: 436) [remote_connection.py]
DEBUG (15/09/2026 09:12:37): Finished Request (Line: 465) [remote_connection.py]
DEBUG (15/09/2026 09:12:39): POST http://localhost:62331/session/f81b76abdd2c93f3ee341da095e31ca1/execute/sync {'script': '/* isDisplayed */return (function(){return (function(){var g=this||self;\nfunction aa(a){var b=typeof...', 'args': [{'element-6066-11e4-a52e-4f735466cecf': 'f.4F43718FA93D6414267F90606F9738F8.d.73DE072F9BBF56441B37337F442B5794.e.563'}]} (Line: 403) [remote_connection.py]
DEBUG (15/09/2026 09:12:39): http://localhost:62331 "POST /session/f81b76abdd2c93f3ee341da095e31ca1/execute/sync HTTP/1.1" 200 0 (Line: 544) [connectionpool.py]
DEBUG (15/09/2026 09:12:39): Remote response: status=200 | data={"value":true} | headers=HTTPHeaderDict({'Content-Length': '14', 'Content-Type': 'application/json; charset=utf-8', 'cache-control': 'no-cache'}) (Line: 436) [remote_connection.py]
DEBUG (15/09/2026 09:12:39): Finished Request (Line: 465) [remote_connection.py]
DEBUG (15/09/2026 09:12:39): GET http://localhost:62331/session/f81b76abdd2c93f3ee341da095e31ca1/element/f.4F43718FA93D6414267F90606F9738F8.d.73DE072F9BBF56441B37337F442B5794.e.563/enabled {} (Line: 403) [remote_connection.py]
DEBUG (15/09/2026 09:12:39): http://localhost:62331 "GET /session/f81b76abdd2c93f3ee341da095e31ca1/element/f.4F43718FA93D6414267F90606F9738F8.d.73DE072F9BBF56441B37337F442B5794.e.563/enabled HTTP/1.1" 200 0 (Line: 544) [connectionpool.py]
DEBUG (15/09/2026 09:12:39): Remote response: status=200 | data={"value":true} | headers=HTTPHeaderDict({'Content-Length': '14', 'Content-Type': 'application/json; charset=utf-8', 'cache-control': 'no-cache'}) (Line: 436) [remote_connection.py]
DEBUG (15/09/2026 09:12:39): Finished Request (Line: 465) [remote_connection.py]
DEBUG (15/09/2026 09:12:39): POST http://localhost:62331/session/f81b76abdd2c93f3ee341da095e31ca1/element/f.4F43718FA93D6414267F90606F9738F8.d.73DE072F9BBF56441B37337F442B5794.e.563/click {} (Line: 403) [remote_connection.py]
DEBUG (15/09/2026 09:12:40): http://localhost:62331 "POST /session/f81b76abdd2c93f3ee341da095e31ca1/element/f.4F43718FA93D6414267F90606F9738F8.d.73DE072F9BBF56441B37337F442B5794.e.563/click HTTP/1.1" 400 0 (Line: 544) [connectionpool.py]
DEBUG (15/09/2026 09:12:40): Remote response: status=400 | data={"value":{"error":"element click intercepted","message":"element click intercepted: Element \u003Cspan class=\"_1e65qgv\">...\u003C/span> is not clickable at point (240, 847). Other element would receive the click: \u003Cdiv class=\"_s67w0q\">...\u003C/div>\n  (Session info: chrome=153.0.8010.36)","stacktrace":"\tchromedriver!GetHandleVerifier [0x7ff6d385ff25+5ae5]\n\tchromedriver!(No symbol) [0x7ff6d3782210]\n\tchromedriver!(No symbol) [0x7ff6d35a4a9d]\n\tchromedriver!(No symbol) [0x7ff6d3608283]\n\tchromedriver!(No symbol) [0x7ff6d3605e8a]\n\tchromedriver!(No symbol) [0x7ff6d36031c7]\n\tchromedriver!(No symbol) [0x7ff6d3602080]\n\tchromedriver!(No symbol) [0x7ff6d35f4018]\n\tchromedriver!(No symbol) [0x7ff6d36298fa]\n\tchromedriver!(No symbol) [0x7ff6d35f3896]\n\tchromedriver!(No symbol) [0x7ff6d36500df]\n\tchromedriver!(No symbol) [0x7ff6d35f2202]\n\tchromedriver!(No symbol) [0x7ff6d35f3013]\n\tchromedriver!GetHandleVerifier [0x7ff6d3c84231+429df1]\n\tchromedriver!GetHandleVerifier [0x7ff6d3cafce7+4558a7]\n\tchromedriver!GetHandleVerifier [0x7ff6d3ca413e+449cfe]\n\tchromedriver!GetHandleVerifier [0x7ff6d395c9ce+10258e]\n\tchromedriver!(No symbol) [0x7ff6d3790545]\n\tchromedriver!(No symbol) [0x7ff6d378b6a4]\n\tchromedriver!(No symbol) [0x7ff6d378b834]\n\tchromedriver!(No symbol) [0x7ff6d377601c]\n\tKERNEL32!BaseThreadInitThunk [0x7ffdc53fcd87+17]\n\tntdll!RtlUserThreadStart [0x7ffdc6dccaec+2c]\n"}} | headers=HTTPHeaderDict({'Content-Length': '1424', 'Content-Type': 'application/json; charset=utf-8', 'cache-control': 'no-cache'}) (Line: 436) [remote_connection.py]
DEBUG (15/09/2026 09:12:40): Finished Request (Line: 465) [remote_connection.py]
WARNING (15/09/2026 09:12:40): Ошибка клика на 'Показать больше': Message: element click intercepted: Element <span class="_1e65qgv">...</span> is not clickable at point (240, 847). Other element would receive the click: <div class="_s67w0q">...</div>
  (Session info: chrome=153.0.8010.36); For documentation on this error, please visit: https://www.selenium.dev/documentation/webdriver/troubleshooting/errors#elementclickinterceptedexception
Stacktrace:
	chromedriver!GetHandleVerifier [0x7ff6d385ff25+5ae5]
	chromedriver!(No symbol) [0x7ff6d3782210]
	chromedriver!(No symbol) [0x7ff6d35a4a9d]
	chromedriver!(No symbol) [0x7ff6d3608283]
	chromedriver!(No symbol) [0x7ff6d3605e8a]
	chromedriver!(No symbol) [0x7ff6d36031c7]
	chromedriver!(No symbol) [0x7ff6d3602080]
	chromedriver!(No symbol) [0x7ff6d35f4018]
	chromedriver!(No symbol) [0x7ff6d36298fa]
	chromedriver!(No symbol) [0x7ff6d35f3896]
	chromedriver!(No symbol) [0x7ff6d36500df]
	chromedriver!(No symbol) [0x7ff6d35f2202]
	chromedriver!(No symbol) [0x7ff6d35f3013]
	chromedriver!GetHandleVerifier [0x7ff6d3c84231+429df1]
	chromedriver!GetHandleVerifier [0x7ff6d3cafce7+4558a7]
	chromedriver!GetHandleVerifier [0x7ff6d3ca413e+449cfe]
	chromedriver!GetHandleVerifier [0x7ff6d395c9ce+10258e]
	chromedriver!(No symbol) [0x7ff6d3790545]
	chromedriver!(No symbol) [0x7ff6d378b6a4]
	chromedriver!(No symbol) [0x7ff6d378b834]
	chromedriver!(No symbol) [0x7ff6d377601c]
	KERNEL32!BaseThreadInitThunk [0x7ffdc53fcd87+17]
	ntdll!RtlUserThreadStart [0x7ffdc6dccaec+2c]
 (Line: 353) [app.py]
DEBUG (15/09/2026 09:12:40): POST http://localhost:62331/session/f81b76abdd2c93f3ee341da095e31ca1/actions {'actions': [{'type': 'pointer', 'parameters': {'pointerType': 'mouse'}, 'id': 'mouse', 'actions': [{'type': 'pointerMove', 'duration': 250, 'x': 0, 'y': 0, 'origin': {'element-6066-11e4-a52e-4f735466cecf': 'f.4F43718FA93D6414267F90606F9738F8.d.73DE072F9BBF56441B37337F442B5794.e.564'}}]}, {'type': 'key', 'id': 'key', 'actions': [{'type': 'pause', 'duration': 0}]}]} (Line: 403) [remote_connection.py]
DEBUG (15/09/2026 09:12:40): http://localhost:62331 "POST /session/f81b76abdd2c93f3ee341da095e31ca1/actions HTTP/1.1" 200 0 (Line: 544) [connectionpool.py]
DEBUG (15/09/2026 09:12:40): Remote response: status=200 | data={"value":null} | headers=HTTPHeaderDict({'Content-Length': '14', 'Content-Type': 'application/json; charset=utf-8', 'cache-control': 'no-cache'}) (Line: 436) [remote_connection.py]
DEBUG (15/09/2026 09:12:40): Finished Request (Line: 465) [remote_connection.py]
DEBUG (15/09/2026 09:12:42): POST http://localhost:62331/session/f81b76abdd2c93f3ee341da095e31ca1/execute/sync {'script': '/* isDisplayed */return (function(){return (function(){var g=this||self;\nfunction aa(a){var b=typeof...', 'args': [{'element-6066-11e4-a52e-4f735466cecf': 'f.4F43718FA93D6414267F90606F9738F8.d.73DE072F9BBF56441B37337F442B5794.e.564'}]} (Line: 403) [remote_connection.py]
DEBUG (15/09/2026 09:12:42): http://localhost:62331 "POST /session/f81b76abdd2c93f3ee341da095e31ca1/execute/sync HTTP/1.1" 200 0 (Line: 544) [connectionpool.py]
DEBUG (15/09/2026 09:12:42): Remote response: status=200 | data={"value":true} | headers=HTTPHeaderDict({'Content-Length': '14', 'Content-Type': 'application/json; charset=utf-8', 'cache-control': 'no-cache'}) (Line: 436) [remote_connection.py]
DEBUG (15/09/2026 09:12:42): Finished Request (Line: 465) [remote_connection.py]
DEBUG (15/09/2026 09:12:42): GET http://localhost:62331/session/f81b76abdd2c93f3ee341da095e31ca1/element/f.4F43718FA93D6414267F90606F9738F8.d.73DE072F9BBF56441B37337F442B5794.e.564/enabled {} (Line: 403) [remote_connection.py]
DEBUG (15/09/2026 09:12:42): http://localhost:62331 "GET /session/f81b76abdd2c93f3ee341da095e31ca1/element/f.4F43718FA93D6414267F90606F9738F8.d.73DE072F9BBF56441B37337F442B5794.e.564/enabled HTTP/1.1" 200 0 (Line: 544) [connectionpool.py]
DEBUG (15/09/2026 09:12:42): Remote response: status=200 | data={"value":true} | headers=HTTPHeaderDict({'Content-Length': '14', 'Content-Type': 'application/json; charset=utf-8', 'cache-control': 'no-cache'}) (Line: 436) [remote_connection.py]
DEBUG (15/09/2026 09:12:42): Finished Request (Line: 465) [remote_connection.py]
DEBUG (15/09/2026 09:12:42): POST http://localhost:62331/session/f81b76abdd2c93f3ee341da095e31ca1/element/f.4F43718FA93D6414267F90606F9738F8.d.73DE072F9BBF56441B37337F442B5794.e.564/click {} (Line: 403) [remote_connection.py]
DEBUG (15/09/2026 09:12:43): http://localhost:62331 "POST /session/f81b76abdd2c93f3ee341da095e31ca1/element/f.4F43718FA93D6414267F90606F9738F8.d.73DE072F9BBF56441B37337F442B5794.e.564/click HTTP/1.1" 400 0 (Line: 544) [connectionpool.py]
DEBUG (15/09/2026 09:12:43): Remote response: status=400 | data={"value":{"error":"element click intercepted","message":"element click intercepted: Element \u003Cspan class=\"_1e65qgv\">...\u003C/span> is not clickable at point (240, 847). Other element would receive the click: \u003Cdiv class=\"_s67w0q\">...\u003C/div>\n  (Session info: chrome=153.0.8010.36)","stacktrace":"\tchromedriver!GetHandleVerifier [0x7ff6d385ff25+5ae5]\n\tchromedriver!(No symbol) [0x7ff6d3782210]\n\tchromedriver!(No symbol) [0x7ff6d35a4a9d]\n\tchromedriver!(No symbol) [0x7ff6d3608283]\n\tchromedriver!(No symbol) [0x7ff6d3605e8a]\n\tchromedriver!(No symbol) [0x7ff6d36031c7]\n\tchromedriver!(No symbol) [0x7ff6d3602080]\n\tchromedriver!(No symbol) [0x7ff6d35f4018]\n\tchromedriver!(No symbol) [0x7ff6d36298fa]\n\tchromedriver!(No symbol) [0x7ff6d35f3896]\n\tchromedriver!(No symbol) [0x7ff6d36500df]\n\tchromedriver!(No symbol) [0x7ff6d35f2202]\n\tchromedriver!(No symbol) [0x7ff6d35f3013]\n\tchromedriver!GetHandleVerifier [0x7ff6d3c84231+429df1]\n\tchromedriver!GetHandleVerifier [0x7ff6d3cafce7+4558a7]\n\tchromedriver!GetHandleVerifier [0x7ff6d3ca413e+449cfe]\n\tchromedriver!GetHandleVerifier [0x7ff6d395c9ce+10258e]\n\tchromedriver!(No symbol) [0x7ff6d3790545]\n\tchromedriver!(No symbol) [0x7ff6d378b6a4]\n\tchromedriver!(No symbol) [0x7ff6d378b834]\n\tchromedriver!(No symbol) [0x7ff6d377601c]\n\tKERNEL32!BaseThreadInitThunk [0x7ffdc53fcd87+17]\n\tntdll!RtlUserThreadStart [0x7ffdc6dccaec+2c]\n"}} | headers=HTTPHeaderDict({'Content-Length': '1424', 'Content-Type': 'application/json; charset=utf-8', 'cache-control': 'no-cache'}) (Line: 436) [remote_connection.py]
DEBUG (15/09/2026 09:12:43): Finished Request (Line: 465) [remote_connection.py]
WARNING (15/09/2026 09:12:43): Ошибка клика на 'Показать больше': Message: element click intercepted: Element <span class="_1e65qgv">...</span> is not clickable at point (240, 847). Other element would receive the click: <div class="_s67w0q">...</div>
  (Session info: chrome=153.0.8010.36); For documentation on this error, please visit: https://www.selenium.dev/documentation/webdriver/troubleshooting/errors#elementclickinterceptedexception
Stacktrace:
	chromedriver!GetHandleVerifier [0x7ff6d385ff25+5ae5]
	chromedriver!(No symbol) [0x7ff6d3782210]
	chromedriver!(No symbol) [0x7ff6d35a4a9d]
	chromedriver!(No symbol) [0x7ff6d3608283]
	chromedriver!(No symbol) [0x7ff6d3605e8a]
	chromedriver!(No symbol) [0x7ff6d36031c7]
	chromedriver!(No symbol) [0x7ff6d3602080]
	chromedriver!(No symbol) [0x7ff6d35f4018]
	chromedriver!(No symbol) [0x7ff6d36298fa]
	chromedriver!(No symbol) [0x7ff6d35f3896]
	chromedriver!(No symbol) [0x7ff6d36500df]
	chromedriver!(No symbol) [0x7ff6d35f2202]
	chromedriver!(No symbol) [0x7ff6d35f3013]
	chromedriver!GetHandleVerifier [0x7ff6d3c84231+429df1]
	chromedriver!GetHandleVerifier [0x7ff6d3cafce7+4558a7]
	chromedriver!GetHandleVerifier [0x7ff6d3ca413e+449cfe]
	chromedriver!GetHandleVerifier [0x7ff6d395c9ce+10258e]
	chromedriver!(No symbol) [0x7ff6d3790545]
	chromedriver!(No symbol) [0x7ff6d378b6a4]
	chromedriver!(No symbol) [0x7ff6d378b834]
	chromedriver!(No symbol) [0x7ff6d377601c]
	KERNEL32!BaseThreadInitThunk [0x7ffdc53fcd87+17]
	ntdll!RtlUserThreadStart [0x7ffdc6dccaec+2c]
 (Line: 353) [app.py]
DEBUG (15/09/2026 09:12:43): POST http://localhost:62331/session/f81b76abdd2c93f3ee341da095e31ca1/actions {'actions': [{'type': 'pointer', 'parameters': {'pointerType': 'mouse'}, 'id': 'mouse', 'actions': [{'type': 'pointerMove', 'duration': 250, 'x': 0, 'y': 0, 'origin': {'element-6066-11e4-a52e-4f735466cecf': 'f.4F43718FA93D6414267F90606F9738F8.d.73DE072F9BBF56441B37337F442B5794.e.565'}}]}, {'type': 'key', 'id': 'key', 'actions': [{'type': 'pause', 'duration': 0}]}]} (Line: 403) [remote_connection.py]
DEBUG (15/09/2026 09:12:43): http://localhost:62331 "POST /session/f81b76abdd2c93f3ee341da095e31ca1/actions HTTP/1.1" 200 0 (Line: 544) [connectionpool.py]
DEBUG (15/09/2026 09:12:43): Remote response: status=200 | data={"value":null} | headers=HTTPHeaderDict({'Content-Length': '14', 'Content-Type': 'application/json; charset=utf-8', 'cache-control': 'no-cache'}) (Line: 436) [remote_connection.py]
DEBUG (15/09/2026 09:12:43): Finished Request (Line: 465) [remote_connection.py]
DEBUG (15/09/2026 09:12:44): POST http://localhost:62331/session/f81b76abdd2c93f3ee341da095e31ca1/execute/sync {'script': '/* isDisplayed */return (function(){return (function(){var g=this||self;\nfunction aa(a){var b=typeof...', 'args': [{'element-6066-11e4-a52e-4f735466cecf': 'f.4F43718FA93D6414267F90606F9738F8.d.73DE072F9BBF56441B37337F442B5794.e.565'}]} (Line: 403) [remote_connection.py]
DEBUG (15/09/2026 09:12:44): http://localhost:62331 "POST /session/f81b76abdd2c93f3ee341da095e31ca1/execute/sync HTTP/1.1" 200 0 (Line: 544) [connectionpool.py]
DEBUG (15/09/2026 09:12:44): Remote response: status=200 | data={"value":true} | headers=HTTPHeaderDict({'Content-Length': '14', 'Content-Type': 'application/json; charset=utf-8', 'cache-control': 'no-cache'}) (Line: 436) [remote_connection.py]
DEBUG (15/09/2026 09:12:44): Finished Request (Line: 465) [remote_connection.py]
DEBUG (15/09/2026 09:12:44): GET http://localhost:62331/session/f81b76abdd2c93f3ee341da095e31ca1/element/f.4F43718FA93D6414267F90606F9738F8.d.73DE072F9BBF56441B37337F442B5794.e.565/enabled {} (Line: 403) [remote_connection.py]
DEBUG (15/09/2026 09:12:44): http://localhost:62331 "GET /session/f81b76abdd2c93f3ee341da095e31ca1/element/f.4F43718FA93D6414267F90606F9738F8.d.73DE072F9BBF56441B37337F442B5794.e.565/enabled HTTP/1.1" 200 0 (Line: 544) [connectionpool.py]
DEBUG (15/09/2026 09:12:44): Remote response: status=200 | data={"value":true} | headers=HTTPHeaderDict({'Content-Length': '14', 'Content-Type': 'application/json; charset=utf-8', 'cache-control': 'no-cache'}) (Line: 436) [remote_connection.py]
DEBUG (15/09/2026 09:12:44): Finished Request (Line: 465) [remote_connection.py]
DEBUG (15/09/2026 09:12:44): POST http://localhost:62331/session/f81b76abdd2c93f3ee341da095e31ca1/element/f.4F43718FA93D6414267F90606F9738F8.d.73DE072F9BBF56441B37337F442B5794.e.565/click {} (Line: 403) [remote_connection.py]
DEBUG (15/09/2026 09:12:45): http://localhost:62331 "POST /session/f81b76abdd2c93f3ee341da095e31ca1/element/f.4F43718FA93D6414267F90606F9738F8.d.73DE072F9BBF56441B37337F442B5794.e.565/click HTTP/1.1" 400 0 (Line: 544) [connectionpool.py]
DEBUG (15/09/2026 09:12:45): Remote response: status=400 | data={"value":{"error":"element click intercepted","message":"element click intercepted: Element \u003Cspan class=\"_1e65qgv\">...\u003C/span> is not clickable at point (240, 848). Other element would receive the click: \u003Cdiv class=\"_s67w0q\">...\u003C/div>\n  (Session info: chrome=153.0.8010.36)","stacktrace":"\tchromedriver!GetHandleVerifier [0x7ff6d385ff25+5ae5]\n\tchromedriver!(No symbol) [0x7ff6d3782210]\n\tchromedriver!(No symbol) [0x7ff6d35a4a9d]\n\tchromedriver!(No symbol) [0x7ff6d3608283]\n\tchromedriver!(No symbol) [0x7ff6d3605e8a]\n\tchromedriver!(No symbol) [0x7ff6d36031c7]\n\tchromedriver!(No symbol) [0x7ff6d3602080]\n\tchromedriver!(No symbol) [0x7ff6d35f4018]\n\tchromedriver!(No symbol) [0x7ff6d36298fa]\n\tchromedriver!(No symbol) [0x7ff6d35f3896]\n\tchromedriver!(No symbol) [0x7ff6d36500df]\n\tchromedriver!(No symbol) [0x7ff6d35f2202]\n\tchromedriver!(No symbol) [0x7ff6d35f3013]\n\tchromedriver!GetHandleVerifier [0x7ff6d3c84231+429df1]\n\tchromedriver!GetHandleVerifier [0x7ff6d3cafce7+4558a7]\n\tchromedriver!GetHandleVerifier [0x7ff6d3ca413e+449cfe]\n\tchromedriver!GetHandleVerifier [0x7ff6d395c9ce+10258e]\n\tchromedriver!(No symbol) [0x7ff6d3790545]\n\tchromedriver!(No symbol) [0x7ff6d378b6a4]\n\tchromedriver!(No symbol) [0x7ff6d378b834]\n\tchromedriver!(No symbol) [0x7ff6d377601c]\n\tKERNEL32!BaseThreadInitThunk [0x7ffdc53fcd87+17]\n\tntdll!RtlUserThreadStart [0x7ffdc6dccaec+2c]\n"}} | headers=HTTPHeaderDict({'Content-Length': '1424', 'Content-Type': 'application/json; charset=utf-8', 'cache-control': 'no-cache'}) (Line: 436) [remote_connection.py]
DEBUG (15/09/2026 09:12:45): Finished Request (Line: 465) [remote_connection.py]
WARNING (15/09/2026 09:12:45): Ошибка клика на 'Показать больше': Message: element click intercepted: Element <span class="_1e65qgv">...</span> is not clickable at point (240, 848). Other element would receive the click: <div class="_s67w0q">...</div>
  (Session info: chrome=153.0.8010.36); For documentation on this error, please visit: https://www.selenium.dev/documentation/webdriver/troubleshooting/errors#elementclickinterceptedexception
Stacktrace:
	chromedriver!GetHandleVerifier [0x7ff6d385ff25+5ae5]
	chromedriver!(No symbol) [0x7ff6d3782210]
	chromedriver!(No symbol) [0x7ff6d35a4a9d]
	chromedriver!(No symbol) [0x7ff6d3608283]
	chromedriver!(No symbol) [0x7ff6d3605e8a]
	chromedriver!(No symbol) [0x7ff6d36031c7]
	chromedriver!(No symbol) [0x7ff6d3602080]
	chromedriver!(No symbol) [0x7ff6d35f4018]
	chromedriver!(No symbol) [0x7ff6d36298fa]
	chromedriver!(No symbol) [0x7ff6d35f3896]
	chromedriver!(No symbol) [0x7ff6d36500df]
	chromedriver!(No symbol) [0x7ff6d35f2202]
	chromedriver!(No symbol) [0x7ff6d35f3013]
	chromedriver!GetHandleVerifier [0x7ff6d3c84231+429df1]
	chromedriver!GetHandleVerifier [0x7ff6d3cafce7+4558a7]
	chromedriver!GetHandleVerifier [0x7ff6d3ca413e+449cfe]
	chromedriver!GetHandleVerifier [0x7ff6d395c9ce+10258e]
	chromedriver!(No symbol) [0x7ff6d3790545]
	chromedriver!(No symbol) [0x7ff6d378b6a4]
	chromedriver!(No symbol) [0x7ff6d378b834]
	chromedriver!(No symbol) [0x7ff6d377601c]
	KERNEL32!BaseThreadInitThunk [0x7ffdc53fcd87+17]
	ntdll!RtlUserThreadStart [0x7ffdc6dccaec+2c]
 (Line: 353) [app.py]
DEBUG (15/09/2026 09:12:45): POST http://localhost:62331/session/f81b76abdd2c93f3ee341da095e31ca1/actions {'actions': [{'type': 'pointer', 'parameters': {'pointerType': 'mouse'}, 'id': 'mouse', 'actions': [{'type': 'pointerMove', 'duration': 250, 'x': 0, 'y': 0, 'origin': {'element-6066-11e4-a52e-4f735466cecf': 'f.4F43718FA93D6414267F90606F9738F8.d.73DE072F9BBF56441B37337F442B5794.e.566'}}]}, {'type': 'key', 'id': 'key', 'actions': [{'type': 'pause', 'duration': 0}]}]} (Line: 403) [remote_connection.py]
DEBUG (15/09/2026 09:12:45): http://localhost:62331 "POST /session/f81b76abdd2c93f3ee341da095e31ca1/actions HTTP/1.1" 200 0 (Line: 544) [connectionpool.py]
DEBUG (15/09/2026 09:12:45): Remote response: status=200 | data={"value":null} | headers=HTTPHeaderDict({'Content-Length': '14', 'Content-Type': 'application/json; charset=utf-8', 'cache-control': 'no-cache'}) (Line: 436) [remote_connection.py]
DEBUG (15/09/2026 09:12:45): Finished Request (Line: 465) [remote_connection.py]
DEBUG (15/09/2026 09:12:46): POST http://localhost:62331/session/f81b76abdd2c93f3ee341da095e31ca1/execute/sync {'script': '/* isDisplayed */return (function(){return (function(){var g=this||self;\nfunction aa(a){var b=typeof...', 'args': [{'element-6066-11e4-a52e-4f735466cecf': 'f.4F43718FA93D6414267F90606F9738F8.d.73DE072F9BBF56441B37337F442B5794.e.566'}]} (Line: 403) [remote_connection.py]
DEBUG (15/09/2026 09:12:46): http://localhost:62331 "POST /session/f81b76abdd2c93f3ee341da095e31ca1/execute/sync HTTP/1.1" 200 0 (Line: 544) [connectionpool.py]
DEBUG (15/09/2026 09:12:46): Remote response: status=200 | data={"value":true} | headers=HTTPHeaderDict({'Content-Length': '14', 'Content-Type': 'application/json; charset=utf-8', 'cache-control': 'no-cache'}) (Line: 436) [remote_connection.py]
DEBUG (15/09/2026 09:12:46): Finished Request (Line: 465) [remote_connection.py]
DEBUG (15/09/2026 09:12:46): GET http://localhost:62331/session/f81b76abdd2c93f3ee341da095e31ca1/element/f.4F43718FA93D6414267F90606F9738F8.d.73DE072F9BBF56441B37337F442B5794.e.566/enabled {} (Line: 403) [remote_connection.py]
DEBUG (15/09/2026 09:12:46): http://localhost:62331 "GET /session/f81b76abdd2c93f3ee341da095e31ca1/element/f.4F43718FA93D6414267F90606F9738F8.d.73DE072F9BBF56441B37337F442B5794.e.566/enabled HTTP/1.1" 200 0 (Line: 544) [connectionpool.py]
DEBUG (15/09/2026 09:12:46): Remote response: status=200 | data={"value":true} | headers=HTTPHeaderDict({'Content-Length': '14', 'Content-Type': 'application/json; charset=utf-8', 'cache-control': 'no-cache'}) (Line: 436) [remote_connection.py]
DEBUG (15/09/2026 09:12:46): Finished Request (Line: 465) [remote_connection.py]
DEBUG (15/09/2026 09:12:46): POST http://localhost:62331/session/f81b76abdd2c93f3ee341da095e31ca1/element/f.4F43718FA93D6414267F90606F9738F8.d.73DE072F9BBF56441B37337F442B5794.e.566/click {} (Line: 403) [remote_connection.py]
DEBUG (15/09/2026 09:12:47): http://localhost:62331 "POST /session/f81b76abdd2c93f3ee341da095e31ca1/element/f.4F43718FA93D6414267F90606F9738F8.d.73DE072F9BBF56441B37337F442B5794.e.566/click HTTP/1.1" 400 0 (Line: 544) [connectionpool.py]
DEBUG (15/09/2026 09:12:47): Remote response: status=400 | data={"value":{"error":"element click intercepted","message":"element click intercepted: Element \u003Cspan class=\"_1e65qgv\">...\u003C/span> is not clickable at point (240, 848). Other element would receive the click: \u003Cdiv class=\"_s67w0q\">...\u003C/div>\n  (Session info: chrome=153.0.8010.36)","stacktrace":"\tchromedriver!GetHandleVerifier [0x7ff6d385ff25+5ae5]\n\tchromedriver!(No symbol) [0x7ff6d3782210]\n\tchromedriver!(No symbol) [0x7ff6d35a4a9d]\n\tchromedriver!(No symbol) [0x7ff6d3608283]\n\tchromedriver!(No symbol) [0x7ff6d3605e8a]\n\tchromedriver!(No symbol) [0x7ff6d36031c7]\n\tchromedriver!(No symbol) [0x7ff6d3602080]\n\tchromedriver!(No symbol) [0x7ff6d35f4018]\n\tchromedriver!(No symbol) [0x7ff6d36298fa]\n\tchromedriver!(No symbol) [0x7ff6d35f3896]\n\tchromedriver!(No symbol) [0x7ff6d36500df]\n\tchromedriver!(No symbol) [0x7ff6d35f2202]\n\tchromedriver!(No symbol) [0x7ff6d35f3013]\n\tchromedriver!GetHandleVerifier [0x7ff6d3c84231+429df1]\n\tchromedriver!GetHandleVerifier [0x7ff6d3cafce7+4558a7]\n\tchromedriver!GetHandleVerifier [0x7ff6d3ca413e+449cfe]\n\tchromedriver!GetHandleVerifier [0x7ff6d395c9ce+10258e]\n\tchromedriver!(No symbol) [0x7ff6d3790545]\n\tchromedriver!(No symbol) [0x7ff6d378b6a4]\n\tchromedriver!(No symbol) [0x7ff6d378b834]\n\tchromedriver!(No symbol) [0x7ff6d377601c]\n\tKERNEL32!BaseThreadInitThunk [0x7ffdc53fcd87+17]\n\tntdll!RtlUserThreadStart [0x7ffdc6dccaec+2c]\n"}} | headers=HTTPHeaderDict({'Content-Length': '1424', 'Content-Type': 'application/json; charset=utf-8', 'cache-control': 'no-cache'}) (Line: 436) [remote_connection.py]
DEBUG (15/09/2026 09:12:47): Finished Request (Line: 465) [remote_connection.py]
WARNING (15/09/2026 09:12:47): Ошибка клика на 'Показать больше': Message: element click intercepted: Element <span class="_1e65qgv">...</span> is not clickable at point (240, 848). Other element would receive the click: <div class="_s67w0q">...</div>
  (Session info: chrome=153.0.8010.36); For documentation on this error, please visit: https://www.selenium.dev/documentation/webdriver/troubleshooting/errors#elementclickinterceptedexception
Stacktrace:
	chromedriver!GetHandleVerifier [0x7ff6d385ff25+5ae5]
	chromedriver!(No symbol) [0x7ff6d3782210]
	chromedriver!(No symbol) [0x7ff6d35a4a9d]
	chromedriver!(No symbol) [0x7ff6d3608283]
	chromedriver!(No symbol) [0x7ff6d3605e8a]
	chromedriver!(No symbol) [0x7ff6d36031c7]
	chromedriver!(No symbol) [0x7ff6d3602080]
	chromedriver!(No symbol) [0x7ff6d35f4018]
	chromedriver!(No symbol) [0x7ff6d36298fa]
	chromedriver!(No symbol) [0x7ff6d35f3896]
	chromedriver!(No symbol) [0x7ff6d36500df]
	chromedriver!(No symbol) [0x7ff6d35f2202]
	chromedriver!(No symbol) [0x7ff6d35f3013]
	chromedriver!GetHandleVerifier [0x7ff6d3c84231+429df1]
	chromedriver!GetHandleVerifier [0x7ff6d3cafce7+4558a7]
	chromedriver!GetHandleVerifier [0x7ff6d3ca413e+449cfe]
	chromedriver!GetHandleVerifier [0x7ff6d395c9ce+10258e]
	chromedriver!(No symbol) [0x7ff6d3790545]
	chromedriver!(No symbol) [0x7ff6d378b6a4]
	chromedriver!(No symbol) [0x7ff6d378b834]
	chromedriver!(No symbol) [0x7ff6d377601c]
	KERNEL32!BaseThreadInitThunk [0x7ffdc53fcd87+17]
	ntdll!RtlUserThreadStart [0x7ffdc6dccaec+2c]
 (Line: 353) [app.py]
DEBUG (15/09/2026 09:12:47): POST http://localhost:62331/session/f81b76abdd2c93f3ee341da095e31ca1/elements {'using': 'css selector', 'value': '._sgs1pz'} (Line: 403) [remote_connection.py]
DEBUG (15/09/2026 09:12:47): http://localhost:62331 "POST /session/f81b76abdd2c93f3ee341da095e31ca1/elements HTTP/1.1" 200 0 (Line: 544) [connectionpool.py]
DEBUG (15/09/2026 09:12:47): Remote response: status=200 | data={"value":[{"element-6066-11e4-a52e-4f735466cecf":"f.4F43718FA93D6414267F90606F9738F8.d.73DE072F9BBF56441B37337F442B5794.e.567"},{"element-6066-11e4-a52e-4f735466cecf":"f.4F43718FA93D6414267F90606F9738F8.d.73DE072F9BBF56441B37337F442B5794.e.568"},{"element-6066-11e4-a52e-4f735466cecf":"f.4F43718FA93D6414267F90606F9738F8.d.73DE072F9BBF56441B37337F442B5794.e.569"},{"element-6066-11e4-a52e-4f735466cecf":"f.4F43718FA93D6414267F90606F9738F8.d.73DE072F9BBF56441B37337F442B5794.e.570"},{"element-6066-11e4-a52e-4f735466cecf":"f.4F43718FA93D6414267F90606F9738F8.d.73DE072F9BBF56441B37337F442B5794.e.571"},{"element-6066-11e4-a52e-4f735466cecf":"f.4F43718FA93D6414267F90606F9738F8.d.73DE072F9BBF56441B37337F442B5794.e.572"},{"element-6066-11e4-a52e-4f735466cecf":"f.4F43718FA93D6414267F90606F9738F8.d.73DE072F9BBF56441B37337F442B5794.e.573"},{"element-6066-11e4-a52e-4f735466cecf":"f.4F43718FA93D6414267F90606F9738F8.d.73DE072F9BBF56441B37337F442B5794.e.574"},{"element-6066-11e4-a52e-4f735466cecf":"f.4F43718FA93D6414267F90606F9738F8.d.73DE072F9BBF56441B37337F442B5794.e.575"},{"element-6066-11e4-a52e-4f735466cecf":"f.4F43718FA93D6414267F90606F9738F8.d.73DE072F9BBF56441B37337F442B5794.e.576"}]} | headers=HTTPHeaderDict({'Content-Length': '1191', 'Content-Type': 'application/json; charset=utf-8', 'cache-control': 'no-cache'}) (Line: 436) [remote_connection.py]
DEBUG (15/09/2026 09:12:47): Finished Request (Line: 465) [remote_connection.py]
DEBUG (15/09/2026 09:12:47): POST http://localhost:62331/session/f81b76abdd2c93f3ee341da095e31ca1/actions {'actions': [{'type': 'pointer', 'parameters': {'pointerType': 'mouse'}, 'id': 'mouse', 'actions': [{'type': 'pointerMove', 'duration': 250, 'x': 0, 'y': 0, 'origin': {'element-6066-11e4-a52e-4f735466cecf': 'f.4F43718FA93D6414267F90606F9738F8.d.73DE072F9BBF56441B37337F442B5794.e.567'}}]}, {'type': 'key', 'id': 'key', 'actions': [{'type': 'pause', 'duration': 0}]}]} (Line: 403) [remote_connection.py]
DEBUG (15/09/2026 09:12:48): http://localhost:62331 "POST /session/f81b76abdd2c93f3ee341da095e31ca1/actions HTTP/1.1" 200 0 (Line: 544) [connectionpool.py]
DEBUG (15/09/2026 09:12:48): Remote response: status=200 | data={"value":null} | headers=HTTPHeaderDict({'Content-Length': '14', 'Content-Type': 'application/json; charset=utf-8', 'cache-control': 'no-cache'}) (Line: 436) [remote_connection.py]
DEBUG (15/09/2026 09:12:48): Finished Request (Line: 465) [remote_connection.py]
DEBUG (15/09/2026 09:12:49): POST http://localhost:62331/session/f81b76abdd2c93f3ee341da095e31ca1/execute/sync {'script': 'arguments[0].click();', 'args': [{'element-6066-11e4-a52e-4f735466cecf': 'f.4F43718FA93D6414267F90606F9738F8.d.73DE072F9BBF56441B37337F442B5794.e.567'}]} (Line: 403) [remote_connection.py]
DEBUG (15/09/2026 09:12:49): http://localhost:62331 "POST /session/f81b76abdd2c93f3ee341da095e31ca1/execute/sync HTTP/1.1" 200 0 (Line: 544) [connectionpool.py]
DEBUG (15/09/2026 09:12:49): Remote response: status=200 | data={"value":null} | headers=HTTPHeaderDict({'Content-Length': '14', 'Content-Type': 'application/json; charset=utf-8', 'cache-control': 'no-cache'}) (Line: 436) [remote_connection.py]
DEBUG (15/09/2026 09:12:49): Finished Request (Line: 465) [remote_connection.py]
DEBUG (15/09/2026 09:12:51): POST http://localhost:62331/session/f81b76abdd2c93f3ee341da095e31ca1/actions {'actions': [{'type': 'pointer', 'parameters': {'pointerType': 'mouse'}, 'id': 'mouse', 'actions': [{'type': 'pointerMove', 'duration': 250, 'x': 0, 'y': 0, 'origin': {'element-6066-11e4-a52e-4f735466cecf': 'f.4F43718FA93D6414267F90606F9738F8.d.73DE072F9BBF56441B37337F442B5794.e.568'}}]}, {'type': 'key', 'id': 'key', 'actions': [{'type': 'pause', 'duration': 0}]}]} (Line: 403) [remote_connection.py]
DEBUG (15/09/2026 09:12:51): http://localhost:62331 "POST /session/f81b76abdd2c93f3ee341da095e31ca1/actions HTTP/1.1" 200 0 (Line: 544) [connectionpool.py]
DEBUG (15/09/2026 09:12:51): Remote response: status=200 | data={"value":null} | headers=HTTPHeaderDict({'Content-Length': '14', 'Content-Type': 'application/json; charset=utf-8', 'cache-control': 'no-cache'}) (Line: 436) [remote_connection.py]
DEBUG (15/09/2026 09:12:51): Finished Request (Line: 465) [remote_connection.py]
DEBUG (15/09/2026 09:12:52): POST http://localhost:62331/session/f81b76abdd2c93f3ee341da095e31ca1/execute/sync {'script': 'arguments[0].click();', 'args': [{'element-6066-11e4-a52e-4f735466cecf': 'f.4F43718FA93D6414267F90606F9738F8.d.73DE072F9BBF56441B37337F442B5794.e.568'}]} (Line: 403) [remote_connection.py]
DEBUG (15/09/2026 09:12:52): http://localhost:62331 "POST /session/f81b76abdd2c93f3ee341da095e31ca1/execute/sync HTTP/1.1" 200 0 (Line: 544) [connectionpool.py]
DEBUG (15/09/2026 09:12:52): Remote response: status=200 | data={"value":null} | headers=HTTPHeaderDict({'Content-Length': '14', 'Content-Type': 'application/json; charset=utf-8', 'cache-control': 'no-cache'}) (Line: 436) [remote_connection.py]
DEBUG (15/09/2026 09:12:52): Finished Request (Line: 465) [remote_connection.py]
DEBUG (15/09/2026 09:12:55): POST http://localhost:62331/session/f81b76abdd2c93f3ee341da095e31ca1/actions {'actions': [{'type': 'pointer', 'parameters': {'pointerType': 'mouse'}, 'id': 'mouse', 'actions': [{'type': 'pointerMove', 'duration': 250, 'x': 0, 'y': 0, 'origin': {'element-6066-11e4-a52e-4f735466cecf': 'f.4F43718FA93D6414267F90606F9738F8.d.73DE072F9BBF56441B37337F442B5794.e.569'}}]}, {'type': 'key', 'id': 'key', 'actions': [{'type': 'pause', 'duration': 0}]}]} (Line: 403) [remote_connection.py]
DEBUG (15/09/2026 09:12:55): http://localhost:62331 "POST /session/f81b76abdd2c93f3ee341da095e31ca1/actions HTTP/1.1" 200 0 (Line: 544) [connectionpool.py]
DEBUG (15/09/2026 09:12:55): Remote response: status=200 | data={"value":null} | headers=HTTPHeaderDict({'Content-Length': '14', 'Content-Type': 'application/json; charset=utf-8', 'cache-control': 'no-cache'}) (Line: 436) [remote_connection.py]
DEBUG (15/09/2026 09:12:55): Finished Request (Line: 465) [remote_connection.py]
DEBUG (15/09/2026 09:12:57): POST http://localhost:62331/session/f81b76abdd2c93f3ee341da095e31ca1/execute/sync {'script': 'arguments[0].click();', 'args': [{'element-6066-11e4-a52e-4f735466cecf': 'f.4F43718FA93D6414267F90606F9738F8.d.73DE072F9BBF56441B37337F442B5794.e.569'}]} (Line: 403) [remote_connection.py]
DEBUG (15/09/2026 09:12:57): http://localhost:62331 "POST /session/f81b76abdd2c93f3ee341da095e31ca1/execute/sync HTTP/1.1" 200 0 (Line: 544) [connectionpool.py]
DEBUG (15/09/2026 09:12:57): Remote response: status=200 | data={"value":null} | headers=HTTPHeaderDict({'Content-Length': '14', 'Content-Type': 'application/json; charset=utf-8', 'cache-control': 'no-cache'}) (Line: 436) [remote_connection.py]
DEBUG (15/09/2026 09:12:57): Finished Request (Line: 465) [remote_connection.py]
DEBUG (15/09/2026 09:12:59): POST http://localhost:62331/session/f81b76abdd2c93f3ee341da095e31ca1/actions {'actions': [{'type': 'pointer', 'parameters': {'pointerType': 'mouse'}, 'id': 'mouse', 'actions': [{'type': 'pointerMove', 'duration': 250, 'x': 0, 'y': 0, 'origin': {'element-6066-11e4-a52e-4f735466cecf': 'f.4F43718FA93D6414267F90606F9738F8.d.73DE072F9BBF56441B37337F442B5794.e.570'}}]}, {'type': 'key', 'id': 'key', 'actions': [{'type': 'pause', 'duration': 0}]}]} (Line: 403) [remote_connection.py]
DEBUG (15/09/2026 09:13:00): http://localhost:62331 "POST /session/f81b76abdd2c93f3ee341da095e31ca1/actions HTTP/1.1" 200 0 (Line: 544) [connectionpool.py]
DEBUG (15/09/2026 09:13:00): Remote response: status=200 | data={"value":null} | headers=HTTPHeaderDict({'Content-Length': '14', 'Content-Type': 'application/json; charset=utf-8', 'cache-control': 'no-cache'}) (Line: 436) [remote_connection.py]
DEBUG (15/09/2026 09:13:00): Finished Request (Line: 465) [remote_connection.py]
DEBUG (15/09/2026 09:13:00): POST http://localhost:62331/session/f81b76abdd2c93f3ee341da095e31ca1/execute/sync {'script': 'arguments[0].click();', 'args': [{'element-6066-11e4-a52e-4f735466cecf': 'f.4F43718FA93D6414267F90606F9738F8.d.73DE072F9BBF56441B37337F442B5794.e.570'}]} (Line: 403) [remote_connection.py]
DEBUG (15/09/2026 09:13:00): http://localhost:62331 "POST /session/f81b76abdd2c93f3ee341da095e31ca1/execute/sync HTTP/1.1" 200 0 (Line: 544) [connectionpool.py]
DEBUG (15/09/2026 09:13:00): Remote response: status=200 | data={"value":null} | headers=HTTPHeaderDict({'Content-Length': '14', 'Content-Type': 'application/json; charset=utf-8', 'cache-control': 'no-cache'}) (Line: 436) [remote_connection.py]
DEBUG (15/09/2026 09:13:00): Finished Request (Line: 465) [remote_connection.py]
DEBUG (15/09/2026 09:13:02): POST http://localhost:62331/session/f81b76abdd2c93f3ee341da095e31ca1/actions {'actions': [{'type': 'pointer', 'parameters': {'pointerType': 'mouse'}, 'id': 'mouse', 'actions': [{'type': 'pointerMove', 'duration': 250, 'x': 0, 'y': 0, 'origin': {'element-6066-11e4-a52e-4f735466cecf': 'f.4F43718FA93D6414267F90606F9738F8.d.73DE072F9BBF56441B37337F442B5794.e.571'}}]}, {'type': 'key', 'id': 'key', 'actions': [{'type': 'pause', 'duration': 0}]}]} (Line: 403) [remote_connection.py]
DEBUG (15/09/2026 09:13:02): http://localhost:62331 "POST /session/f81b76abdd2c93f3ee341da095e31ca1/actions HTTP/1.1" 200 0 (Line: 544) [connectionpool.py]
DEBUG (15/09/2026 09:13:02): Remote response: status=200 | data={"value":null} | headers=HTTPHeaderDict({'Content-Length': '14', 'Content-Type': 'application/json; charset=utf-8', 'cache-control': 'no-cache'}) (Line: 436) [remote_connection.py]
DEBUG (15/09/2026 09:13:02): Finished Request (Line: 465) [remote_connection.py]
DEBUG (15/09/2026 09:13:02): POST http://localhost:62331/session/f81b76abdd2c93f3ee341da095e31ca1/execute/sync {'script': 'arguments[0].click();', 'args': [{'element-6066-11e4-a52e-4f735466cecf': 'f.4F43718FA93D6414267F90606F9738F8.d.73DE072F9BBF56441B37337F442B5794.e.571'}]} (Line: 403) [remote_connection.py]
DEBUG (15/09/2026 09:13:02): http://localhost:62331 "POST /session/f81b76abdd2c93f3ee341da095e31ca1/execute/sync HTTP/1.1" 200 0 (Line: 544) [connectionpool.py]
DEBUG (15/09/2026 09:13:02): Remote response: status=200 | data={"value":null} | headers=HTTPHeaderDict({'Content-Length': '14', 'Content-Type': 'application/json; charset=utf-8', 'cache-control': 'no-cache'}) (Line: 436) [remote_connection.py]
DEBUG (15/09/2026 09:13:02): Finished Request (Line: 465) [remote_connection.py]
DEBUG (15/09/2026 09:13:04): POST http://localhost:62331/session/f81b76abdd2c93f3ee341da095e31ca1/actions {'actions': [{'type': 'pointer', 'parameters': {'pointerType': 'mouse'}, 'id': 'mouse', 'actions': [{'type': 'pointerMove', 'duration': 250, 'x': 0, 'y': 0, 'origin': {'element-6066-11e4-a52e-4f735466cecf': 'f.4F43718FA93D6414267F90606F9738F8.d.73DE072F9BBF56441B37337F442B5794.e.572'}}]}, {'type': 'key', 'id': 'key', 'actions': [{'type': 'pause', 'duration': 0}]}]} (Line: 403) [remote_connection.py]
DEBUG (15/09/2026 09:13:04): http://localhost:62331 "POST /session/f81b76abdd2c93f3ee341da095e31ca1/actions HTTP/1.1" 200 0 (Line: 544) [connectionpool.py]
DEBUG (15/09/2026 09:13:04): Remote response: status=200 | data={"value":null} | headers=HTTPHeaderDict({'Content-Length': '14', 'Content-Type': 'application/json; charset=utf-8', 'cache-control': 'no-cache'}) (Line: 436) [remote_connection.py]
DEBUG (15/09/2026 09:13:04): Finished Request (Line: 465) [remote_connection.py]
DEBUG (15/09/2026 09:13:06): POST http://localhost:62331/session/f81b76abdd2c93f3ee341da095e31ca1/execute/sync {'script': 'arguments[0].click();', 'args': [{'element-6066-11e4-a52e-4f735466cecf': 'f.4F43718FA93D6414267F90606F9738F8.d.73DE072F9BBF56441B37337F442B5794.e.572'}]} (Line: 403) [remote_connection.py]
DEBUG (15/09/2026 09:13:06): http://localhost:62331 "POST /session/f81b76abdd2c93f3ee341da095e31ca1/execute/sync HTTP/1.1" 200 0 (Line: 544) [connectionpool.py]
DEBUG (15/09/2026 09:13:06): Remote response: status=200 | data={"value":null} | headers=HTTPHeaderDict({'Content-Length': '14', 'Content-Type': 'application/json; charset=utf-8', 'cache-control': 'no-cache'}) (Line: 436) [remote_connection.py]
DEBUG (15/09/2026 09:13:06): Finished Request (Line: 465) [remote_connection.py]
DEBUG (15/09/2026 09:13:08): POST http://localhost:62331/session/f81b76abdd2c93f3ee341da095e31ca1/actions {'actions': [{'type': 'pointer', 'parameters': {'pointerType': 'mouse'}, 'id': 'mouse', 'actions': [{'type': 'pointerMove', 'duration': 250, 'x': 0, 'y': 0, 'origin': {'element-6066-11e4-a52e-4f735466cecf': 'f.4F43718FA93D6414267F90606F9738F8.d.73DE072F9BBF56441B37337F442B5794.e.573'}}]}, {'type': 'key', 'id': 'key', 'actions': [{'type': 'pause', 'duration': 0}]}]} (Line: 403) [remote_connection.py]
DEBUG (15/09/2026 09:13:08): http://localhost:62331 "POST /session/f81b76abdd2c93f3ee341da095e31ca1/actions HTTP/1.1" 200 0 (Line: 544) [connectionpool.py]
DEBUG (15/09/2026 09:13:08): Remote response: status=200 | data={"value":null} | headers=HTTPHeaderDict({'Content-Length': '14', 'Content-Type': 'application/json; charset=utf-8', 'cache-control': 'no-cache'}) (Line: 436) [remote_connection.py]
DEBUG (15/09/2026 09:13:08): Finished Request (Line: 465) [remote_connection.py]
DEBUG (15/09/2026 09:13:09): POST http://localhost:62331/session/f81b76abdd2c93f3ee341da095e31ca1/execute/sync {'script': 'arguments[0].click();', 'args': [{'element-6066-11e4-a52e-4f735466cecf': 'f.4F43718FA93D6414267F90606F9738F8.d.73DE072F9BBF56441B37337F442B5794.e.573'}]} (Line: 403) [remote_connection.py]
DEBUG (15/09/2026 09:13:09): http://localhost:62331 "POST /session/f81b76abdd2c93f3ee341da095e31ca1/execute/sync HTTP/1.1" 200 0 (Line: 544) [connectionpool.py]
DEBUG (15/09/2026 09:13:09): Remote response: status=200 | data={"value":null} | headers=HTTPHeaderDict({'Content-Length': '14', 'Content-Type': 'application/json; charset=utf-8', 'cache-control': 'no-cache'}) (Line: 436) [remote_connection.py]
DEBUG (15/09/2026 09:13:09): Finished Request (Line: 465) [remote_connection.py]
DEBUG (15/09/2026 09:13:10): POST http://localhost:62331/session/f81b76abdd2c93f3ee341da095e31ca1/actions {'actions': [{'type': 'pointer', 'parameters': {'pointerType': 'mouse'}, 'id': 'mouse', 'actions': [{'type': 'pointerMove', 'duration': 250, 'x': 0, 'y': 0, 'origin': {'element-6066-11e4-a52e-4f735466cecf': 'f.4F43718FA93D6414267F90606F9738F8.d.73DE072F9BBF56441B37337F442B5794.e.574'}}]}, {'type': 'key', 'id': 'key', 'actions': [{'type': 'pause', 'duration': 0}]}]} (Line: 403) [remote_connection.py]
DEBUG (15/09/2026 09:13:10): http://localhost:62331 "POST /session/f81b76abdd2c93f3ee341da095e31ca1/actions HTTP/1.1" 200 0 (Line: 544) [connectionpool.py]
DEBUG (15/09/2026 09:13:10): Remote response: status=200 | data={"value":null} | headers=HTTPHeaderDict({'Content-Length': '14', 'Content-Type': 'application/json; charset=utf-8', 'cache-control': 'no-cache'}) (Line: 436) [remote_connection.py]
DEBUG (15/09/2026 09:13:10): Finished Request (Line: 465) [remote_connection.py]
DEBUG (15/09/2026 09:13:12): POST http://localhost:62331/session/f81b76abdd2c93f3ee341da095e31ca1/execute/sync {'script': 'arguments[0].click();', 'args': [{'element-6066-11e4-a52e-4f735466cecf': 'f.4F43718FA93D6414267F90606F9738F8.d.73DE072F9BBF56441B37337F442B5794.e.574'}]} (Line: 403) [remote_connection.py]
DEBUG (15/09/2026 09:13:12): http://localhost:62331 "POST /session/f81b76abdd2c93f3ee341da095e31ca1/execute/sync HTTP/1.1" 200 0 (Line: 544) [connectionpool.py]
DEBUG (15/09/2026 09:13:12): Remote response: status=200 | data={"value":null} | headers=HTTPHeaderDict({'Content-Length': '14', 'Content-Type': 'application/json; charset=utf-8', 'cache-control': 'no-cache'}) (Line: 436) [remote_connection.py]
DEBUG (15/09/2026 09:13:12): Finished Request (Line: 465) [remote_connection.py]
DEBUG (15/09/2026 09:13:14): POST http://localhost:62331/session/f81b76abdd2c93f3ee341da095e31ca1/actions {'actions': [{'type': 'pointer', 'parameters': {'pointerType': 'mouse'}, 'id': 'mouse', 'actions': [{'type': 'pointerMove', 'duration': 250, 'x': 0, 'y': 0, 'origin': {'element-6066-11e4-a52e-4f735466cecf': 'f.4F43718FA93D6414267F90606F9738F8.d.73DE072F9BBF56441B37337F442B5794.e.575'}}]}, {'type': 'key', 'id': 'key', 'actions': [{'type': 'pause', 'duration': 0}]}]} (Line: 403) [remote_connection.py]
DEBUG (15/09/2026 09:13:14): http://localhost:62331 "POST /session/f81b76abdd2c93f3ee341da095e31ca1/actions HTTP/1.1" 200 0 (Line: 544) [connectionpool.py]
DEBUG (15/09/2026 09:13:14): Remote response: status=200 | data={"value":null} | headers=HTTPHeaderDict({'Content-Length': '14', 'Content-Type': 'application/json; charset=utf-8', 'cache-control': 'no-cache'}) (Line: 436) [remote_connection.py]
DEBUG (15/09/2026 09:13:14): Finished Request (Line: 465) [remote_connection.py]
DEBUG (15/09/2026 09:13:15): POST http://localhost:62331/session/f81b76abdd2c93f3ee341da095e31ca1/execute/sync {'script': 'arguments[0].click();', 'args': [{'element-6066-11e4-a52e-4f735466cecf': 'f.4F43718FA93D6414267F90606F9738F8.d.73DE072F9BBF56441B37337F442B5794.e.575'}]} (Line: 403) [remote_connection.py]
DEBUG (15/09/2026 09:13:15): http://localhost:62331 "POST /session/f81b76abdd2c93f3ee341da095e31ca1/execute/sync HTTP/1.1" 200 0 (Line: 544) [connectionpool.py]
DEBUG (15/09/2026 09:13:15): Remote response: status=200 | data={"value":null} | headers=HTTPHeaderDict({'Content-Length': '14', 'Content-Type': 'application/json; charset=utf-8', 'cache-control': 'no-cache'}) (Line: 436) [remote_connection.py]
DEBUG (15/09/2026 09:13:15): Finished Request (Line: 465) [remote_connection.py]
DEBUG (15/09/2026 09:13:17): POST http://localhost:62331/session/f81b76abdd2c93f3ee341da095e31ca1/actions {'actions': [{'type': 'pointer', 'parameters': {'pointerType': 'mouse'}, 'id': 'mouse', 'actions': [{'type': 'pointerMove', 'duration': 250, 'x': 0, 'y': 0, 'origin': {'element-6066-11e4-a52e-4f735466cecf': 'f.4F43718FA93D6414267F90606F9738F8.d.73DE072F9BBF56441B37337F442B5794.e.576'}}]}, {'type': 'key', 'id': 'key', 'actions': [{'type': 'pause', 'duration': 0}]}]} (Line: 403) [remote_connection.py]
DEBUG (15/09/2026 09:13:18): http://localhost:62331 "POST /session/f81b76abdd2c93f3ee341da095e31ca1/actions HTTP/1.1" 200 0 (Line: 544) [connectionpool.py]
DEBUG (15/09/2026 09:13:18): Remote response: status=200 | data={"value":null} | headers=HTTPHeaderDict({'Content-Length': '14', 'Content-Type': 'application/json; charset=utf-8', 'cache-control': 'no-cache'}) (Line: 436) [remote_connection.py]
DEBUG (15/09/2026 09:13:18): Finished Request (Line: 465) [remote_connection.py]
DEBUG (15/09/2026 09:13:19): POST http://localhost:62331/session/f81b76abdd2c93f3ee341da095e31ca1/execute/sync {'script': 'arguments[0].click();', 'args': [{'element-6066-11e4-a52e-4f735466cecf': 'f.4F43718FA93D6414267F90606F9738F8.d.73DE072F9BBF56441B37337F442B5794.e.576'}]} (Line: 403) [remote_connection.py]
DEBUG (15/09/2026 09:13:19): http://localhost:62331 "POST /session/f81b76abdd2c93f3ee341da095e31ca1/execute/sync HTTP/1.1" 200 0 (Line: 544) [connectionpool.py]
DEBUG (15/09/2026 09:13:19): Remote response: status=200 | data={"value":null} | headers=HTTPHeaderDict({'Content-Length': '14', 'Content-Type': 'application/json; charset=utf-8', 'cache-control': 'no-cache'}) (Line: 436) [remote_connection.py]
DEBUG (15/09/2026 09:13:19): Finished Request (Line: 465) [remote_connection.py]
DEBUG (15/09/2026 09:13:21): POST http://localhost:62331/session/f81b76abdd2c93f3ee341da095e31ca1/elements {'using': 'css selector', 'value': '._1rowqpjv'} (Line: 403) [remote_connection.py]
DEBUG (15/09/2026 09:13:21): http://localhost:62331 "POST /session/f81b76abdd2c93f3ee341da095e31ca1/elements HTTP/1.1" 200 0 (Line: 544) [connectionpool.py]
DEBUG (15/09/2026 09:13:21): Remote response: status=200 | data={"value":[{"element-6066-11e4-a52e-4f735466cecf":"f.4F43718FA93D6414267F90606F9738F8.d.73DE072F9BBF56441B37337F442B5794.e.50"},{"element-6066-11e4-a52e-4f735466cecf":"f.4F43718FA93D6414267F90606F9738F8.d.73DE072F9BBF56441B37337F442B5794.e.548"},{"element-6066-11e4-a52e-4f735466cecf":"f.4F43718FA93D6414267F90606F9738F8.d.73DE072F9BBF56441B37337F442B5794.e.549"},{"element-6066-11e4-a52e-4f735466cecf":"f.4F43718FA93D6414267F90606F9738F8.d.73DE072F9BBF56441B37337F442B5794.e.550"},{"element-6066-11e4-a52e-4f735466cecf":"f.4F43718FA93D6414267F90606F9738F8.d.73DE072F9BBF56441B37337F442B5794.e.551"},{"element-6066-11e4-a52e-4f735466cecf":"f.4F43718FA93D6414267F90606F9738F8.d.73DE072F9BBF56441B37337F442B5794.e.552"},{"element-6066-11e4-a52e-4f735466cecf":"f.4F43718FA93D6414267F90606F9738F8.d.73DE072F9BBF56441B37337F442B5794.e.553"},{"element-6066-11e4-a52e-4f735466cecf":"f.4F43718FA93D6414267F90606F9738F8.d.73DE072F9BBF56441B37337F442B5794.e.554"},{"element-6066-11e4-a52e-4f735466cecf":"f.4F43718FA93D6414267F90606F9738F8.d.73DE072F9BBF56441B37337F442B5794.e.555"},{"element-6066-11e4-a52e-4f735466cecf":"f.4F43718FA93D6414267F90606F9738F8.d.73DE072F9BBF56441B37337F442B5794.e.556"}]} | headers=HTTPHeaderDict({'Content-Length': '1190', 'Content-Type': 'application/json; charset=utf-8', 'cache-control': 'no-cache'}) (Line: 436) [remote_connection.py]
DEBUG (15/09/2026 09:13:21): Finished Request (Line: 465) [remote_connection.py]
DEBUG (15/09/2026 09:13:21): POST http://localhost:62331/session/f81b76abdd2c93f3ee341da095e31ca1/elements {'using': 'css selector', 'value': '._1rowqpjv'} (Line: 403) [remote_connection.py]
DEBUG (15/09/2026 09:13:21): http://localhost:62331 "POST /session/f81b76abdd2c93f3ee341da095e31ca1/elements HTTP/1.1" 200 0 (Line: 544) [connectionpool.py]
DEBUG (15/09/2026 09:13:21): Remote response: status=200 | data={"value":[{"element-6066-11e4-a52e-4f735466cecf":"f.4F43718FA93D6414267F90606F9738F8.d.73DE072F9BBF56441B37337F442B5794.e.50"},{"element-6066-11e4-a52e-4f735466cecf":"f.4F43718FA93D6414267F90606F9738F8.d.73DE072F9BBF56441B37337F442B5794.e.548"},{"element-6066-11e4-a52e-4f735466cecf":"f.4F43718FA93D6414267F90606F9738F8.d.73DE072F9BBF56441B37337F442B5794.e.549"},{"element-6066-11e4-a52e-4f735466cecf":"f.4F43718FA93D6414267F90606F9738F8.d.73DE072F9BBF56441B37337F442B5794.e.550"},{"element-6066-11e4-a52e-4f735466cecf":"f.4F43718FA93D6414267F90606F9738F8.d.73DE072F9BBF56441B37337F442B5794.e.551"},{"element-6066-11e4-a52e-4f735466cecf":"f.4F43718FA93D6414267F90606F9738F8.d.73DE072F9BBF56441B37337F442B5794.e.552"},{"element-6066-11e4-a52e-4f735466cecf":"f.4F43718FA93D6414267F90606F9738F8.d.73DE072F9BBF56441B37337F442B5794.e.553"},{"element-6066-11e4-a52e-4f735466cecf":"f.4F43718FA93D6414267F90606F9738F8.d.73DE072F9BBF56441B37337F442B5794.e.554"},{"element-6066-11e4-a52e-4f735466cecf":"f.4F43718FA93D6414267F90606F9738F8.d.73DE072F9BBF56441B37337F442B5794.e.555"},{"element-6066-11e4-a52e-4f735466cecf":"f.4F43718FA93D6414267F90606F9738F8.d.73DE072F9BBF56441B37337F442B5794.e.556"}]} | headers=HTTPHeaderDict({'Content-Length': '1190', 'Content-Type': 'application/json; charset=utf-8', 'cache-control': 'no-cache'}) (Line: 436) [remote_connection.py]
DEBUG (15/09/2026 09:13:21): Finished Request (Line: 465) [remote_connection.py]
DEBUG (15/09/2026 09:13:21): POST http://localhost:62331/session/f81b76abdd2c93f3ee341da095e31ca1/element/f.4F43718FA93D6414267F90606F9738F8.d.73DE072F9BBF56441B37337F442B5794.e.50/element {'using': 'css selector', 'value': '._sgs1pz'} (Line: 403) [remote_connection.py]
DEBUG (15/09/2026 09:13:21): http://localhost:62331 "POST /session/f81b76abdd2c93f3ee341da095e31ca1/element/f.4F43718FA93D6414267F90606F9738F8.d.73DE072F9BBF56441B37337F442B5794.e.50/element HTTP/1.1" 200 0 (Line: 544) [connectionpool.py]
DEBUG (15/09/2026 09:13:21): Remote response: status=200 | data={"value":{"element-6066-11e4-a52e-4f735466cecf":"f.4F43718FA93D6414267F90606F9738F8.d.73DE072F9BBF56441B37337F442B5794.e.567"}} | headers=HTTPHeaderDict({'Content-Length': '127', 'Content-Type': 'application/json; charset=utf-8', 'cache-control': 'no-cache'}) (Line: 436) [remote_connection.py]
DEBUG (15/09/2026 09:13:21): Finished Request (Line: 465) [remote_connection.py]
DEBUG (15/09/2026 09:13:21): POST http://localhost:62331/session/f81b76abdd2c93f3ee341da095e31ca1/element/f.4F43718FA93D6414267F90606F9738F8.d.73DE072F9BBF56441B37337F442B5794.e.50/element {'using': 'css selector', 'value': '._19h0cqe'} (Line: 403) [remote_connection.py]
DEBUG (15/09/2026 09:13:21): http://localhost:62331 "POST /session/f81b76abdd2c93f3ee341da095e31ca1/element/f.4F43718FA93D6414267F90606F9738F8.d.73DE072F9BBF56441B37337F442B5794.e.50/element HTTP/1.1" 200 0 (Line: 544) [connectionpool.py]
DEBUG (15/09/2026 09:13:21): Remote response: status=200 | data={"value":{"element-6066-11e4-a52e-4f735466cecf":"f.4F43718FA93D6414267F90606F9738F8.d.73DE072F9BBF56441B37337F442B5794.e.644"}} | headers=HTTPHeaderDict({'Content-Length': '127', 'Content-Type': 'application/json; charset=utf-8', 'cache-control': 'no-cache'}) (Line: 436) [remote_connection.py]
DEBUG (15/09/2026 09:13:21): Finished Request (Line: 465) [remote_connection.py]
DEBUG (15/09/2026 09:13:21): POST http://localhost:62331/session/f81b76abdd2c93f3ee341da095e31ca1/element/f.4F43718FA93D6414267F90606F9738F8.d.73DE072F9BBF56441B37337F442B5794.e.50/element {'using': 'css selector', 'value': '._19h0cqe'} (Line: 403) [remote_connection.py]
DEBUG (15/09/2026 09:13:21): http://localhost:62331 "POST /session/f81b76abdd2c93f3ee341da095e31ca1/element/f.4F43718FA93D6414267F90606F9738F8.d.73DE072F9BBF56441B37337F442B5794.e.50/element HTTP/1.1" 200 0 (Line: 544) [connectionpool.py]
DEBUG (15/09/2026 09:13:21): Remote response: status=200 | data={"value":{"element-6066-11e4-a52e-4f735466cecf":"f.4F43718FA93D6414267F90606F9738F8.d.73DE072F9BBF56441B37337F442B5794.e.644"}} | headers=HTTPHeaderDict({'Content-Length': '127', 'Content-Type': 'application/json; charset=utf-8', 'cache-control': 'no-cache'}) (Line: 436) [remote_connection.py]
DEBUG (15/09/2026 09:13:21): Finished Request (Line: 465) [remote_connection.py]
DEBUG (15/09/2026 09:13:21): POST http://localhost:62331/session/f81b76abdd2c93f3ee341da095e31ca1/execute/sync {'script': 'return arguments[0].textContent.trim();', 'args': [{'element-6066-11e4-a52e-4f735466cecf': 'f.4F43718FA93D6414267F90606F9738F8.d.73DE072F9BBF56441B37337F442B5794.e.644'}]} (Line: 403) [remote_connection.py]
DEBUG (15/09/2026 09:13:21): http://localhost:62331 "POST /session/f81b76abdd2c93f3ee341da095e31ca1/execute/sync HTTP/1.1" 200 0 (Line: 544) [connectionpool.py]
DEBUG (15/09/2026 09:13:21): Remote response: status=200 | data={"value":"Михаил Шуянцев"} | headers=HTTPHeaderDict({'Content-Length': '39', 'Content-Type': 'application/json; charset=utf-8', 'cache-control': 'no-cache'}) (Line: 436) [remote_connection.py]
DEBUG (15/09/2026 09:13:21): Finished Request (Line: 465) [remote_connection.py]
DEBUG (15/09/2026 09:13:21): POST http://localhost:62331/session/f81b76abdd2c93f3ee341da095e31ca1/element/f.4F43718FA93D6414267F90606F9738F8.d.73DE072F9BBF56441B37337F442B5794.e.50/element {'using': 'css selector', 'value': '._10c0hgu'} (Line: 403) [remote_connection.py]
DEBUG (15/09/2026 09:13:21): http://localhost:62331 "POST /session/f81b76abdd2c93f3ee341da095e31ca1/element/f.4F43718FA93D6414267F90606F9738F8.d.73DE072F9BBF56441B37337F442B5794.e.50/element HTTP/1.1" 200 0 (Line: 544) [connectionpool.py]
DEBUG (15/09/2026 09:13:21): Remote response: status=200 | data={"value":{"element-6066-11e4-a52e-4f735466cecf":"f.4F43718FA93D6414267F90606F9738F8.d.73DE072F9BBF56441B37337F442B5794.e.645"}} | headers=HTTPHeaderDict({'Content-Length': '127', 'Content-Type': 'application/json; charset=utf-8', 'cache-control': 'no-cache'}) (Line: 436) [remote_connection.py]
DEBUG (15/09/2026 09:13:21): Finished Request (Line: 465) [remote_connection.py]
DEBUG (15/09/2026 09:13:21): POST http://localhost:62331/session/f81b76abdd2c93f3ee341da095e31ca1/element/f.4F43718FA93D6414267F90606F9738F8.d.73DE072F9BBF56441B37337F442B5794.e.50/element {'using': 'css selector', 'value': '._10c0hgu'} (Line: 403) [remote_connection.py]
DEBUG (15/09/2026 09:13:21): http://localhost:62331 "POST /session/f81b76abdd2c93f3ee341da095e31ca1/element/f.4F43718FA93D6414267F90606F9738F8.d.73DE072F9BBF56441B37337F442B5794.e.50/element HTTP/1.1" 200 0 (Line: 544) [connectionpool.py]
DEBUG (15/09/2026 09:13:21): Remote response: status=200 | data={"value":{"element-6066-11e4-a52e-4f735466cecf":"f.4F43718FA93D6414267F90606F9738F8.d.73DE072F9BBF56441B37337F442B5794.e.645"}} | headers=HTTPHeaderDict({'Content-Length': '127', 'Content-Type': 'application/json; charset=utf-8', 'cache-control': 'no-cache'}) (Line: 436) [remote_connection.py]
DEBUG (15/09/2026 09:13:21): Finished Request (Line: 465) [remote_connection.py]
DEBUG (15/09/2026 09:13:21): POST http://localhost:62331/session/f81b76abdd2c93f3ee341da095e31ca1/execute/sync {'script': 'return arguments[0].textContent.trim();', 'args': [{'element-6066-11e4-a52e-4f735466cecf': 'f.4F43718FA93D6414267F90606F9738F8.d.73DE072F9BBF56441B37337F442B5794.e.645'}]} (Line: 403) [remote_connection.py]
DEBUG (15/09/2026 09:13:21): http://localhost:62331 "POST /session/f81b76abdd2c93f3ee341da095e31ca1/execute/sync HTTP/1.1" 200 0 (Line: 544) [connectionpool.py]
DEBUG (15/09/2026 09:13:21): Remote response: status=200 | data={"value":"23 сентября 2025"} | headers=HTTPHeaderDict({'Content-Length': '36', 'Content-Type': 'application/json; charset=utf-8', 'cache-control': 'no-cache'}) (Line: 436) [remote_connection.py]
DEBUG (15/09/2026 09:13:21): Finished Request (Line: 465) [remote_connection.py]
DEBUG (15/09/2026 09:13:21): POST http://localhost:62331/session/f81b76abdd2c93f3ee341da095e31ca1/element/f.4F43718FA93D6414267F90606F9738F8.d.73DE072F9BBF56441B37337F442B5794.e.50/element {'using': 'css selector', 'value': '._1fkin5c span'} (Line: 403) [remote_connection.py]
DEBUG (15/09/2026 09:13:21): http://localhost:62331 "POST /session/f81b76abdd2c93f3ee341da095e31ca1/element/f.4F43718FA93D6414267F90606F9738F8.d.73DE072F9BBF56441B37337F442B5794.e.50/element HTTP/1.1" 200 0 (Line: 544) [connectionpool.py]
DEBUG (15/09/2026 09:13:21): Remote response: status=200 | data={"value":{"element-6066-11e4-a52e-4f735466cecf":"f.4F43718FA93D6414267F90606F9738F8.d.73DE072F9BBF56441B37337F442B5794.e.646"}} | headers=HTTPHeaderDict({'Content-Length': '127', 'Content-Type': 'application/json; charset=utf-8', 'cache-control': 'no-cache'}) (Line: 436) [remote_connection.py]
DEBUG (15/09/2026 09:13:21): Finished Request (Line: 465) [remote_connection.py]
DEBUG (15/09/2026 09:13:21): POST http://localhost:62331/session/f81b76abdd2c93f3ee341da095e31ca1/element/f.4F43718FA93D6414267F90606F9738F8.d.73DE072F9BBF56441B37337F442B5794.e.50/elements {'using': 'css selector', 'value': '._1fkin5c span'} (Line: 403) [remote_connection.py]
DEBUG (15/09/2026 09:13:21): http://localhost:62331 "POST /session/f81b76abdd2c93f3ee341da095e31ca1/element/f.4F43718FA93D6414267F90606F9738F8.d.73DE072F9BBF56441B37337F442B5794.e.50/elements HTTP/1.1" 200 0 (Line: 544) [connectionpool.py]
DEBUG (15/09/2026 09:13:21): Remote response: status=200 | data={"value":[{"element-6066-11e4-a52e-4f735466cecf":"f.4F43718FA93D6414267F90606F9738F8.d.73DE072F9BBF56441B37337F442B5794.e.646"},{"element-6066-11e4-a52e-4f735466cecf":"f.4F43718FA93D6414267F90606F9738F8.d.73DE072F9BBF56441B37337F442B5794.e.647"},{"element-6066-11e4-a52e-4f735466cecf":"f.4F43718FA93D6414267F90606F9738F8.d.73DE072F9BBF56441B37337F442B5794.e.648"},{"element-6066-11e4-a52e-4f735466cecf":"f.4F43718FA93D6414267F90606F9738F8.d.73DE072F9BBF56441B37337F442B5794.e.649"},{"element-6066-11e4-a52e-4f735466cecf":"f.4F43718FA93D6414267F90606F9738F8.d.73DE072F9BBF56441B37337F442B5794.e.650"}]} | headers=HTTPHeaderDict({'Content-Length': '601', 'Content-Type': 'application/json; charset=utf-8', 'cache-control': 'no-cache'}) (Line: 436) [remote_connection.py]
DEBUG (15/09/2026 09:13:21): Finished Request (Line: 465) [remote_connection.py]
DEBUG (15/09/2026 09:13:21): POST http://localhost:62331/session/f81b76abdd2c93f3ee341da095e31ca1/element/f.4F43718FA93D6414267F90606F9738F8.d.73DE072F9BBF56441B37337F442B5794.e.50/element {'using': 'css selector', 'value': '._oxthv5'} (Line: 403) [remote_connection.py]
DEBUG (15/09/2026 09:13:21): http://localhost:62331 "POST /session/f81b76abdd2c93f3ee341da095e31ca1/element/f.4F43718FA93D6414267F90606F9738F8.d.73DE072F9BBF56441B37337F442B5794.e.50/element HTTP/1.1" 200 0 (Line: 544) [connectionpool.py]
DEBUG (15/09/2026 09:13:21): Remote response: status=200 | data={"value":{"element-6066-11e4-a52e-4f735466cecf":"f.4F43718FA93D6414267F90606F9738F8.d.73DE072F9BBF56441B37337F442B5794.e.210"}} | headers=HTTPHeaderDict({'Content-Length': '127', 'Content-Type': 'application/json; charset=utf-8', 'cache-control': 'no-cache'}) (Line: 436) [remote_connection.py]
DEBUG (15/09/2026 09:13:21): Finished Request (Line: 465) [remote_connection.py]
DEBUG (15/09/2026 09:13:21): POST http://localhost:62331/session/f81b76abdd2c93f3ee341da095e31ca1/element/f.4F43718FA93D6414267F90606F9738F8.d.73DE072F9BBF56441B37337F442B5794.e.50/element {'using': 'css selector', 'value': '._oxthv5'} (Line: 403) [remote_connection.py]
DEBUG (15/09/2026 09:13:21): http://localhost:62331 "POST /session/f81b76abdd2c93f3ee341da095e31ca1/element/f.4F43718FA93D6414267F90606F9738F8.d.73DE072F9BBF56441B37337F442B5794.e.50/element HTTP/1.1" 200 0 (Line: 544) [connectionpool.py]
DEBUG (15/09/2026 09:13:21): Remote response: status=200 | data={"value":{"element-6066-11e4-a52e-4f735466cecf":"f.4F43718FA93D6414267F90606F9738F8.d.73DE072F9BBF56441B37337F442B5794.e.210"}} | headers=HTTPHeaderDict({'Content-Length': '127', 'Content-Type': 'application/json; charset=utf-8', 'cache-control': 'no-cache'}) (Line: 436) [remote_connection.py]
DEBUG (15/09/2026 09:13:21): Finished Request (Line: 465) [remote_connection.py]
DEBUG (15/09/2026 09:13:21): POST http://localhost:62331/session/f81b76abdd2c93f3ee341da095e31ca1/execute/sync {'script': 'return arguments[0].textContent.trim();', 'args': [{'element-6066-11e4-a52e-4f735466cecf': 'f.4F43718FA93D6414267F90606F9738F8.d.73DE072F9BBF56441B37337F442B5794.e.210'}]} (Line: 403) [remote_connection.py]
DEBUG (15/09/2026 09:13:21): http://localhost:62331 "POST /session/f81b76abdd2c93f3ee341da095e31ca1/execute/sync HTTP/1.1" 200 0 (Line: 544) [connectionpool.py]
DEBUG (15/09/2026 09:13:21): Remote response: status=200 | data={"value":"Заказывали у них ремкомплекты для насосов CR. Доставили быстро, всё оригинал и упаковка целая. Цены тут оптовые и качество на уровне. Клиенты у нас довольны. Моторы работают ровно, без подтёков."} | headers=HTTPHeaderDict({'Content-Length': '362', 'Content-Type': 'application/json; charset=utf-8', 'cache-control': 'no-cache'}) (Line: 436) [remote_connection.py]
DEBUG (15/09/2026 09:13:21): Finished Request (Line: 465) [remote_connection.py]
DEBUG (15/09/2026 09:13:21): POST http://localhost:62331/session/f81b76abdd2c93f3ee341da095e31ca1/element/f.4F43718FA93D6414267F90606F9738F8.d.73DE072F9BBF56441B37337F442B5794.e.50/element {'using': 'css selector', 'value': '._1evjsdb'} (Line: 403) [remote_connection.py]
DEBUG (15/09/2026 09:13:21): http://localhost:62331 "POST /session/f81b76abdd2c93f3ee341da095e31ca1/element/f.4F43718FA93D6414267F90606F9738F8.d.73DE072F9BBF56441B37337F442B5794.e.50/element HTTP/1.1" 200 0 (Line: 544) [connectionpool.py]
DEBUG (15/09/2026 09:13:21): Remote response: status=200 | data={"value":{"element-6066-11e4-a52e-4f735466cecf":"f.4F43718FA93D6414267F90606F9738F8.d.73DE072F9BBF56441B37337F442B5794.e.651"}} | headers=HTTPHeaderDict({'Content-Length': '127', 'Content-Type': 'application/json; charset=utf-8', 'cache-control': 'no-cache'}) (Line: 436) [remote_connection.py]
DEBUG (15/09/2026 09:13:21): Finished Request (Line: 465) [remote_connection.py]
DEBUG (15/09/2026 09:13:21): POST http://localhost:62331/session/f81b76abdd2c93f3ee341da095e31ca1/element/f.4F43718FA93D6414267F90606F9738F8.d.73DE072F9BBF56441B37337F442B5794.e.50/element {'using': 'css selector', 'value': '._1evjsdb'} (Line: 403) [remote_connection.py]
DEBUG (15/09/2026 09:13:21): http://localhost:62331 "POST /session/f81b76abdd2c93f3ee341da095e31ca1/element/f.4F43718FA93D6414267F90606F9738F8.d.73DE072F9BBF56441B37337F442B5794.e.50/element HTTP/1.1" 200 0 (Line: 544) [connectionpool.py]
DEBUG (15/09/2026 09:13:21): Remote response: status=200 | data={"value":{"element-6066-11e4-a52e-4f735466cecf":"f.4F43718FA93D6414267F90606F9738F8.d.73DE072F9BBF56441B37337F442B5794.e.651"}} | headers=HTTPHeaderDict({'Content-Length': '127', 'Content-Type': 'application/json; charset=utf-8', 'cache-control': 'no-cache'}) (Line: 436) [remote_connection.py]
DEBUG (15/09/2026 09:13:21): Finished Request (Line: 465) [remote_connection.py]
DEBUG (15/09/2026 09:13:21): POST http://localhost:62331/session/f81b76abdd2c93f3ee341da095e31ca1/execute/sync {'script': 'return arguments[0].textContent.trim();', 'args': [{'element-6066-11e4-a52e-4f735466cecf': 'f.4F43718FA93D6414267F90606F9738F8.d.73DE072F9BBF56441B37337F442B5794.e.651'}]} (Line: 403) [remote_connection.py]
DEBUG (15/09/2026 09:13:21): http://localhost:62331 "POST /session/f81b76abdd2c93f3ee341da095e31ca1/execute/sync HTTP/1.1" 200 0 (Line: 544) [connectionpool.py]
DEBUG (15/09/2026 09:13:21): Remote response: status=200 | data={"value":"24 сентября 2025, официальный ответ"} | headers=HTTPHeaderDict({'Content-Length': '71', 'Content-Type': 'application/json; charset=utf-8', 'cache-control': 'no-cache'}) (Line: 436) [remote_connection.py]
DEBUG (15/09/2026 09:13:21): Finished Request (Line: 465) [remote_connection.py]
DEBUG (15/09/2026 09:13:21): POST http://localhost:62331/session/f81b76abdd2c93f3ee341da095e31ca1/element/f.4F43718FA93D6414267F90606F9738F8.d.73DE072F9BBF56441B37337F442B5794.e.50/element {'using': 'css selector', 'value': '._1wk3bjs'} (Line: 403) [remote_connection.py]
DEBUG (15/09/2026 09:13:21): http://localhost:62331 "POST /session/f81b76abdd2c93f3ee341da095e31ca1/element/f.4F43718FA93D6414267F90606F9738F8.d.73DE072F9BBF56441B37337F442B5794.e.50/element HTTP/1.1" 200 0 (Line: 544) [connectionpool.py]
DEBUG (15/09/2026 09:13:21): Remote response: status=200 | data={"value":{"element-6066-11e4-a52e-4f735466cecf":"f.4F43718FA93D6414267F90606F9738F8.d.73DE072F9BBF56441B37337F442B5794.e.652"}} | headers=HTTPHeaderDict({'Content-Length': '127', 'Content-Type': 'application/json; charset=utf-8', 'cache-control': 'no-cache'}) (Line: 436) [remote_connection.py]
DEBUG (15/09/2026 09:13:21): Finished Request (Line: 465) [remote_connection.py]
DEBUG (15/09/2026 09:13:21): POST http://localhost:62331/session/f81b76abdd2c93f3ee341da095e31ca1/element/f.4F43718FA93D6414267F90606F9738F8.d.73DE072F9BBF56441B37337F442B5794.e.50/element {'using': 'css selector', 'value': '._1wk3bjs'} (Line: 403) [remote_connection.py]
DEBUG (15/09/2026 09:13:21): http://localhost:62331 "POST /session/f81b76abdd2c93f3ee341da095e31ca1/element/f.4F43718FA93D6414267F90606F9738F8.d.73DE072F9BBF56441B37337F442B5794.e.50/element HTTP/1.1" 200 0 (Line: 544) [connectionpool.py]
DEBUG (15/09/2026 09:13:21): Remote response: status=200 | data={"value":{"element-6066-11e4-a52e-4f735466cecf":"f.4F43718FA93D6414267F90606F9738F8.d.73DE072F9BBF56441B37337F442B5794.e.652"}} | headers=HTTPHeaderDict({'Content-Length': '127', 'Content-Type': 'application/json; charset=utf-8', 'cache-control': 'no-cache'}) (Line: 436) [remote_connection.py]
DEBUG (15/09/2026 09:13:21): Finished Request (Line: 465) [remote_connection.py]
DEBUG (15/09/2026 09:13:21): POST http://localhost:62331/session/f81b76abdd2c93f3ee341da095e31ca1/execute/sync {'script': 'return arguments[0].textContent.trim();', 'args': [{'element-6066-11e4-a52e-4f735466cecf': 'f.4F43718FA93D6414267F90606F9738F8.d.73DE072F9BBF56441B37337F442B5794.e.652'}]} (Line: 403) [remote_connection.py]
DEBUG (15/09/2026 09:13:21): http://localhost:62331 "POST /session/f81b76abdd2c93f3ee341da095e31ca1/execute/sync HTTP/1.1" 200 0 (Line: 544) [connectionpool.py]
DEBUG (15/09/2026 09:13:21): Remote response: status=200 | data={"value":"Благодарим за положительный отзыв и доверие. Будем и дальше стараться поддерживать высокий уровень качества и оперативности.\nС уважением, коллектив ООО \"АвтоДизельПарт\"."} | headers=HTTPHeaderDict({'Content-Length': '327', 'Content-Type': 'application/json; charset=utf-8', 'cache-control': 'no-cache'}) (Line: 436) [remote_connection.py]
DEBUG (15/09/2026 09:13:21): Finished Request (Line: 465) [remote_connection.py]
DEBUG (15/09/2026 09:13:21): POST http://localhost:62331/session/f81b76abdd2c93f3ee341da095e31ca1/element/f.4F43718FA93D6414267F90606F9738F8.d.73DE072F9BBF56441B37337F442B5794.e.548/element {'using': 'css selector', 'value': '._sgs1pz'} (Line: 403) [remote_connection.py]
DEBUG (15/09/2026 09:13:21): http://localhost:62331 "POST /session/f81b76abdd2c93f3ee341da095e31ca1/element/f.4F43718FA93D6414267F90606F9738F8.d.73DE072F9BBF56441B37337F442B5794.e.548/element HTTP/1.1" 200 0 (Line: 544) [connectionpool.py]
DEBUG (15/09/2026 09:13:21): Remote response: status=200 | data={"value":{"element-6066-11e4-a52e-4f735466cecf":"f.4F43718FA93D6414267F90606F9738F8.d.73DE072F9BBF56441B37337F442B5794.e.568"}} | headers=HTTPHeaderDict({'Content-Length': '127', 'Content-Type': 'application/json; charset=utf-8', 'cache-control': 'no-cache'}) (Line: 436) [remote_connection.py]
DEBUG (15/09/2026 09:13:21): Finished Request (Line: 465) [remote_connection.py]
DEBUG (15/09/2026 09:13:21): POST http://localhost:62331/session/f81b76abdd2c93f3ee341da095e31ca1/element/f.4F43718FA93D6414267F90606F9738F8.d.73DE072F9BBF56441B37337F442B5794.e.548/element {'using': 'css selector', 'value': '._19h0cqe'} (Line: 403) [remote_connection.py]
DEBUG (15/09/2026 09:13:21): http://localhost:62331 "POST /session/f81b76abdd2c93f3ee341da095e31ca1/element/f.4F43718FA93D6414267F90606F9738F8.d.73DE072F9BBF56441B37337F442B5794.e.548/element HTTP/1.1" 200 0 (Line: 544) [connectionpool.py]
DEBUG (15/09/2026 09:13:21): Remote response: status=200 | data={"value":{"element-6066-11e4-a52e-4f735466cecf":"f.4F43718FA93D6414267F90606F9738F8.d.73DE072F9BBF56441B37337F442B5794.e.653"}} | headers=HTTPHeaderDict({'Content-Length': '127', 'Content-Type': 'application/json; charset=utf-8', 'cache-control': 'no-cache'}) (Line: 436) [remote_connection.py]
DEBUG (15/09/2026 09:13:21): Finished Request (Line: 465) [remote_connection.py]
DEBUG (15/09/2026 09:13:21): POST http://localhost:62331/session/f81b76abdd2c93f3ee341da095e31ca1/element/f.4F43718FA93D6414267F90606F9738F8.d.73DE072F9BBF56441B37337F442B5794.e.548/element {'using': 'css selector', 'value': '._19h0cqe'} (Line: 403) [remote_connection.py]
DEBUG (15/09/2026 09:13:21): http://localhost:62331 "POST /session/f81b76abdd2c93f3ee341da095e31ca1/element/f.4F43718FA93D6414267F90606F9738F8.d.73DE072F9BBF56441B37337F442B5794.e.548/element HTTP/1.1" 200 0 (Line: 544) [connectionpool.py]
DEBUG (15/09/2026 09:13:21): Remote response: status=200 | data={"value":{"element-6066-11e4-a52e-4f735466cecf":"f.4F43718FA93D6414267F90606F9738F8.d.73DE072F9BBF56441B37337F442B5794.e.653"}} | headers=HTTPHeaderDict({'Content-Length': '127', 'Content-Type': 'application/json; charset=utf-8', 'cache-control': 'no-cache'}) (Line: 436) [remote_connection.py]
DEBUG (15/09/2026 09:13:21): Finished Request (Line: 465) [remote_connection.py]
DEBUG (15/09/2026 09:13:21): POST http://localhost:62331/session/f81b76abdd2c93f3ee341da095e31ca1/execute/sync {'script': 'return arguments[0].textContent.trim();', 'args': [{'element-6066-11e4-a52e-4f735466cecf': 'f.4F43718FA93D6414267F90606F9738F8.d.73DE072F9BBF56441B37337F442B5794.e.653'}]} (Line: 403) [remote_connection.py]
DEBUG (15/09/2026 09:13:21): http://localhost:62331 "POST /session/f81b76abdd2c93f3ee341da095e31ca1/execute/sync HTTP/1.1" 200 0 (Line: 544) [connectionpool.py]
DEBUG (15/09/2026 09:13:21): Remote response: status=200 | data={"value":"Елизавета Герасимова"} | headers=HTTPHeaderDict({'Content-Length': '51', 'Content-Type': 'application/json; charset=utf-8', 'cache-control': 'no-cache'}) (Line: 436) [remote_connection.py]
DEBUG (15/09/2026 09:13:21): Finished Request (Line: 465) [remote_connection.py]
DEBUG (15/09/2026 09:13:21): POST http://localhost:62331/session/f81b76abdd2c93f3ee341da095e31ca1/element/f.4F43718FA93D6414267F90606F9738F8.d.73DE072F9BBF56441B37337F442B5794.e.548/element {'using': 'css selector', 'value': '._10c0hgu'} (Line: 403) [remote_connection.py]
DEBUG (15/09/2026 09:13:21): http://localhost:62331 "POST /session/f81b76abdd2c93f3ee341da095e31ca1/element/f.4F43718FA93D6414267F90606F9738F8.d.73DE072F9BBF56441B37337F442B5794.e.548/element HTTP/1.1" 200 0 (Line: 544) [connectionpool.py]
DEBUG (15/09/2026 09:13:21): Remote response: status=200 | data={"value":{"element-6066-11e4-a52e-4f735466cecf":"f.4F43718FA93D6414267F90606F9738F8.d.73DE072F9BBF56441B37337F442B5794.e.654"}} | headers=HTTPHeaderDict({'Content-Length': '127', 'Content-Type': 'application/json; charset=utf-8', 'cache-control': 'no-cache'}) (Line: 436) [remote_connection.py]
DEBUG (15/09/2026 09:13:21): Finished Request (Line: 465) [remote_connection.py]
DEBUG (15/09/2026 09:13:21): POST http://localhost:62331/session/f81b76abdd2c93f3ee341da095e31ca1/element/f.4F43718FA93D6414267F90606F9738F8.d.73DE072F9BBF56441B37337F442B5794.e.548/element {'using': 'css selector', 'value': '._10c0hgu'} (Line: 403) [remote_connection.py]
DEBUG (15/09/2026 09:13:21): http://localhost:62331 "POST /session/f81b76abdd2c93f3ee341da095e31ca1/element/f.4F43718FA93D6414267F90606F9738F8.d.73DE072F9BBF56441B37337F442B5794.e.548/element HTTP/1.1" 200 0 (Line: 544) [connectionpool.py]
DEBUG (15/09/2026 09:13:21): Remote response: status=200 | data={"value":{"element-6066-11e4-a52e-4f735466cecf":"f.4F43718FA93D6414267F90606F9738F8.d.73DE072F9BBF56441B37337F442B5794.e.654"}} | headers=HTTPHeaderDict({'Content-Length': '127', 'Content-Type': 'application/json; charset=utf-8', 'cache-control': 'no-cache'}) (Line: 436) [remote_connection.py]
DEBUG (15/09/2026 09:13:21): Finished Request (Line: 465) [remote_connection.py]
DEBUG (15/09/2026 09:13:21): POST http://localhost:62331/session/f81b76abdd2c93f3ee341da095e31ca1/execute/sync {'script': 'return arguments[0].textContent.trim();', 'args': [{'element-6066-11e4-a52e-4f735466cecf': 'f.4F43718FA93D6414267F90606F9738F8.d.73DE072F9BBF56441B37337F442B5794.e.654'}]} (Line: 403) [remote_connection.py]
DEBUG (15/09/2026 09:13:21): http://localhost:62331 "POST /session/f81b76abdd2c93f3ee341da095e31ca1/execute/sync HTTP/1.1" 200 0 (Line: 544) [connectionpool.py]
DEBUG (15/09/2026 09:13:21): Remote response: status=200 | data={"value":"17 сентября 2025"} | headers=HTTPHeaderDict({'Content-Length': '36', 'Content-Type': 'application/json; charset=utf-8', 'cache-control': 'no-cache'}) (Line: 436) [remote_connection.py]
DEBUG (15/09/2026 09:13:21): Finished Request (Line: 465) [remote_connection.py]
DEBUG (15/09/2026 09:13:21): POST http://localhost:62331/session/f81b76abdd2c93f3ee341da095e31ca1/element/f.4F43718FA93D6414267F90606F9738F8.d.73DE072F9BBF56441B37337F442B5794.e.548/element {'using': 'css selector', 'value': '._1fkin5c span'} (Line: 403) [remote_connection.py]
DEBUG (15/09/2026 09:13:21): http://localhost:62331 "POST /session/f81b76abdd2c93f3ee341da095e31ca1/element/f.4F43718FA93D6414267F90606F9738F8.d.73DE072F9BBF56441B37337F442B5794.e.548/element HTTP/1.1" 200 0 (Line: 544) [connectionpool.py]
DEBUG (15/09/2026 09:13:21): Remote response: status=200 | data={"value":{"element-6066-11e4-a52e-4f735466cecf":"f.4F43718FA93D6414267F90606F9738F8.d.73DE072F9BBF56441B37337F442B5794.e.655"}} | headers=HTTPHeaderDict({'Content-Length': '127', 'Content-Type': 'application/json; charset=utf-8', 'cache-control': 'no-cache'}) (Line: 436) [remote_connection.py]
DEBUG (15/09/2026 09:13:21): Finished Request (Line: 465) [remote_connection.py]
DEBUG (15/09/2026 09:13:21): POST http://localhost:62331/session/f81b76abdd2c93f3ee341da095e31ca1/element/f.4F43718FA93D6414267F90606F9738F8.d.73DE072F9BBF56441B37337F442B5794.e.548/elements {'using': 'css selector', 'value': '._1fkin5c span'} (Line: 403) [remote_connection.py]
DEBUG (15/09/2026 09:13:21): http://localhost:62331 "POST /session/f81b76abdd2c93f3ee341da095e31ca1/element/f.4F43718FA93D6414267F90606F9738F8.d.73DE072F9BBF56441B37337F442B5794.e.548/elements HTTP/1.1" 200 0 (Line: 544) [connectionpool.py]
DEBUG (15/09/2026 09:13:21): Remote response: status=200 | data={"value":[{"element-6066-11e4-a52e-4f735466cecf":"f.4F43718FA93D6414267F90606F9738F8.d.73DE072F9BBF56441B37337F442B5794.e.655"},{"element-6066-11e4-a52e-4f735466cecf":"f.4F43718FA93D6414267F90606F9738F8.d.73DE072F9BBF56441B37337F442B5794.e.656"},{"element-6066-11e4-a52e-4f735466cecf":"f.4F43718FA93D6414267F90606F9738F8.d.73DE072F9BBF56441B37337F442B5794.e.657"},{"element-6066-11e4-a52e-4f735466cecf":"f.4F43718FA93D6414267F90606F9738F8.d.73DE072F9BBF56441B37337F442B5794.e.658"},{"element-6066-11e4-a52e-4f735466cecf":"f.4F43718FA93D6414267F90606F9738F8.d.73DE072F9BBF56441B37337F442B5794.e.659"}]} | headers=HTTPHeaderDict({'Content-Length': '601', 'Content-Type': 'application/json; charset=utf-8', 'cache-control': 'no-cache'}) (Line: 436) [remote_connection.py]
DEBUG (15/09/2026 09:13:21): Finished Request (Line: 465) [remote_connection.py]
DEBUG (15/09/2026 09:13:21): POST http://localhost:62331/session/f81b76abdd2c93f3ee341da095e31ca1/element/f.4F43718FA93D6414267F90606F9738F8.d.73DE072F9BBF56441B37337F442B5794.e.548/element {'using': 'css selector', 'value': '._oxthv5'} (Line: 403) [remote_connection.py]
DEBUG (15/09/2026 09:13:22): http://localhost:62331 "POST /session/f81b76abdd2c93f3ee341da095e31ca1/element/f.4F43718FA93D6414267F90606F9738F8.d.73DE072F9BBF56441B37337F442B5794.e.548/element HTTP/1.1" 200 0 (Line: 544) [connectionpool.py]
DEBUG (15/09/2026 09:13:22): Remote response: status=200 | data={"value":{"element-6066-11e4-a52e-4f735466cecf":"f.4F43718FA93D6414267F90606F9738F8.d.73DE072F9BBF56441B37337F442B5794.e.231"}} | headers=HTTPHeaderDict({'Content-Length': '127', 'Content-Type': 'application/json; charset=utf-8', 'cache-control': 'no-cache'}) (Line: 436) [remote_connection.py]
DEBUG (15/09/2026 09:13:22): Finished Request (Line: 465) [remote_connection.py]
DEBUG (15/09/2026 09:13:22): POST http://localhost:62331/session/f81b76abdd2c93f3ee341da095e31ca1/element/f.4F43718FA93D6414267F90606F9738F8.d.73DE072F9BBF56441B37337F442B5794.e.548/element {'using': 'css selector', 'value': '._oxthv5'} (Line: 403) [remote_connection.py]
DEBUG (15/09/2026 09:13:22): http://localhost:62331 "POST /session/f81b76abdd2c93f3ee341da095e31ca1/element/f.4F43718FA93D6414267F90606F9738F8.d.73DE072F9BBF56441B37337F442B5794.e.548/element HTTP/1.1" 200 0 (Line: 544) [connectionpool.py]
DEBUG (15/09/2026 09:13:22): Remote response: status=200 | data={"value":{"element-6066-11e4-a52e-4f735466cecf":"f.4F43718FA93D6414267F90606F9738F8.d.73DE072F9BBF56441B37337F442B5794.e.231"}} | headers=HTTPHeaderDict({'Content-Length': '127', 'Content-Type': 'application/json; charset=utf-8', 'cache-control': 'no-cache'}) (Line: 436) [remote_connection.py]
DEBUG (15/09/2026 09:13:22): Finished Request (Line: 465) [remote_connection.py]
DEBUG (15/09/2026 09:13:22): POST http://localhost:62331/session/f81b76abdd2c93f3ee341da095e31ca1/execute/sync {'script': 'return arguments[0].textContent.trim();', 'args': [{'element-6066-11e4-a52e-4f735466cecf': 'f.4F43718FA93D6414267F90606F9738F8.d.73DE072F9BBF56441B37337F442B5794.e.231'}]} (Line: 403) [remote_connection.py]
DEBUG (15/09/2026 09:13:22): http://localhost:62331 "POST /session/f81b76abdd2c93f3ee341da095e31ca1/execute/sync HTTP/1.1" 200 0 (Line: 544) [connectionpool.py]
DEBUG (15/09/2026 09:13:22): Remote response: status=200 | data={"value":"Отличный поставщик автозапчастей, все нужные позиции всегда в наличии, менеджеры опытные и вежливые. Никаких проблем или претензий нет. Смело рекомендую обращаться к ним!!!"} | headers=HTTPHeaderDict({'Content-Length': '327', 'Content-Type': 'application/json; charset=utf-8', 'cache-control': 'no-cache'}) (Line: 436) [remote_connection.py]
DEBUG (15/09/2026 09:13:22): Finished Request (Line: 465) [remote_connection.py]
DEBUG (15/09/2026 09:13:22): POST http://localhost:62331/session/f81b76abdd2c93f3ee341da095e31ca1/element/f.4F43718FA93D6414267F90606F9738F8.d.73DE072F9BBF56441B37337F442B5794.e.548/element {'using': 'css selector', 'value': '._1evjsdb'} (Line: 403) [remote_connection.py]
DEBUG (15/09/2026 09:13:22): http://localhost:62331 "POST /session/f81b76abdd2c93f3ee341da095e31ca1/element/f.4F43718FA93D6414267F90606F9738F8.d.73DE072F9BBF56441B37337F442B5794.e.548/element HTTP/1.1" 200 0 (Line: 544) [connectionpool.py]
DEBUG (15/09/2026 09:13:22): Remote response: status=200 | data={"value":{"element-6066-11e4-a52e-4f735466cecf":"f.4F43718FA93D6414267F90606F9738F8.d.73DE072F9BBF56441B37337F442B5794.e.660"}} | headers=HTTPHeaderDict({'Content-Length': '127', 'Content-Type': 'application/json; charset=utf-8', 'cache-control': 'no-cache'}) (Line: 436) [remote_connection.py]
DEBUG (15/09/2026 09:13:22): Finished Request (Line: 465) [remote_connection.py]
DEBUG (15/09/2026 09:13:22): POST http://localhost:62331/session/f81b76abdd2c93f3ee341da095e31ca1/element/f.4F43718FA93D6414267F90606F9738F8.d.73DE072F9BBF56441B37337F442B5794.e.548/element {'using': 'css selector', 'value': '._1evjsdb'} (Line: 403) [remote_connection.py]
DEBUG (15/09/2026 09:13:22): http://localhost:62331 "POST /session/f81b76abdd2c93f3ee341da095e31ca1/element/f.4F43718FA93D6414267F90606F9738F8.d.73DE072F9BBF56441B37337F442B5794.e.548/element HTTP/1.1" 200 0 (Line: 544) [connectionpool.py]
DEBUG (15/09/2026 09:13:22): Remote response: status=200 | data={"value":{"element-6066-11e4-a52e-4f735466cecf":"f.4F43718FA93D6414267F90606F9738F8.d.73DE072F9BBF56441B37337F442B5794.e.660"}} | headers=HTTPHeaderDict({'Content-Length': '127', 'Content-Type': 'application/json; charset=utf-8', 'cache-control': 'no-cache'}) (Line: 436) [remote_connection.py]
DEBUG (15/09/2026 09:13:22): Finished Request (Line: 465) [remote_connection.py]
DEBUG (15/09/2026 09:13:22): POST http://localhost:62331/session/f81b76abdd2c93f3ee341da095e31ca1/execute/sync {'script': 'return arguments[0].textContent.trim();', 'args': [{'element-6066-11e4-a52e-4f735466cecf': 'f.4F43718FA93D6414267F90606F9738F8.d.73DE072F9BBF56441B37337F442B5794.e.660'}]} (Line: 403) [remote_connection.py]
DEBUG (15/09/2026 09:13:22): http://localhost:62331 "POST /session/f81b76abdd2c93f3ee341da095e31ca1/execute/sync HTTP/1.1" 200 0 (Line: 544) [connectionpool.py]
DEBUG (15/09/2026 09:13:22): Remote response: status=200 | data={"value":"24 сентября 2025, официальный ответ"} | headers=HTTPHeaderDict({'Content-Length': '71', 'Content-Type': 'application/json; charset=utf-8', 'cache-control': 'no-cache'}) (Line: 436) [remote_connection.py]
DEBUG (15/09/2026 09:13:22): Finished Request (Line: 465) [remote_connection.py]
DEBUG (15/09/2026 09:13:22): POST http://localhost:62331/session/f81b76abdd2c93f3ee341da095e31ca1/element/f.4F43718FA93D6414267F90606F9738F8.d.73DE072F9BBF56441B37337F442B5794.e.548/element {'using': 'css selector', 'value': '._1wk3bjs'} (Line: 403) [remote_connection.py]
DEBUG (15/09/2026 09:13:22): http://localhost:62331 "POST /session/f81b76abdd2c93f3ee341da095e31ca1/element/f.4F43718FA93D6414267F90606F9738F8.d.73DE072F9BBF56441B37337F442B5794.e.548/element HTTP/1.1" 200 0 (Line: 544) [connectionpool.py]
DEBUG (15/09/2026 09:13:22): Remote response: status=200 | data={"value":{"element-6066-11e4-a52e-4f735466cecf":"f.4F43718FA93D6414267F90606F9738F8.d.73DE072F9BBF56441B37337F442B5794.e.661"}} | headers=HTTPHeaderDict({'Content-Length': '127', 'Content-Type': 'application/json; charset=utf-8', 'cache-control': 'no-cache'}) (Line: 436) [remote_connection.py]
DEBUG (15/09/2026 09:13:22): Finished Request (Line: 465) [remote_connection.py]
DEBUG (15/09/2026 09:13:22): POST http://localhost:62331/session/f81b76abdd2c93f3ee341da095e31ca1/element/f.4F43718FA93D6414267F90606F9738F8.d.73DE072F9BBF56441B37337F442B5794.e.548/element {'using': 'css selector', 'value': '._1wk3bjs'} (Line: 403) [remote_connection.py]
DEBUG (15/09/2026 09:13:22): http://localhost:62331 "POST /session/f81b76abdd2c93f3ee341da095e31ca1/element/f.4F43718FA93D6414267F90606F9738F8.d.73DE072F9BBF56441B37337F442B5794.e.548/element HTTP/1.1" 200 0 (Line: 544) [connectionpool.py]
DEBUG (15/09/2026 09:13:22): Remote response: status=200 | data={"value":{"element-6066-11e4-a52e-4f735466cecf":"f.4F43718FA93D6414267F90606F9738F8.d.73DE072F9BBF56441B37337F442B5794.e.661"}} | headers=HTTPHeaderDict({'Content-Length': '127', 'Content-Type': 'application/json; charset=utf-8', 'cache-control': 'no-cache'}) (Line: 436) [remote_connection.py]
DEBUG (15/09/2026 09:13:22): Finished Request (Line: 465) [remote_connection.py]
DEBUG (15/09/2026 09:13:22): POST http://localhost:62331/session/f81b76abdd2c93f3ee341da095e31ca1/execute/sync {'script': 'return arguments[0].textContent.trim();', 'args': [{'element-6066-11e4-a52e-4f735466cecf': 'f.4F43718FA93D6414267F90606F9738F8.d.73DE072F9BBF56441B37337F442B5794.e.661'}]} (Line: 403) [remote_connection.py]
DEBUG (15/09/2026 09:13:22): http://localhost:62331 "POST /session/f81b76abdd2c93f3ee341da095e31ca1/execute/sync HTTP/1.1" 200 0 (Line: 544) [connectionpool.py]
DEBUG (15/09/2026 09:13:22): Remote response: status=200 | data={"value":"Большое спасибо за такие теплые слова и доверие. Нам очень приятно знать, что вы довольны нашим обслуживанием и ассортиментом. Будем рады продолжать сотрудничество!\nС уважением, коллектив ООО \"АвтоДизельПарт\"."} | headers=HTTPHeaderDict({'Content-Length': '398', 'Content-Type': 'application/json; charset=utf-8', 'cache-control': 'no-cache'}) (Line: 436) [remote_connection.py]
DEBUG (15/09/2026 09:13:22): Finished Request (Line: 465) [remote_connection.py]
DEBUG (15/09/2026 09:13:22): POST http://localhost:62331/session/f81b76abdd2c93f3ee341da095e31ca1/element/f.4F43718FA93D6414267F90606F9738F8.d.73DE072F9BBF56441B37337F442B5794.e.549/element {'using': 'css selector', 'value': '._sgs1pz'} (Line: 403) [remote_connection.py]
DEBUG (15/09/2026 09:13:22): http://localhost:62331 "POST /session/f81b76abdd2c93f3ee341da095e31ca1/element/f.4F43718FA93D6414267F90606F9738F8.d.73DE072F9BBF56441B37337F442B5794.e.549/element HTTP/1.1" 200 0 (Line: 544) [connectionpool.py]
DEBUG (15/09/2026 09:13:22): Remote response: status=200 | data={"value":{"element-6066-11e4-a52e-4f735466cecf":"f.4F43718FA93D6414267F90606F9738F8.d.73DE072F9BBF56441B37337F442B5794.e.569"}} | headers=HTTPHeaderDict({'Content-Length': '127', 'Content-Type': 'application/json; charset=utf-8', 'cache-control': 'no-cache'}) (Line: 436) [remote_connection.py]
DEBUG (15/09/2026 09:13:22): Finished Request (Line: 465) [remote_connection.py]
DEBUG (15/09/2026 09:13:22): POST http://localhost:62331/session/f81b76abdd2c93f3ee341da095e31ca1/element/f.4F43718FA93D6414267F90606F9738F8.d.73DE072F9BBF56441B37337F442B5794.e.549/element {'using': 'css selector', 'value': '._19h0cqe'} (Line: 403) [remote_connection.py]
DEBUG (15/09/2026 09:13:22): http://localhost:62331 "POST /session/f81b76abdd2c93f3ee341da095e31ca1/element/f.4F43718FA93D6414267F90606F9738F8.d.73DE072F9BBF56441B37337F442B5794.e.549/element HTTP/1.1" 200 0 (Line: 544) [connectionpool.py]
DEBUG (15/09/2026 09:13:22): Remote response: status=200 | data={"value":{"element-6066-11e4-a52e-4f735466cecf":"f.4F43718FA93D6414267F90606F9738F8.d.73DE072F9BBF56441B37337F442B5794.e.662"}} | headers=HTTPHeaderDict({'Content-Length': '127', 'Content-Type': 'application/json; charset=utf-8', 'cache-control': 'no-cache'}) (Line: 436) [remote_connection.py]
DEBUG (15/09/2026 09:13:22): Finished Request (Line: 465) [remote_connection.py]
DEBUG (15/09/2026 09:13:22): POST http://localhost:62331/session/f81b76abdd2c93f3ee341da095e31ca1/element/f.4F43718FA93D6414267F90606F9738F8.d.73DE072F9BBF56441B37337F442B5794.e.549/element {'using': 'css selector', 'value': '._19h0cqe'} (Line: 403) [remote_connection.py]
DEBUG (15/09/2026 09:13:22): http://localhost:62331 "POST /session/f81b76abdd2c93f3ee341da095e31ca1/element/f.4F43718FA93D6414267F90606F9738F8.d.73DE072F9BBF56441B37337F442B5794.e.549/element HTTP/1.1" 200 0 (Line: 544) [connectionpool.py]
DEBUG (15/09/2026 09:13:22): Remote response: status=200 | data={"value":{"element-6066-11e4-a52e-4f735466cecf":"f.4F43718FA93D6414267F90606F9738F8.d.73DE072F9BBF56441B37337F442B5794.e.662"}} | headers=HTTPHeaderDict({'Content-Length': '127', 'Content-Type': 'application/json; charset=utf-8', 'cache-control': 'no-cache'}) (Line: 436) [remote_connection.py]
DEBUG (15/09/2026 09:13:22): Finished Request (Line: 465) [remote_connection.py]
DEBUG (15/09/2026 09:13:22): POST http://localhost:62331/session/f81b76abdd2c93f3ee341da095e31ca1/execute/sync {'script': 'return arguments[0].textContent.trim();', 'args': [{'element-6066-11e4-a52e-4f735466cecf': 'f.4F43718FA93D6414267F90606F9738F8.d.73DE072F9BBF56441B37337F442B5794.e.662'}]} (Line: 403) [remote_connection.py]
DEBUG (15/09/2026 09:13:22): http://localhost:62331 "POST /session/f81b76abdd2c93f3ee341da095e31ca1/execute/sync HTTP/1.1" 200 0 (Line: 544) [connectionpool.py]
DEBUG (15/09/2026 09:13:22): Remote response: status=200 | data={"value":"Дмитрий Петров"} | headers=HTTPHeaderDict({'Content-Length': '39', 'Content-Type': 'application/json; charset=utf-8', 'cache-control': 'no-cache'}) (Line: 436) [remote_connection.py]
DEBUG (15/09/2026 09:13:22): Finished Request (Line: 465) [remote_connection.py]
DEBUG (15/09/2026 09:13:22): POST http://localhost:62331/session/f81b76abdd2c93f3ee341da095e31ca1/element/f.4F43718FA93D6414267F90606F9738F8.d.73DE072F9BBF56441B37337F442B5794.e.549/element {'using': 'css selector', 'value': '._10c0hgu'} (Line: 403) [remote_connection.py]
DEBUG (15/09/2026 09:13:22): http://localhost:62331 "POST /session/f81b76abdd2c93f3ee341da095e31ca1/element/f.4F43718FA93D6414267F90606F9738F8.d.73DE072F9BBF56441B37337F442B5794.e.549/element HTTP/1.1" 200 0 (Line: 544) [connectionpool.py]
DEBUG (15/09/2026 09:13:22): Remote response: status=200 | data={"value":{"element-6066-11e4-a52e-4f735466cecf":"f.4F43718FA93D6414267F90606F9738F8.d.73DE072F9BBF56441B37337F442B5794.e.663"}} | headers=HTTPHeaderDict({'Content-Length': '127', 'Content-Type': 'application/json; charset=utf-8', 'cache-control': 'no-cache'}) (Line: 436) [remote_connection.py]
DEBUG (15/09/2026 09:13:22): Finished Request (Line: 465) [remote_connection.py]
DEBUG (15/09/2026 09:13:22): POST http://localhost:62331/session/f81b76abdd2c93f3ee341da095e31ca1/element/f.4F43718FA93D6414267F90606F9738F8.d.73DE072F9BBF56441B37337F442B5794.e.549/element {'using': 'css selector', 'value': '._10c0hgu'} (Line: 403) [remote_connection.py]
DEBUG (15/09/2026 09:13:22): http://localhost:62331 "POST /session/f81b76abdd2c93f3ee341da095e31ca1/element/f.4F43718FA93D6414267F90606F9738F8.d.73DE072F9BBF56441B37337F442B5794.e.549/element HTTP/1.1" 200 0 (Line: 544) [connectionpool.py]
DEBUG (15/09/2026 09:13:22): Remote response: status=200 | data={"value":{"element-6066-11e4-a52e-4f735466cecf":"f.4F43718FA93D6414267F90606F9738F8.d.73DE072F9BBF56441B37337F442B5794.e.663"}} | headers=HTTPHeaderDict({'Content-Length': '127', 'Content-Type': 'application/json; charset=utf-8', 'cache-control': 'no-cache'}) (Line: 436) [remote_connection.py]
DEBUG (15/09/2026 09:13:22): Finished Request (Line: 465) [remote_connection.py]
DEBUG (15/09/2026 09:13:22): POST http://localhost:62331/session/f81b76abdd2c93f3ee341da095e31ca1/execute/sync {'script': 'return arguments[0].textContent.trim();', 'args': [{'element-6066-11e4-a52e-4f735466cecf': 'f.4F43718FA93D6414267F90606F9738F8.d.73DE072F9BBF56441B37337F442B5794.e.663'}]} (Line: 403) [remote_connection.py]
DEBUG (15/09/2026 09:13:22): http://localhost:62331 "POST /session/f81b76abdd2c93f3ee341da095e31ca1/execute/sync HTTP/1.1" 200 0 (Line: 544) [connectionpool.py]
DEBUG (15/09/2026 09:13:22): Remote response: status=200 | data={"value":"27 августа 2025"} | headers=HTTPHeaderDict({'Content-Length': '34', 'Content-Type': 'application/json; charset=utf-8', 'cache-control': 'no-cache'}) (Line: 436) [remote_connection.py]
DEBUG (15/09/2026 09:13:22): Finished Request (Line: 465) [remote_connection.py]
DEBUG (15/09/2026 09:13:22): POST http://localhost:62331/session/f81b76abdd2c93f3ee341da095e31ca1/element/f.4F43718FA93D6414267F90606F9738F8.d.73DE072F9BBF56441B37337F442B5794.e.549/element {'using': 'css selector', 'value': '._1fkin5c span'} (Line: 403) [remote_connection.py]
DEBUG (15/09/2026 09:13:22): http://localhost:62331 "POST /session/f81b76abdd2c93f3ee341da095e31ca1/element/f.4F43718FA93D6414267F90606F9738F8.d.73DE072F9BBF56441B37337F442B5794.e.549/element HTTP/1.1" 200 0 (Line: 544) [connectionpool.py]
DEBUG (15/09/2026 09:13:22): Remote response: status=200 | data={"value":{"element-6066-11e4-a52e-4f735466cecf":"f.4F43718FA93D6414267F90606F9738F8.d.73DE072F9BBF56441B37337F442B5794.e.664"}} | headers=HTTPHeaderDict({'Content-Length': '127', 'Content-Type': 'application/json; charset=utf-8', 'cache-control': 'no-cache'}) (Line: 436) [remote_connection.py]
DEBUG (15/09/2026 09:13:22): Finished Request (Line: 465) [remote_connection.py]
DEBUG (15/09/2026 09:13:22): POST http://localhost:62331/session/f81b76abdd2c93f3ee341da095e31ca1/element/f.4F43718FA93D6414267F90606F9738F8.d.73DE072F9BBF56441B37337F442B5794.e.549/elements {'using': 'css selector', 'value': '._1fkin5c span'} (Line: 403) [remote_connection.py]
DEBUG (15/09/2026 09:13:22): http://localhost:62331 "POST /session/f81b76abdd2c93f3ee341da095e31ca1/element/f.4F43718FA93D6414267F90606F9738F8.d.73DE072F9BBF56441B37337F442B5794.e.549/elements HTTP/1.1" 200 0 (Line: 544) [connectionpool.py]
DEBUG (15/09/2026 09:13:22): Remote response: status=200 | data={"value":[{"element-6066-11e4-a52e-4f735466cecf":"f.4F43718FA93D6414267F90606F9738F8.d.73DE072F9BBF56441B37337F442B5794.e.664"},{"element-6066-11e4-a52e-4f735466cecf":"f.4F43718FA93D6414267F90606F9738F8.d.73DE072F9BBF56441B37337F442B5794.e.665"},{"element-6066-11e4-a52e-4f735466cecf":"f.4F43718FA93D6414267F90606F9738F8.d.73DE072F9BBF56441B37337F442B5794.e.666"},{"element-6066-11e4-a52e-4f735466cecf":"f.4F43718FA93D6414267F90606F9738F8.d.73DE072F9BBF56441B37337F442B5794.e.667"},{"element-6066-11e4-a52e-4f735466cecf":"f.4F43718FA93D6414267F90606F9738F8.d.73DE072F9BBF56441B37337F442B5794.e.668"}]} | headers=HTTPHeaderDict({'Content-Length': '601', 'Content-Type': 'application/json; charset=utf-8', 'cache-control': 'no-cache'}) (Line: 436) [remote_connection.py]
DEBUG (15/09/2026 09:13:22): Finished Request (Line: 465) [remote_connection.py]
DEBUG (15/09/2026 09:13:22): POST http://localhost:62331/session/f81b76abdd2c93f3ee341da095e31ca1/element/f.4F43718FA93D6414267F90606F9738F8.d.73DE072F9BBF56441B37337F442B5794.e.549/element {'using': 'css selector', 'value': '._oxthv5'} (Line: 403) [remote_connection.py]
DEBUG (15/09/2026 09:13:22): http://localhost:62331 "POST /session/f81b76abdd2c93f3ee341da095e31ca1/element/f.4F43718FA93D6414267F90606F9738F8.d.73DE072F9BBF56441B37337F442B5794.e.549/element HTTP/1.1" 200 0 (Line: 544) [connectionpool.py]
DEBUG (15/09/2026 09:13:22): Remote response: status=200 | data={"value":{"element-6066-11e4-a52e-4f735466cecf":"f.4F43718FA93D6414267F90606F9738F8.d.73DE072F9BBF56441B37337F442B5794.e.252"}} | headers=HTTPHeaderDict({'Content-Length': '127', 'Content-Type': 'application/json; charset=utf-8', 'cache-control': 'no-cache'}) (Line: 436) [remote_connection.py]
DEBUG (15/09/2026 09:13:22): Finished Request (Line: 465) [remote_connection.py]
DEBUG (15/09/2026 09:13:22): POST http://localhost:62331/session/f81b76abdd2c93f3ee341da095e31ca1/element/f.4F43718FA93D6414267F90606F9738F8.d.73DE072F9BBF56441B37337F442B5794.e.549/element {'using': 'css selector', 'value': '._oxthv5'} (Line: 403) [remote_connection.py]
DEBUG (15/09/2026 09:13:22): http://localhost:62331 "POST /session/f81b76abdd2c93f3ee341da095e31ca1/element/f.4F43718FA93D6414267F90606F9738F8.d.73DE072F9BBF56441B37337F442B5794.e.549/element HTTP/1.1" 200 0 (Line: 544) [connectionpool.py]
DEBUG (15/09/2026 09:13:22): Remote response: status=200 | data={"value":{"element-6066-11e4-a52e-4f735466cecf":"f.4F43718FA93D6414267F90606F9738F8.d.73DE072F9BBF56441B37337F442B5794.e.252"}} | headers=HTTPHeaderDict({'Content-Length': '127', 'Content-Type': 'application/json; charset=utf-8', 'cache-control': 'no-cache'}) (Line: 436) [remote_connection.py]
DEBUG (15/09/2026 09:13:22): Finished Request (Line: 465) [remote_connection.py]
DEBUG (15/09/2026 09:13:22): POST http://localhost:62331/session/f81b76abdd2c93f3ee341da095e31ca1/execute/sync {'script': 'return arguments[0].textContent.trim();', 'args': [{'element-6066-11e4-a52e-4f735466cecf': 'f.4F43718FA93D6414267F90606F9738F8.d.73DE072F9BBF56441B37337F442B5794.e.252'}]} (Line: 403) [remote_connection.py]
DEBUG (15/09/2026 09:13:22): http://localhost:62331 "POST /session/f81b76abdd2c93f3ee341da095e31ca1/execute/sync HTTP/1.1" 200 0 (Line: 544) [connectionpool.py]
DEBUG (15/09/2026 09:13:22): Remote response: status=200 | data={"value":"Сотрудничеством довольны, предоставили скидку на объем. Все быстро. Утром заключили договор, оплатили. Во второй половине дня уже доставка. Очень большая база в наличии и оперативно работающие менеджеры, так что все быстро"} | headers=HTTPHeaderDict({'Content-Length': '419', 'Content-Type': 'application/json; charset=utf-8', 'cache-control': 'no-cache'}) (Line: 436) [remote_connection.py]
DEBUG (15/09/2026 09:13:22): Finished Request (Line: 465) [remote_connection.py]
DEBUG (15/09/2026 09:13:22): POST http://localhost:62331/session/f81b76abdd2c93f3ee341da095e31ca1/element/f.4F43718FA93D6414267F90606F9738F8.d.73DE072F9BBF56441B37337F442B5794.e.549/element {'using': 'css selector', 'value': '._1evjsdb'} (Line: 403) [remote_connection.py]
DEBUG (15/09/2026 09:13:22): http://localhost:62331 "POST /session/f81b76abdd2c93f3ee341da095e31ca1/element/f.4F43718FA93D6414267F90606F9738F8.d.73DE072F9BBF56441B37337F442B5794.e.549/element HTTP/1.1" 200 0 (Line: 544) [connectionpool.py]
DEBUG (15/09/2026 09:13:22): Remote response: status=200 | data={"value":{"element-6066-11e4-a52e-4f735466cecf":"f.4F43718FA93D6414267F90606F9738F8.d.73DE072F9BBF56441B37337F442B5794.e.669"}} | headers=HTTPHeaderDict({'Content-Length': '127', 'Content-Type': 'application/json; charset=utf-8', 'cache-control': 'no-cache'}) (Line: 436) [remote_connection.py]
DEBUG (15/09/2026 09:13:22): Finished Request (Line: 465) [remote_connection.py]
DEBUG (15/09/2026 09:13:22): POST http://localhost:62331/session/f81b76abdd2c93f3ee341da095e31ca1/element/f.4F43718FA93D6414267F90606F9738F8.d.73DE072F9BBF56441B37337F442B5794.e.549/element {'using': 'css selector', 'value': '._1evjsdb'} (Line: 403) [remote_connection.py]
DEBUG (15/09/2026 09:13:22): http://localhost:62331 "POST /session/f81b76abdd2c93f3ee341da095e31ca1/element/f.4F43718FA93D6414267F90606F9738F8.d.73DE072F9BBF56441B37337F442B5794.e.549/element HTTP/1.1" 200 0 (Line: 544) [connectionpool.py]
DEBUG (15/09/2026 09:13:22): Remote response: status=200 | data={"value":{"element-6066-11e4-a52e-4f735466cecf":"f.4F43718FA93D6414267F90606F9738F8.d.73DE072F9BBF56441B37337F442B5794.e.669"}} | headers=HTTPHeaderDict({'Content-Length': '127', 'Content-Type': 'application/json; charset=utf-8', 'cache-control': 'no-cache'}) (Line: 436) [remote_connection.py]
DEBUG (15/09/2026 09:13:22): Finished Request (Line: 465) [remote_connection.py]
DEBUG (15/09/2026 09:13:22): POST http://localhost:62331/session/f81b76abdd2c93f3ee341da095e31ca1/execute/sync {'script': 'return arguments[0].textContent.trim();', 'args': [{'element-6066-11e4-a52e-4f735466cecf': 'f.4F43718FA93D6414267F90606F9738F8.d.73DE072F9BBF56441B37337F442B5794.e.669'}]} (Line: 403) [remote_connection.py]
DEBUG (15/09/2026 09:13:22): http://localhost:62331 "POST /session/f81b76abdd2c93f3ee341da095e31ca1/execute/sync HTTP/1.1" 200 0 (Line: 544) [connectionpool.py]
DEBUG (15/09/2026 09:13:22): Remote response: status=200 | data={"value":"2 сентября 2025, официальный ответ"} | headers=HTTPHeaderDict({'Content-Length': '70', 'Content-Type': 'application/json; charset=utf-8', 'cache-control': 'no-cache'}) (Line: 436) [remote_connection.py]
DEBUG (15/09/2026 09:13:22): Finished Request (Line: 465) [remote_connection.py]
DEBUG (15/09/2026 09:13:22): POST http://localhost:62331/session/f81b76abdd2c93f3ee341da095e31ca1/element/f.4F43718FA93D6414267F90606F9738F8.d.73DE072F9BBF56441B37337F442B5794.e.549/element {'using': 'css selector', 'value': '._1wk3bjs'} (Line: 403) [remote_connection.py]
DEBUG (15/09/2026 09:13:22): http://localhost:62331 "POST /session/f81b76abdd2c93f3ee341da095e31ca1/element/f.4F43718FA93D6414267F90606F9738F8.d.73DE072F9BBF56441B37337F442B5794.e.549/element HTTP/1.1" 200 0 (Line: 544) [connectionpool.py]
DEBUG (15/09/2026 09:13:22): Remote response: status=200 | data={"value":{"element-6066-11e4-a52e-4f735466cecf":"f.4F43718FA93D6414267F90606F9738F8.d.73DE072F9BBF56441B37337F442B5794.e.670"}} | headers=HTTPHeaderDict({'Content-Length': '127', 'Content-Type': 'application/json; charset=utf-8', 'cache-control': 'no-cache'}) (Line: 436) [remote_connection.py]
DEBUG (15/09/2026 09:13:22): Finished Request (Line: 465) [remote_connection.py]
DEBUG (15/09/2026 09:13:22): POST http://localhost:62331/session/f81b76abdd2c93f3ee341da095e31ca1/element/f.4F43718FA93D6414267F90606F9738F8.d.73DE072F9BBF56441B37337F442B5794.e.549/element {'using': 'css selector', 'value': '._1wk3bjs'} (Line: 403) [remote_connection.py]
DEBUG (15/09/2026 09:13:22): http://localhost:62331 "POST /session/f81b76abdd2c93f3ee341da095e31ca1/element/f.4F43718FA93D6414267F90606F9738F8.d.73DE072F9BBF56441B37337F442B5794.e.549/element HTTP/1.1" 200 0 (Line: 544) [connectionpool.py]
DEBUG (15/09/2026 09:13:22): Remote response: status=200 | data={"value":{"element-6066-11e4-a52e-4f735466cecf":"f.4F43718FA93D6414267F90606F9738F8.d.73DE072F9BBF56441B37337F442B5794.e.670"}} | headers=HTTPHeaderDict({'Content-Length': '127', 'Content-Type': 'application/json; charset=utf-8', 'cache-control': 'no-cache'}) (Line: 436) [remote_connection.py]
DEBUG (15/09/2026 09:13:22): Finished Request (Line: 465) [remote_connection.py]
DEBUG (15/09/2026 09:13:22): POST http://localhost:62331/session/f81b76abdd2c93f3ee341da095e31ca1/execute/sync {'script': 'return arguments[0].textContent.trim();', 'args': [{'element-6066-11e4-a52e-4f735466cecf': 'f.4F43718FA93D6414267F90606F9738F8.d.73DE072F9BBF56441B37337F442B5794.e.670'}]} (Line: 403) [remote_connection.py]
DEBUG (15/09/2026 09:13:22): http://localhost:62331 "POST /session/f81b76abdd2c93f3ee341da095e31ca1/execute/sync HTTP/1.1" 200 0 (Line: 544) [connectionpool.py]
DEBUG (15/09/2026 09:13:22): Remote response: status=200 | data={"value":"Спасибо за положительный отзыв! Радует, что наше быстрое оформление и оперативная доставка соответствуют вашим ожиданиям. Будем рады продолжать сотрудничество!\nС уважением, коллектив ООО \"АвтоДизельПарт\"."} | headers=HTTPHeaderDict({'Content-Length': '392', 'Content-Type': 'application/json; charset=utf-8', 'cache-control': 'no-cache'}) (Line: 436) [remote_connection.py]
DEBUG (15/09/2026 09:13:22): Finished Request (Line: 465) [remote_connection.py]
DEBUG (15/09/2026 09:13:22): POST http://localhost:62331/session/f81b76abdd2c93f3ee341da095e31ca1/element/f.4F43718FA93D6414267F90606F9738F8.d.73DE072F9BBF56441B37337F442B5794.e.550/element {'using': 'css selector', 'value': '._sgs1pz'} (Line: 403) [remote_connection.py]
DEBUG (15/09/2026 09:13:22): http://localhost:62331 "POST /session/f81b76abdd2c93f3ee341da095e31ca1/element/f.4F43718FA93D6414267F90606F9738F8.d.73DE072F9BBF56441B37337F442B5794.e.550/element HTTP/1.1" 200 0 (Line: 544) [connectionpool.py]
DEBUG (15/09/2026 09:13:22): Remote response: status=200 | data={"value":{"element-6066-11e4-a52e-4f735466cecf":"f.4F43718FA93D6414267F90606F9738F8.d.73DE072F9BBF56441B37337F442B5794.e.570"}} | headers=HTTPHeaderDict({'Content-Length': '127', 'Content-Type': 'application/json; charset=utf-8', 'cache-control': 'no-cache'}) (Line: 436) [remote_connection.py]
DEBUG (15/09/2026 09:13:22): Finished Request (Line: 465) [remote_connection.py]
DEBUG (15/09/2026 09:13:22): POST http://localhost:62331/session/f81b76abdd2c93f3ee341da095e31ca1/element/f.4F43718FA93D6414267F90606F9738F8.d.73DE072F9BBF56441B37337F442B5794.e.550/element {'using': 'css selector', 'value': '._19h0cqe'} (Line: 403) [remote_connection.py]
DEBUG (15/09/2026 09:13:22): http://localhost:62331 "POST /session/f81b76abdd2c93f3ee341da095e31ca1/element/f.4F43718FA93D6414267F90606F9738F8.d.73DE072F9BBF56441B37337F442B5794.e.550/element HTTP/1.1" 200 0 (Line: 544) [connectionpool.py]
DEBUG (15/09/2026 09:13:22): Remote response: status=200 | data={"value":{"element-6066-11e4-a52e-4f735466cecf":"f.4F43718FA93D6414267F90606F9738F8.d.73DE072F9BBF56441B37337F442B5794.e.671"}} | headers=HTTPHeaderDict({'Content-Length': '127', 'Content-Type': 'application/json; charset=utf-8', 'cache-control': 'no-cache'}) (Line: 436) [remote_connection.py]
DEBUG (15/09/2026 09:13:22): Finished Request (Line: 465) [remote_connection.py]
DEBUG (15/09/2026 09:13:22): POST http://localhost:62331/session/f81b76abdd2c93f3ee341da095e31ca1/element/f.4F43718FA93D6414267F90606F9738F8.d.73DE072F9BBF56441B37337F442B5794.e.550/element {'using': 'css selector', 'value': '._19h0cqe'} (Line: 403) [remote_connection.py]
DEBUG (15/09/2026 09:13:22): http://localhost:62331 "POST /session/f81b76abdd2c93f3ee341da095e31ca1/element/f.4F43718FA93D6414267F90606F9738F8.d.73DE072F9BBF56441B37337F442B5794.e.550/element HTTP/1.1" 200 0 (Line: 544) [connectionpool.py]
DEBUG (15/09/2026 09:13:22): Remote response: status=200 | data={"value":{"element-6066-11e4-a52e-4f735466cecf":"f.4F43718FA93D6414267F90606F9738F8.d.73DE072F9BBF56441B37337F442B5794.e.671"}} | headers=HTTPHeaderDict({'Content-Length': '127', 'Content-Type': 'application/json; charset=utf-8', 'cache-control': 'no-cache'}) (Line: 436) [remote_connection.py]
DEBUG (15/09/2026 09:13:22): Finished Request (Line: 465) [remote_connection.py]
DEBUG (15/09/2026 09:13:22): POST http://localhost:62331/session/f81b76abdd2c93f3ee341da095e31ca1/execute/sync {'script': 'return arguments[0].textContent.trim();', 'args': [{'element-6066-11e4-a52e-4f735466cecf': 'f.4F43718FA93D6414267F90606F9738F8.d.73DE072F9BBF56441B37337F442B5794.e.671'}]} (Line: 403) [remote_connection.py]
DEBUG (15/09/2026 09:13:22): http://localhost:62331 "POST /session/f81b76abdd2c93f3ee341da095e31ca1/execute/sync HTTP/1.1" 200 0 (Line: 544) [connectionpool.py]
DEBUG (15/09/2026 09:13:22): Remote response: status=200 | data={"value":"Межгород Такси"} | headers=HTTPHeaderDict({'Content-Length': '39', 'Content-Type': 'application/json; charset=utf-8', 'cache-control': 'no-cache'}) (Line: 436) [remote_connection.py]
DEBUG (15/09/2026 09:13:22): Finished Request (Line: 465) [remote_connection.py]
DEBUG (15/09/2026 09:13:22): POST http://localhost:62331/session/f81b76abdd2c93f3ee341da095e31ca1/element/f.4F43718FA93D6414267F90606F9738F8.d.73DE072F9BBF56441B37337F442B5794.e.550/element {'using': 'css selector', 'value': '._10c0hgu'} (Line: 403) [remote_connection.py]
DEBUG (15/09/2026 09:13:22): http://localhost:62331 "POST /session/f81b76abdd2c93f3ee341da095e31ca1/element/f.4F43718FA93D6414267F90606F9738F8.d.73DE072F9BBF56441B37337F442B5794.e.550/element HTTP/1.1" 200 0 (Line: 544) [connectionpool.py]
DEBUG (15/09/2026 09:13:22): Remote response: status=200 | data={"value":{"element-6066-11e4-a52e-4f735466cecf":"f.4F43718FA93D6414267F90606F9738F8.d.73DE072F9BBF56441B37337F442B5794.e.672"}} | headers=HTTPHeaderDict({'Content-Length': '127', 'Content-Type': 'application/json; charset=utf-8', 'cache-control': 'no-cache'}) (Line: 436) [remote_connection.py]
DEBUG (15/09/2026 09:13:22): Finished Request (Line: 465) [remote_connection.py]
DEBUG (15/09/2026 09:13:22): POST http://localhost:62331/session/f81b76abdd2c93f3ee341da095e31ca1/element/f.4F43718FA93D6414267F90606F9738F8.d.73DE072F9BBF56441B37337F442B5794.e.550/element {'using': 'css selector', 'value': '._10c0hgu'} (Line: 403) [remote_connection.py]
DEBUG (15/09/2026 09:13:22): http://localhost:62331 "POST /session/f81b76abdd2c93f3ee341da095e31ca1/element/f.4F43718FA93D6414267F90606F9738F8.d.73DE072F9BBF56441B37337F442B5794.e.550/element HTTP/1.1" 200 0 (Line: 544) [connectionpool.py]
DEBUG (15/09/2026 09:13:22): Remote response: status=200 | data={"value":{"element-6066-11e4-a52e-4f735466cecf":"f.4F43718FA93D6414267F90606F9738F8.d.73DE072F9BBF56441B37337F442B5794.e.672"}} | headers=HTTPHeaderDict({'Content-Length': '127', 'Content-Type': 'application/json; charset=utf-8', 'cache-control': 'no-cache'}) (Line: 436) [remote_connection.py]
DEBUG (15/09/2026 09:13:22): Finished Request (Line: 465) [remote_connection.py]
DEBUG (15/09/2026 09:13:22): POST http://localhost:62331/session/f81b76abdd2c93f3ee341da095e31ca1/execute/sync {'script': 'return arguments[0].textContent.trim();', 'args': [{'element-6066-11e4-a52e-4f735466cecf': 'f.4F43718FA93D6414267F90606F9738F8.d.73DE072F9BBF56441B37337F442B5794.e.672'}]} (Line: 403) [remote_connection.py]
DEBUG (15/09/2026 09:13:22): http://localhost:62331 "POST /session/f81b76abdd2c93f3ee341da095e31ca1/execute/sync HTTP/1.1" 200 0 (Line: 544) [connectionpool.py]
DEBUG (15/09/2026 09:13:22): Remote response: status=200 | data={"value":"9 декабря 2024"} | headers=HTTPHeaderDict({'Content-Length': '33', 'Content-Type': 'application/json; charset=utf-8', 'cache-control': 'no-cache'}) (Line: 436) [remote_connection.py]
DEBUG (15/09/2026 09:13:22): Finished Request (Line: 465) [remote_connection.py]
DEBUG (15/09/2026 09:13:22): POST http://localhost:62331/session/f81b76abdd2c93f3ee341da095e31ca1/element/f.4F43718FA93D6414267F90606F9738F8.d.73DE072F9BBF56441B37337F442B5794.e.550/element {'using': 'css selector', 'value': '._1fkin5c span'} (Line: 403) [remote_connection.py]
DEBUG (15/09/2026 09:13:22): http://localhost:62331 "POST /session/f81b76abdd2c93f3ee341da095e31ca1/element/f.4F43718FA93D6414267F90606F9738F8.d.73DE072F9BBF56441B37337F442B5794.e.550/element HTTP/1.1" 200 0 (Line: 544) [connectionpool.py]
DEBUG (15/09/2026 09:13:22): Remote response: status=200 | data={"value":{"element-6066-11e4-a52e-4f735466cecf":"f.4F43718FA93D6414267F90606F9738F8.d.73DE072F9BBF56441B37337F442B5794.e.673"}} | headers=HTTPHeaderDict({'Content-Length': '127', 'Content-Type': 'application/json; charset=utf-8', 'cache-control': 'no-cache'}) (Line: 436) [remote_connection.py]
DEBUG (15/09/2026 09:13:22): Finished Request (Line: 465) [remote_connection.py]
DEBUG (15/09/2026 09:13:22): POST http://localhost:62331/session/f81b76abdd2c93f3ee341da095e31ca1/element/f.4F43718FA93D6414267F90606F9738F8.d.73DE072F9BBF56441B37337F442B5794.e.550/elements {'using': 'css selector', 'value': '._1fkin5c span'} (Line: 403) [remote_connection.py]
DEBUG (15/09/2026 09:13:22): http://localhost:62331 "POST /session/f81b76abdd2c93f3ee341da095e31ca1/element/f.4F43718FA93D6414267F90606F9738F8.d.73DE072F9BBF56441B37337F442B5794.e.550/elements HTTP/1.1" 200 0 (Line: 544) [connectionpool.py]
DEBUG (15/09/2026 09:13:22): Remote response: status=200 | data={"value":[{"element-6066-11e4-a52e-4f735466cecf":"f.4F43718FA93D6414267F90606F9738F8.d.73DE072F9BBF56441B37337F442B5794.e.673"},{"element-6066-11e4-a52e-4f735466cecf":"f.4F43718FA93D6414267F90606F9738F8.d.73DE072F9BBF56441B37337F442B5794.e.674"},{"element-6066-11e4-a52e-4f735466cecf":"f.4F43718FA93D6414267F90606F9738F8.d.73DE072F9BBF56441B37337F442B5794.e.675"},{"element-6066-11e4-a52e-4f735466cecf":"f.4F43718FA93D6414267F90606F9738F8.d.73DE072F9BBF56441B37337F442B5794.e.676"},{"element-6066-11e4-a52e-4f735466cecf":"f.4F43718FA93D6414267F90606F9738F8.d.73DE072F9BBF56441B37337F442B5794.e.677"}]} | headers=HTTPHeaderDict({'Content-Length': '601', 'Content-Type': 'application/json; charset=utf-8', 'cache-control': 'no-cache'}) (Line: 436) [remote_connection.py]
DEBUG (15/09/2026 09:13:22): Finished Request (Line: 465) [remote_connection.py]
DEBUG (15/09/2026 09:13:22): POST http://localhost:62331/session/f81b76abdd2c93f3ee341da095e31ca1/element/f.4F43718FA93D6414267F90606F9738F8.d.73DE072F9BBF56441B37337F442B5794.e.550/element {'using': 'css selector', 'value': '._oxthv5'} (Line: 403) [remote_connection.py]
DEBUG (15/09/2026 09:13:22): http://localhost:62331 "POST /session/f81b76abdd2c93f3ee341da095e31ca1/element/f.4F43718FA93D6414267F90606F9738F8.d.73DE072F9BBF56441B37337F442B5794.e.550/element HTTP/1.1" 200 0 (Line: 544) [connectionpool.py]
DEBUG (15/09/2026 09:13:22): Remote response: status=200 | data={"value":{"element-6066-11e4-a52e-4f735466cecf":"f.4F43718FA93D6414267F90606F9738F8.d.73DE072F9BBF56441B37337F442B5794.e.273"}} | headers=HTTPHeaderDict({'Content-Length': '127', 'Content-Type': 'application/json; charset=utf-8', 'cache-control': 'no-cache'}) (Line: 436) [remote_connection.py]
DEBUG (15/09/2026 09:13:22): Finished Request (Line: 465) [remote_connection.py]
DEBUG (15/09/2026 09:13:22): POST http://localhost:62331/session/f81b76abdd2c93f3ee341da095e31ca1/element/f.4F43718FA93D6414267F90606F9738F8.d.73DE072F9BBF56441B37337F442B5794.e.550/element {'using': 'css selector', 'value': '._oxthv5'} (Line: 403) [remote_connection.py]
DEBUG (15/09/2026 09:13:22): http://localhost:62331 "POST /session/f81b76abdd2c93f3ee341da095e31ca1/element/f.4F43718FA93D6414267F90606F9738F8.d.73DE072F9BBF56441B37337F442B5794.e.550/element HTTP/1.1" 200 0 (Line: 544) [connectionpool.py]
DEBUG (15/09/2026 09:13:22): Remote response: status=200 | data={"value":{"element-6066-11e4-a52e-4f735466cecf":"f.4F43718FA93D6414267F90606F9738F8.d.73DE072F9BBF56441B37337F442B5794.e.273"}} | headers=HTTPHeaderDict({'Content-Length': '127', 'Content-Type': 'application/json; charset=utf-8', 'cache-control': 'no-cache'}) (Line: 436) [remote_connection.py]
DEBUG (15/09/2026 09:13:22): Finished Request (Line: 465) [remote_connection.py]
DEBUG (15/09/2026 09:13:22): POST http://localhost:62331/session/f81b76abdd2c93f3ee341da095e31ca1/execute/sync {'script': 'return arguments[0].textContent.trim();', 'args': [{'element-6066-11e4-a52e-4f735466cecf': 'f.4F43718FA93D6414267F90606F9738F8.d.73DE072F9BBF56441B37337F442B5794.e.273'}]} (Line: 403) [remote_connection.py]
DEBUG (15/09/2026 09:13:22): http://localhost:62331 "POST /session/f81b76abdd2c93f3ee341da095e31ca1/execute/sync HTTP/1.1" 200 0 (Line: 544) [connectionpool.py]
DEBUG (15/09/2026 09:13:22): Remote response: status=200 | data={"value":"Сотрудничеством довольны. Ассортимент большой, под наши задачи все нашли, по ценам - средне, но удобно - полный безнал с документами."} | headers=HTTPHeaderDict({'Content-Length': '252', 'Content-Type': 'application/json; charset=utf-8', 'cache-control': 'no-cache'}) (Line: 436) [remote_connection.py]
DEBUG (15/09/2026 09:13:22): Finished Request (Line: 465) [remote_connection.py]
DEBUG (15/09/2026 09:13:22): POST http://localhost:62331/session/f81b76abdd2c93f3ee341da095e31ca1/element/f.4F43718FA93D6414267F90606F9738F8.d.73DE072F9BBF56441B37337F442B5794.e.550/element {'using': 'css selector', 'value': '._1evjsdb'} (Line: 403) [remote_connection.py]
DEBUG (15/09/2026 09:13:22): http://localhost:62331 "POST /session/f81b76abdd2c93f3ee341da095e31ca1/element/f.4F43718FA93D6414267F90606F9738F8.d.73DE072F9BBF56441B37337F442B5794.e.550/element HTTP/1.1" 200 0 (Line: 544) [connectionpool.py]
DEBUG (15/09/2026 09:13:22): Remote response: status=200 | data={"value":{"element-6066-11e4-a52e-4f735466cecf":"f.4F43718FA93D6414267F90606F9738F8.d.73DE072F9BBF56441B37337F442B5794.e.678"}} | headers=HTTPHeaderDict({'Content-Length': '127', 'Content-Type': 'application/json; charset=utf-8', 'cache-control': 'no-cache'}) (Line: 436) [remote_connection.py]
DEBUG (15/09/2026 09:13:22): Finished Request (Line: 465) [remote_connection.py]
DEBUG (15/09/2026 09:13:22): POST http://localhost:62331/session/f81b76abdd2c93f3ee341da095e31ca1/element/f.4F43718FA93D6414267F90606F9738F8.d.73DE072F9BBF56441B37337F442B5794.e.550/element {'using': 'css selector', 'value': '._1evjsdb'} (Line: 403) [remote_connection.py]
DEBUG (15/09/2026 09:13:22): http://localhost:62331 "POST /session/f81b76abdd2c93f3ee341da095e31ca1/element/f.4F43718FA93D6414267F90606F9738F8.d.73DE072F9BBF56441B37337F442B5794.e.550/element HTTP/1.1" 200 0 (Line: 544) [connectionpool.py]
DEBUG (15/09/2026 09:13:22): Remote response: status=200 | data={"value":{"element-6066-11e4-a52e-4f735466cecf":"f.4F43718FA93D6414267F90606F9738F8.d.73DE072F9BBF56441B37337F442B5794.e.678"}} | headers=HTTPHeaderDict({'Content-Length': '127', 'Content-Type': 'application/json; charset=utf-8', 'cache-control': 'no-cache'}) (Line: 436) [remote_connection.py]
DEBUG (15/09/2026 09:13:22): Finished Request (Line: 465) [remote_connection.py]
DEBUG (15/09/2026 09:13:22): POST http://localhost:62331/session/f81b76abdd2c93f3ee341da095e31ca1/execute/sync {'script': 'return arguments[0].textContent.trim();', 'args': [{'element-6066-11e4-a52e-4f735466cecf': 'f.4F43718FA93D6414267F90606F9738F8.d.73DE072F9BBF56441B37337F442B5794.e.678'}]} (Line: 403) [remote_connection.py]
DEBUG (15/09/2026 09:13:22): http://localhost:62331 "POST /session/f81b76abdd2c93f3ee341da095e31ca1/execute/sync HTTP/1.1" 200 0 (Line: 544) [connectionpool.py]
DEBUG (15/09/2026 09:13:22): Remote response: status=200 | data={"value":"10 декабря 2024, официальный ответ"} | headers=HTTPHeaderDict({'Content-Length': '69', 'Content-Type': 'application/json; charset=utf-8', 'cache-control': 'no-cache'}) (Line: 436) [remote_connection.py]
DEBUG (15/09/2026 09:13:22): Finished Request (Line: 465) [remote_connection.py]
DEBUG (15/09/2026 09:13:22): POST http://localhost:62331/session/f81b76abdd2c93f3ee341da095e31ca1/element/f.4F43718FA93D6414267F90606F9738F8.d.73DE072F9BBF56441B37337F442B5794.e.550/element {'using': 'css selector', 'value': '._1wk3bjs'} (Line: 403) [remote_connection.py]
DEBUG (15/09/2026 09:13:22): http://localhost:62331 "POST /session/f81b76abdd2c93f3ee341da095e31ca1/element/f.4F43718FA93D6414267F90606F9738F8.d.73DE072F9BBF56441B37337F442B5794.e.550/element HTTP/1.1" 200 0 (Line: 544) [connectionpool.py]
DEBUG (15/09/2026 09:13:22): Remote response: status=200 | data={"value":{"element-6066-11e4-a52e-4f735466cecf":"f.4F43718FA93D6414267F90606F9738F8.d.73DE072F9BBF56441B37337F442B5794.e.679"}} | headers=HTTPHeaderDict({'Content-Length': '127', 'Content-Type': 'application/json; charset=utf-8', 'cache-control': 'no-cache'}) (Line: 436) [remote_connection.py]
DEBUG (15/09/2026 09:13:22): Finished Request (Line: 465) [remote_connection.py]
DEBUG (15/09/2026 09:13:22): POST http://localhost:62331/session/f81b76abdd2c93f3ee341da095e31ca1/element/f.4F43718FA93D6414267F90606F9738F8.d.73DE072F9BBF56441B37337F442B5794.e.550/element {'using': 'css selector', 'value': '._1wk3bjs'} (Line: 403) [remote_connection.py]
DEBUG (15/09/2026 09:13:22): http://localhost:62331 "POST /session/f81b76abdd2c93f3ee341da095e31ca1/element/f.4F43718FA93D6414267F90606F9738F8.d.73DE072F9BBF56441B37337F442B5794.e.550/element HTTP/1.1" 200 0 (Line: 544) [connectionpool.py]
DEBUG (15/09/2026 09:13:22): Remote response: status=200 | data={"value":{"element-6066-11e4-a52e-4f735466cecf":"f.4F43718FA93D6414267F90606F9738F8.d.73DE072F9BBF56441B37337F442B5794.e.679"}} | headers=HTTPHeaderDict({'Content-Length': '127', 'Content-Type': 'application/json; charset=utf-8', 'cache-control': 'no-cache'}) (Line: 436) [remote_connection.py]
DEBUG (15/09/2026 09:13:22): Finished Request (Line: 465) [remote_connection.py]
DEBUG (15/09/2026 09:13:22): POST http://localhost:62331/session/f81b76abdd2c93f3ee341da095e31ca1/execute/sync {'script': 'return arguments[0].textContent.trim();', 'args': [{'element-6066-11e4-a52e-4f735466cecf': 'f.4F43718FA93D6414267F90606F9738F8.d.73DE072F9BBF56441B37337F442B5794.e.679'}]} (Line: 403) [remote_connection.py]
DEBUG (15/09/2026 09:13:22): http://localhost:62331 "POST /session/f81b76abdd2c93f3ee341da095e31ca1/execute/sync HTTP/1.1" 200 0 (Line: 544) [connectionpool.py]
DEBUG (15/09/2026 09:13:22): Remote response: status=200 | data={"value":"Благодарим за ваш отзыв и высокую оценку нашей компании!\nМы стараемся поддерживать разнообразный ассортимент товаров и рады, что вам наш ассортимент понравился.\nИ стремимся, чтобы наши цены были доступными для всех наших клиентов, а наш документооборот удобен для каждого клиента, вне зависимости от формы оплаты. Будем рады видеть вас снова.\nС уважением, коллектив ООО \"АвтоДизельПарт\"."} | headers=HTTPHeaderDict({'Content-Length': '725', 'Content-Type': 'application/json; charset=utf-8', 'cache-control': 'no-cache'}) (Line: 436) [remote_connection.py]
DEBUG (15/09/2026 09:13:22): Finished Request (Line: 465) [remote_connection.py]
DEBUG (15/09/2026 09:13:22): POST http://localhost:62331/session/f81b76abdd2c93f3ee341da095e31ca1/element/f.4F43718FA93D6414267F90606F9738F8.d.73DE072F9BBF56441B37337F442B5794.e.551/element {'using': 'css selector', 'value': '._sgs1pz'} (Line: 403) [remote_connection.py]
DEBUG (15/09/2026 09:13:22): http://localhost:62331 "POST /session/f81b76abdd2c93f3ee341da095e31ca1/element/f.4F43718FA93D6414267F90606F9738F8.d.73DE072F9BBF56441B37337F442B5794.e.551/element HTTP/1.1" 200 0 (Line: 544) [connectionpool.py]
DEBUG (15/09/2026 09:13:22): Remote response: status=200 | data={"value":{"element-6066-11e4-a52e-4f735466cecf":"f.4F43718FA93D6414267F90606F9738F8.d.73DE072F9BBF56441B37337F442B5794.e.571"}} | headers=HTTPHeaderDict({'Content-Length': '127', 'Content-Type': 'application/json; charset=utf-8', 'cache-control': 'no-cache'}) (Line: 436) [remote_connection.py]
DEBUG (15/09/2026 09:13:22): Finished Request (Line: 465) [remote_connection.py]
DEBUG (15/09/2026 09:13:22): POST http://localhost:62331/session/f81b76abdd2c93f3ee341da095e31ca1/element/f.4F43718FA93D6414267F90606F9738F8.d.73DE072F9BBF56441B37337F442B5794.e.551/element {'using': 'css selector', 'value': '._19h0cqe'} (Line: 403) [remote_connection.py]
DEBUG (15/09/2026 09:13:22): http://localhost:62331 "POST /session/f81b76abdd2c93f3ee341da095e31ca1/element/f.4F43718FA93D6414267F90606F9738F8.d.73DE072F9BBF56441B37337F442B5794.e.551/element HTTP/1.1" 200 0 (Line: 544) [connectionpool.py]
DEBUG (15/09/2026 09:13:22): Remote response: status=200 | data={"value":{"element-6066-11e4-a52e-4f735466cecf":"f.4F43718FA93D6414267F90606F9738F8.d.73DE072F9BBF56441B37337F442B5794.e.680"}} | headers=HTTPHeaderDict({'Content-Length': '127', 'Content-Type': 'application/json; charset=utf-8', 'cache-control': 'no-cache'}) (Line: 436) [remote_connection.py]
DEBUG (15/09/2026 09:13:22): Finished Request (Line: 465) [remote_connection.py]
DEBUG (15/09/2026 09:13:22): POST http://localhost:62331/session/f81b76abdd2c93f3ee341da095e31ca1/element/f.4F43718FA93D6414267F90606F9738F8.d.73DE072F9BBF56441B37337F442B5794.e.551/element {'using': 'css selector', 'value': '._19h0cqe'} (Line: 403) [remote_connection.py]
DEBUG (15/09/2026 09:13:22): http://localhost:62331 "POST /session/f81b76abdd2c93f3ee341da095e31ca1/element/f.4F43718FA93D6414267F90606F9738F8.d.73DE072F9BBF56441B37337F442B5794.e.551/element HTTP/1.1" 200 0 (Line: 544) [connectionpool.py]
DEBUG (15/09/2026 09:13:22): Remote response: status=200 | data={"value":{"element-6066-11e4-a52e-4f735466cecf":"f.4F43718FA93D6414267F90606F9738F8.d.73DE072F9BBF56441B37337F442B5794.e.680"}} | headers=HTTPHeaderDict({'Content-Length': '127', 'Content-Type': 'application/json; charset=utf-8', 'cache-control': 'no-cache'}) (Line: 436) [remote_connection.py]
DEBUG (15/09/2026 09:13:22): Finished Request (Line: 465) [remote_connection.py]
DEBUG (15/09/2026 09:13:22): POST http://localhost:62331/session/f81b76abdd2c93f3ee341da095e31ca1/execute/sync {'script': 'return arguments[0].textContent.trim();', 'args': [{'element-6066-11e4-a52e-4f735466cecf': 'f.4F43718FA93D6414267F90606F9738F8.d.73DE072F9BBF56441B37337F442B5794.e.680'}]} (Line: 403) [remote_connection.py]
DEBUG (15/09/2026 09:13:22): http://localhost:62331 "POST /session/f81b76abdd2c93f3ee341da095e31ca1/execute/sync HTTP/1.1" 200 0 (Line: 544) [connectionpool.py]
DEBUG (15/09/2026 09:13:22): Remote response: status=200 | data={"value":"Иван Иванов"} | headers=HTTPHeaderDict({'Content-Length': '33', 'Content-Type': 'application/json; charset=utf-8', 'cache-control': 'no-cache'}) (Line: 436) [remote_connection.py]
DEBUG (15/09/2026 09:13:22): Finished Request (Line: 465) [remote_connection.py]
DEBUG (15/09/2026 09:13:22): POST http://localhost:62331/session/f81b76abdd2c93f3ee341da095e31ca1/element/f.4F43718FA93D6414267F90606F9738F8.d.73DE072F9BBF56441B37337F442B5794.e.551/element {'using': 'css selector', 'value': '._10c0hgu'} (Line: 403) [remote_connection.py]
DEBUG (15/09/2026 09:13:22): http://localhost:62331 "POST /session/f81b76abdd2c93f3ee341da095e31ca1/element/f.4F43718FA93D6414267F90606F9738F8.d.73DE072F9BBF56441B37337F442B5794.e.551/element HTTP/1.1" 200 0 (Line: 544) [connectionpool.py]
DEBUG (15/09/2026 09:13:22): Remote response: status=200 | data={"value":{"element-6066-11e4-a52e-4f735466cecf":"f.4F43718FA93D6414267F90606F9738F8.d.73DE072F9BBF56441B37337F442B5794.e.681"}} | headers=HTTPHeaderDict({'Content-Length': '127', 'Content-Type': 'application/json; charset=utf-8', 'cache-control': 'no-cache'}) (Line: 436) [remote_connection.py]
DEBUG (15/09/2026 09:13:22): Finished Request (Line: 465) [remote_connection.py]
DEBUG (15/09/2026 09:13:22): POST http://localhost:62331/session/f81b76abdd2c93f3ee341da095e31ca1/element/f.4F43718FA93D6414267F90606F9738F8.d.73DE072F9BBF56441B37337F442B5794.e.551/element {'using': 'css selector', 'value': '._10c0hgu'} (Line: 403) [remote_connection.py]
DEBUG (15/09/2026 09:13:22): http://localhost:62331 "POST /session/f81b76abdd2c93f3ee341da095e31ca1/element/f.4F43718FA93D6414267F90606F9738F8.d.73DE072F9BBF56441B37337F442B5794.e.551/element HTTP/1.1" 200 0 (Line: 544) [connectionpool.py]
DEBUG (15/09/2026 09:13:22): Remote response: status=200 | data={"value":{"element-6066-11e4-a52e-4f735466cecf":"f.4F43718FA93D6414267F90606F9738F8.d.73DE072F9BBF56441B37337F442B5794.e.681"}} | headers=HTTPHeaderDict({'Content-Length': '127', 'Content-Type': 'application/json; charset=utf-8', 'cache-control': 'no-cache'}) (Line: 436) [remote_connection.py]
DEBUG (15/09/2026 09:13:22): Finished Request (Line: 465) [remote_connection.py]
DEBUG (15/09/2026 09:13:22): POST http://localhost:62331/session/f81b76abdd2c93f3ee341da095e31ca1/execute/sync {'script': 'return arguments[0].textContent.trim();', 'args': [{'element-6066-11e4-a52e-4f735466cecf': 'f.4F43718FA93D6414267F90606F9738F8.d.73DE072F9BBF56441B37337F442B5794.e.681'}]} (Line: 403) [remote_connection.py]
DEBUG (15/09/2026 09:13:22): http://localhost:62331 "POST /session/f81b76abdd2c93f3ee341da095e31ca1/execute/sync HTTP/1.1" 200 0 (Line: 544) [connectionpool.py]
DEBUG (15/09/2026 09:13:22): Remote response: status=200 | data={"value":"1 ноября 2024"} | headers=HTTPHeaderDict({'Content-Length': '31', 'Content-Type': 'application/json; charset=utf-8', 'cache-control': 'no-cache'}) (Line: 436) [remote_connection.py]
DEBUG (15/09/2026 09:13:22): Finished Request (Line: 465) [remote_connection.py]
DEBUG (15/09/2026 09:13:22): POST http://localhost:62331/session/f81b76abdd2c93f3ee341da095e31ca1/element/f.4F43718FA93D6414267F90606F9738F8.d.73DE072F9BBF56441B37337F442B5794.e.551/element {'using': 'css selector', 'value': '._1fkin5c span'} (Line: 403) [remote_connection.py]
DEBUG (15/09/2026 09:13:22): http://localhost:62331 "POST /session/f81b76abdd2c93f3ee341da095e31ca1/element/f.4F43718FA93D6414267F90606F9738F8.d.73DE072F9BBF56441B37337F442B5794.e.551/element HTTP/1.1" 200 0 (Line: 544) [connectionpool.py]
DEBUG (15/09/2026 09:13:22): Remote response: status=200 | data={"value":{"element-6066-11e4-a52e-4f735466cecf":"f.4F43718FA93D6414267F90606F9738F8.d.73DE072F9BBF56441B37337F442B5794.e.682"}} | headers=HTTPHeaderDict({'Content-Length': '127', 'Content-Type': 'application/json; charset=utf-8', 'cache-control': 'no-cache'}) (Line: 436) [remote_connection.py]
DEBUG (15/09/2026 09:13:22): Finished Request (Line: 465) [remote_connection.py]
DEBUG (15/09/2026 09:13:22): POST http://localhost:62331/session/f81b76abdd2c93f3ee341da095e31ca1/element/f.4F43718FA93D6414267F90606F9738F8.d.73DE072F9BBF56441B37337F442B5794.e.551/elements {'using': 'css selector', 'value': '._1fkin5c span'} (Line: 403) [remote_connection.py]
DEBUG (15/09/2026 09:13:22): http://localhost:62331 "POST /session/f81b76abdd2c93f3ee341da095e31ca1/element/f.4F43718FA93D6414267F90606F9738F8.d.73DE072F9BBF56441B37337F442B5794.e.551/elements HTTP/1.1" 200 0 (Line: 544) [connectionpool.py]
DEBUG (15/09/2026 09:13:22): Remote response: status=200 | data={"value":[{"element-6066-11e4-a52e-4f735466cecf":"f.4F43718FA93D6414267F90606F9738F8.d.73DE072F9BBF56441B37337F442B5794.e.682"},{"element-6066-11e4-a52e-4f735466cecf":"f.4F43718FA93D6414267F90606F9738F8.d.73DE072F9BBF56441B37337F442B5794.e.683"},{"element-6066-11e4-a52e-4f735466cecf":"f.4F43718FA93D6414267F90606F9738F8.d.73DE072F9BBF56441B37337F442B5794.e.684"},{"element-6066-11e4-a52e-4f735466cecf":"f.4F43718FA93D6414267F90606F9738F8.d.73DE072F9BBF56441B37337F442B5794.e.685"},{"element-6066-11e4-a52e-4f735466cecf":"f.4F43718FA93D6414267F90606F9738F8.d.73DE072F9BBF56441B37337F442B5794.e.686"}]} | headers=HTTPHeaderDict({'Content-Length': '601', 'Content-Type': 'application/json; charset=utf-8', 'cache-control': 'no-cache'}) (Line: 436) [remote_connection.py]
DEBUG (15/09/2026 09:13:22): Finished Request (Line: 465) [remote_connection.py]
DEBUG (15/09/2026 09:13:22): POST http://localhost:62331/session/f81b76abdd2c93f3ee341da095e31ca1/element/f.4F43718FA93D6414267F90606F9738F8.d.73DE072F9BBF56441B37337F442B5794.e.551/element {'using': 'css selector', 'value': '._oxthv5'} (Line: 403) [remote_connection.py]
DEBUG (15/09/2026 09:13:22): http://localhost:62331 "POST /session/f81b76abdd2c93f3ee341da095e31ca1/element/f.4F43718FA93D6414267F90606F9738F8.d.73DE072F9BBF56441B37337F442B5794.e.551/element HTTP/1.1" 200 0 (Line: 544) [connectionpool.py]
DEBUG (15/09/2026 09:13:22): Remote response: status=200 | data={"value":{"element-6066-11e4-a52e-4f735466cecf":"f.4F43718FA93D6414267F90606F9738F8.d.73DE072F9BBF56441B37337F442B5794.e.294"}} | headers=HTTPHeaderDict({'Content-Length': '127', 'Content-Type': 'application/json; charset=utf-8', 'cache-control': 'no-cache'}) (Line: 436) [remote_connection.py]
DEBUG (15/09/2026 09:13:22): Finished Request (Line: 465) [remote_connection.py]
DEBUG (15/09/2026 09:13:22): POST http://localhost:62331/session/f81b76abdd2c93f3ee341da095e31ca1/element/f.4F43718FA93D6414267F90606F9738F8.d.73DE072F9BBF56441B37337F442B5794.e.551/element {'using': 'css selector', 'value': '._oxthv5'} (Line: 403) [remote_connection.py]
DEBUG (15/09/2026 09:13:22): http://localhost:62331 "POST /session/f81b76abdd2c93f3ee341da095e31ca1/element/f.4F43718FA93D6414267F90606F9738F8.d.73DE072F9BBF56441B37337F442B5794.e.551/element HTTP/1.1" 200 0 (Line: 544) [connectionpool.py]
DEBUG (15/09/2026 09:13:22): Remote response: status=200 | data={"value":{"element-6066-11e4-a52e-4f735466cecf":"f.4F43718FA93D6414267F90606F9738F8.d.73DE072F9BBF56441B37337F442B5794.e.294"}} | headers=HTTPHeaderDict({'Content-Length': '127', 'Content-Type': 'application/json; charset=utf-8', 'cache-control': 'no-cache'}) (Line: 436) [remote_connection.py]
DEBUG (15/09/2026 09:13:22): Finished Request (Line: 465) [remote_connection.py]
DEBUG (15/09/2026 09:13:22): POST http://localhost:62331/session/f81b76abdd2c93f3ee341da095e31ca1/execute/sync {'script': 'return arguments[0].textContent.trim();', 'args': [{'element-6066-11e4-a52e-4f735466cecf': 'f.4F43718FA93D6414267F90606F9738F8.d.73DE072F9BBF56441B37337F442B5794.e.294'}]} (Line: 403) [remote_connection.py]
DEBUG (15/09/2026 09:13:22): http://localhost:62331 "POST /session/f81b76abdd2c93f3ee341da095e31ca1/execute/sync HTTP/1.1" 200 0 (Line: 544) [connectionpool.py]
DEBUG (15/09/2026 09:13:22): Remote response: status=200 | data={"value":"Сотрудничеством довольны, нашли недорогой аналог довольно редкой запчасти, по качеству не хуже"} | headers=HTTPHeaderDict({'Content-Length': '187', 'Content-Type': 'application/json; charset=utf-8', 'cache-control': 'no-cache'}) (Line: 436) [remote_connection.py]
DEBUG (15/09/2026 09:13:22): Finished Request (Line: 465) [remote_connection.py]
DEBUG (15/09/2026 09:13:22): POST http://localhost:62331/session/f81b76abdd2c93f3ee341da095e31ca1/element/f.4F43718FA93D6414267F90606F9738F8.d.73DE072F9BBF56441B37337F442B5794.e.551/element {'using': 'css selector', 'value': '._1evjsdb'} (Line: 403) [remote_connection.py]
DEBUG (15/09/2026 09:13:22): http://localhost:62331 "POST /session/f81b76abdd2c93f3ee341da095e31ca1/element/f.4F43718FA93D6414267F90606F9738F8.d.73DE072F9BBF56441B37337F442B5794.e.551/element HTTP/1.1" 200 0 (Line: 544) [connectionpool.py]
DEBUG (15/09/2026 09:13:22): Remote response: status=200 | data={"value":{"element-6066-11e4-a52e-4f735466cecf":"f.4F43718FA93D6414267F90606F9738F8.d.73DE072F9BBF56441B37337F442B5794.e.687"}} | headers=HTTPHeaderDict({'Content-Length': '127', 'Content-Type': 'application/json; charset=utf-8', 'cache-control': 'no-cache'}) (Line: 436) [remote_connection.py]
DEBUG (15/09/2026 09:13:22): Finished Request (Line: 465) [remote_connection.py]
DEBUG (15/09/2026 09:13:22): POST http://localhost:62331/session/f81b76abdd2c93f3ee341da095e31ca1/element/f.4F43718FA93D6414267F90606F9738F8.d.73DE072F9BBF56441B37337F442B5794.e.551/element {'using': 'css selector', 'value': '._1evjsdb'} (Line: 403) [remote_connection.py]
DEBUG (15/09/2026 09:13:22): http://localhost:62331 "POST /session/f81b76abdd2c93f3ee341da095e31ca1/element/f.4F43718FA93D6414267F90606F9738F8.d.73DE072F9BBF56441B37337F442B5794.e.551/element HTTP/1.1" 200 0 (Line: 544) [connectionpool.py]
DEBUG (15/09/2026 09:13:22): Remote response: status=200 | data={"value":{"element-6066-11e4-a52e-4f735466cecf":"f.4F43718FA93D6414267F90606F9738F8.d.73DE072F9BBF56441B37337F442B5794.e.687"}} | headers=HTTPHeaderDict({'Content-Length': '127', 'Content-Type': 'application/json; charset=utf-8', 'cache-control': 'no-cache'}) (Line: 436) [remote_connection.py]
DEBUG (15/09/2026 09:13:22): Finished Request (Line: 465) [remote_connection.py]
DEBUG (15/09/2026 09:13:22): POST http://localhost:62331/session/f81b76abdd2c93f3ee341da095e31ca1/execute/sync {'script': 'return arguments[0].textContent.trim();', 'args': [{'element-6066-11e4-a52e-4f735466cecf': 'f.4F43718FA93D6414267F90606F9738F8.d.73DE072F9BBF56441B37337F442B5794.e.687'}]} (Line: 403) [remote_connection.py]
DEBUG (15/09/2026 09:13:22): http://localhost:62331 "POST /session/f81b76abdd2c93f3ee341da095e31ca1/execute/sync HTTP/1.1" 200 0 (Line: 544) [connectionpool.py]
DEBUG (15/09/2026 09:13:22): Remote response: status=200 | data={"value":"14 ноября 2024, официальный ответ"} | headers=HTTPHeaderDict({'Content-Length': '67', 'Content-Type': 'application/json; charset=utf-8', 'cache-control': 'no-cache'}) (Line: 436) [remote_connection.py]
DEBUG (15/09/2026 09:13:22): Finished Request (Line: 465) [remote_connection.py]
DEBUG (15/09/2026 09:13:22): POST http://localhost:62331/session/f81b76abdd2c93f3ee341da095e31ca1/element/f.4F43718FA93D6414267F90606F9738F8.d.73DE072F9BBF56441B37337F442B5794.e.551/element {'using': 'css selector', 'value': '._1wk3bjs'} (Line: 403) [remote_connection.py]
DEBUG (15/09/2026 09:13:22): http://localhost:62331 "POST /session/f81b76abdd2c93f3ee341da095e31ca1/element/f.4F43718FA93D6414267F90606F9738F8.d.73DE072F9BBF56441B37337F442B5794.e.551/element HTTP/1.1" 200 0 (Line: 544) [connectionpool.py]
DEBUG (15/09/2026 09:13:22): Remote response: status=200 | data={"value":{"element-6066-11e4-a52e-4f735466cecf":"f.4F43718FA93D6414267F90606F9738F8.d.73DE072F9BBF56441B37337F442B5794.e.688"}} | headers=HTTPHeaderDict({'Content-Length': '127', 'Content-Type': 'application/json; charset=utf-8', 'cache-control': 'no-cache'}) (Line: 436) [remote_connection.py]
DEBUG (15/09/2026 09:13:22): Finished Request (Line: 465) [remote_connection.py]
DEBUG (15/09/2026 09:13:22): POST http://localhost:62331/session/f81b76abdd2c93f3ee341da095e31ca1/element/f.4F43718FA93D6414267F90606F9738F8.d.73DE072F9BBF56441B37337F442B5794.e.551/element {'using': 'css selector', 'value': '._1wk3bjs'} (Line: 403) [remote_connection.py]
DEBUG (15/09/2026 09:13:22): http://localhost:62331 "POST /session/f81b76abdd2c93f3ee341da095e31ca1/element/f.4F43718FA93D6414267F90606F9738F8.d.73DE072F9BBF56441B37337F442B5794.e.551/element HTTP/1.1" 200 0 (Line: 544) [connectionpool.py]
DEBUG (15/09/2026 09:13:22): Remote response: status=200 | data={"value":{"element-6066-11e4-a52e-4f735466cecf":"f.4F43718FA93D6414267F90606F9738F8.d.73DE072F9BBF56441B37337F442B5794.e.688"}} | headers=HTTPHeaderDict({'Content-Length': '127', 'Content-Type': 'application/json; charset=utf-8', 'cache-control': 'no-cache'}) (Line: 436) [remote_connection.py]
DEBUG (15/09/2026 09:13:22): Finished Request (Line: 465) [remote_connection.py]
DEBUG (15/09/2026 09:13:22): POST http://localhost:62331/session/f81b76abdd2c93f3ee341da095e31ca1/execute/sync {'script': 'return arguments[0].textContent.trim();', 'args': [{'element-6066-11e4-a52e-4f735466cecf': 'f.4F43718FA93D6414267F90606F9738F8.d.73DE072F9BBF56441B37337F442B5794.e.688'}]} (Line: 403) [remote_connection.py]
DEBUG (15/09/2026 09:13:22): http://localhost:62331 "POST /session/f81b76abdd2c93f3ee341da095e31ca1/execute/sync HTTP/1.1" 200 0 (Line: 544) [connectionpool.py]
DEBUG (15/09/2026 09:13:22): Remote response: status=200 | data={"value":"Большое спасибо за ваш отзыв! Нам приятно, что вы остались довольны нашим сотрудничеством и смогли найти подходящий аналог запчасти по доступной цене. Мы всегда стремимся предоставлять нашим клиентам качественные решения и высококлассный сервис. Если у вас возникнут дополнительные вопросы или потребуется помощь в будущем, не стесняйтесь обращаться к нам. Мы всегда готовы помочь!\nС уважением, коллектив ООО \"АвтоДизельПарт\"."} | headers=HTTPHeaderDict({'Content-Length': '799', 'Content-Type': 'application/json; charset=utf-8', 'cache-control': 'no-cache'}) (Line: 436) [remote_connection.py]
DEBUG (15/09/2026 09:13:22): Finished Request (Line: 465) [remote_connection.py]
DEBUG (15/09/2026 09:13:22): POST http://localhost:62331/session/f81b76abdd2c93f3ee341da095e31ca1/element/f.4F43718FA93D6414267F90606F9738F8.d.73DE072F9BBF56441B37337F442B5794.e.552/element {'using': 'css selector', 'value': '._sgs1pz'} (Line: 403) [remote_connection.py]
DEBUG (15/09/2026 09:13:22): http://localhost:62331 "POST /session/f81b76abdd2c93f3ee341da095e31ca1/element/f.4F43718FA93D6414267F90606F9738F8.d.73DE072F9BBF56441B37337F442B5794.e.552/element HTTP/1.1" 200 0 (Line: 544) [connectionpool.py]
DEBUG (15/09/2026 09:13:22): Remote response: status=200 | data={"value":{"element-6066-11e4-a52e-4f735466cecf":"f.4F43718FA93D6414267F90606F9738F8.d.73DE072F9BBF56441B37337F442B5794.e.572"}} | headers=HTTPHeaderDict({'Content-Length': '127', 'Content-Type': 'application/json; charset=utf-8', 'cache-control': 'no-cache'}) (Line: 436) [remote_connection.py]
DEBUG (15/09/2026 09:13:22): Finished Request (Line: 465) [remote_connection.py]
DEBUG (15/09/2026 09:13:22): POST http://localhost:62331/session/f81b76abdd2c93f3ee341da095e31ca1/element/f.4F43718FA93D6414267F90606F9738F8.d.73DE072F9BBF56441B37337F442B5794.e.552/element {'using': 'css selector', 'value': '._19h0cqe'} (Line: 403) [remote_connection.py]
DEBUG (15/09/2026 09:13:22): http://localhost:62331 "POST /session/f81b76abdd2c93f3ee341da095e31ca1/element/f.4F43718FA93D6414267F90606F9738F8.d.73DE072F9BBF56441B37337F442B5794.e.552/element HTTP/1.1" 200 0 (Line: 544) [connectionpool.py]
DEBUG (15/09/2026 09:13:22): Remote response: status=200 | data={"value":{"element-6066-11e4-a52e-4f735466cecf":"f.4F43718FA93D6414267F90606F9738F8.d.73DE072F9BBF56441B37337F442B5794.e.689"}} | headers=HTTPHeaderDict({'Content-Length': '127', 'Content-Type': 'application/json; charset=utf-8', 'cache-control': 'no-cache'}) (Line: 436) [remote_connection.py]
DEBUG (15/09/2026 09:13:22): Finished Request (Line: 465) [remote_connection.py]
DEBUG (15/09/2026 09:13:22): POST http://localhost:62331/session/f81b76abdd2c93f3ee341da095e31ca1/element/f.4F43718FA93D6414267F90606F9738F8.d.73DE072F9BBF56441B37337F442B5794.e.552/element {'using': 'css selector', 'value': '._19h0cqe'} (Line: 403) [remote_connection.py]
DEBUG (15/09/2026 09:13:22): http://localhost:62331 "POST /session/f81b76abdd2c93f3ee341da095e31ca1/element/f.4F43718FA93D6414267F90606F9738F8.d.73DE072F9BBF56441B37337F442B5794.e.552/element HTTP/1.1" 200 0 (Line: 544) [connectionpool.py]
DEBUG (15/09/2026 09:13:22): Remote response: status=200 | data={"value":{"element-6066-11e4-a52e-4f735466cecf":"f.4F43718FA93D6414267F90606F9738F8.d.73DE072F9BBF56441B37337F442B5794.e.689"}} | headers=HTTPHeaderDict({'Content-Length': '127', 'Content-Type': 'application/json; charset=utf-8', 'cache-control': 'no-cache'}) (Line: 436) [remote_connection.py]
DEBUG (15/09/2026 09:13:22): Finished Request (Line: 465) [remote_connection.py]
DEBUG (15/09/2026 09:13:22): POST http://localhost:62331/session/f81b76abdd2c93f3ee341da095e31ca1/execute/sync {'script': 'return arguments[0].textContent.trim();', 'args': [{'element-6066-11e4-a52e-4f735466cecf': 'f.4F43718FA93D6414267F90606F9738F8.d.73DE072F9BBF56441B37337F442B5794.e.689'}]} (Line: 403) [remote_connection.py]
DEBUG (15/09/2026 09:13:22): http://localhost:62331 "POST /session/f81b76abdd2c93f3ee341da095e31ca1/execute/sync HTTP/1.1" 200 0 (Line: 544) [connectionpool.py]
DEBUG (15/09/2026 09:13:22): Remote response: status=200 | data={"value":"Тимур Обломов"} | headers=HTTPHeaderDict({'Content-Length': '37', 'Content-Type': 'application/json; charset=utf-8', 'cache-control': 'no-cache'}) (Line: 436) [remote_connection.py]
DEBUG (15/09/2026 09:13:22): Finished Request (Line: 465) [remote_connection.py]
DEBUG (15/09/2026 09:13:22): POST http://localhost:62331/session/f81b76abdd2c93f3ee341da095e31ca1/element/f.4F43718FA93D6414267F90606F9738F8.d.73DE072F9BBF56441B37337F442B5794.e.552/element {'using': 'css selector', 'value': '._10c0hgu'} (Line: 403) [remote_connection.py]
DEBUG (15/09/2026 09:13:22): http://localhost:62331 "POST /session/f81b76abdd2c93f3ee341da095e31ca1/element/f.4F43718FA93D6414267F90606F9738F8.d.73DE072F9BBF56441B37337F442B5794.e.552/element HTTP/1.1" 200 0 (Line: 544) [connectionpool.py]
DEBUG (15/09/2026 09:13:22): Remote response: status=200 | data={"value":{"element-6066-11e4-a52e-4f735466cecf":"f.4F43718FA93D6414267F90606F9738F8.d.73DE072F9BBF56441B37337F442B5794.e.690"}} | headers=HTTPHeaderDict({'Content-Length': '127', 'Content-Type': 'application/json; charset=utf-8', 'cache-control': 'no-cache'}) (Line: 436) [remote_connection.py]
DEBUG (15/09/2026 09:13:22): Finished Request (Line: 465) [remote_connection.py]
DEBUG (15/09/2026 09:13:22): POST http://localhost:62331/session/f81b76abdd2c93f3ee341da095e31ca1/element/f.4F43718FA93D6414267F90606F9738F8.d.73DE072F9BBF56441B37337F442B5794.e.552/element {'using': 'css selector', 'value': '._10c0hgu'} (Line: 403) [remote_connection.py]
DEBUG (15/09/2026 09:13:22): http://localhost:62331 "POST /session/f81b76abdd2c93f3ee341da095e31ca1/element/f.4F43718FA93D6414267F90606F9738F8.d.73DE072F9BBF56441B37337F442B5794.e.552/element HTTP/1.1" 200 0 (Line: 544) [connectionpool.py]
DEBUG (15/09/2026 09:13:22): Remote response: status=200 | data={"value":{"element-6066-11e4-a52e-4f735466cecf":"f.4F43718FA93D6414267F90606F9738F8.d.73DE072F9BBF56441B37337F442B5794.e.690"}} | headers=HTTPHeaderDict({'Content-Length': '127', 'Content-Type': 'application/json; charset=utf-8', 'cache-control': 'no-cache'}) (Line: 436) [remote_connection.py]
DEBUG (15/09/2026 09:13:22): Finished Request (Line: 465) [remote_connection.py]
DEBUG (15/09/2026 09:13:22): POST http://localhost:62331/session/f81b76abdd2c93f3ee341da095e31ca1/execute/sync {'script': 'return arguments[0].textContent.trim();', 'args': [{'element-6066-11e4-a52e-4f735466cecf': 'f.4F43718FA93D6414267F90606F9738F8.d.73DE072F9BBF56441B37337F442B5794.e.690'}]} (Line: 403) [remote_connection.py]
DEBUG (15/09/2026 09:13:22): http://localhost:62331 "POST /session/f81b76abdd2c93f3ee341da095e31ca1/execute/sync HTTP/1.1" 200 0 (Line: 544) [connectionpool.py]
DEBUG (15/09/2026 09:13:22): Remote response: status=200 | data={"value":"30 августа 2024"} | headers=HTTPHeaderDict({'Content-Length': '34', 'Content-Type': 'application/json; charset=utf-8', 'cache-control': 'no-cache'}) (Line: 436) [remote_connection.py]
DEBUG (15/09/2026 09:13:22): Finished Request (Line: 465) [remote_connection.py]
DEBUG (15/09/2026 09:13:22): POST http://localhost:62331/session/f81b76abdd2c93f3ee341da095e31ca1/element/f.4F43718FA93D6414267F90606F9738F8.d.73DE072F9BBF56441B37337F442B5794.e.552/element {'using': 'css selector', 'value': '._1fkin5c span'} (Line: 403) [remote_connection.py]
DEBUG (15/09/2026 09:13:22): http://localhost:62331 "POST /session/f81b76abdd2c93f3ee341da095e31ca1/element/f.4F43718FA93D6414267F90606F9738F8.d.73DE072F9BBF56441B37337F442B5794.e.552/element HTTP/1.1" 200 0 (Line: 544) [connectionpool.py]
DEBUG (15/09/2026 09:13:22): Remote response: status=200 | data={"value":{"element-6066-11e4-a52e-4f735466cecf":"f.4F43718FA93D6414267F90606F9738F8.d.73DE072F9BBF56441B37337F442B5794.e.691"}} | headers=HTTPHeaderDict({'Content-Length': '127', 'Content-Type': 'application/json; charset=utf-8', 'cache-control': 'no-cache'}) (Line: 436) [remote_connection.py]
DEBUG (15/09/2026 09:13:22): Finished Request (Line: 465) [remote_connection.py]
DEBUG (15/09/2026 09:13:22): POST http://localhost:62331/session/f81b76abdd2c93f3ee341da095e31ca1/element/f.4F43718FA93D6414267F90606F9738F8.d.73DE072F9BBF56441B37337F442B5794.e.552/elements {'using': 'css selector', 'value': '._1fkin5c span'} (Line: 403) [remote_connection.py]
DEBUG (15/09/2026 09:13:22): http://localhost:62331 "POST /session/f81b76abdd2c93f3ee341da095e31ca1/element/f.4F43718FA93D6414267F90606F9738F8.d.73DE072F9BBF56441B37337F442B5794.e.552/elements HTTP/1.1" 200 0 (Line: 544) [connectionpool.py]
DEBUG (15/09/2026 09:13:22): Remote response: status=200 | data={"value":[{"element-6066-11e4-a52e-4f735466cecf":"f.4F43718FA93D6414267F90606F9738F8.d.73DE072F9BBF56441B37337F442B5794.e.691"},{"element-6066-11e4-a52e-4f735466cecf":"f.4F43718FA93D6414267F90606F9738F8.d.73DE072F9BBF56441B37337F442B5794.e.692"},{"element-6066-11e4-a52e-4f735466cecf":"f.4F43718FA93D6414267F90606F9738F8.d.73DE072F9BBF56441B37337F442B5794.e.693"},{"element-6066-11e4-a52e-4f735466cecf":"f.4F43718FA93D6414267F90606F9738F8.d.73DE072F9BBF56441B37337F442B5794.e.694"},{"element-6066-11e4-a52e-4f735466cecf":"f.4F43718FA93D6414267F90606F9738F8.d.73DE072F9BBF56441B37337F442B5794.e.695"}]} | headers=HTTPHeaderDict({'Content-Length': '601', 'Content-Type': 'application/json; charset=utf-8', 'cache-control': 'no-cache'}) (Line: 436) [remote_connection.py]
DEBUG (15/09/2026 09:13:22): Finished Request (Line: 465) [remote_connection.py]
DEBUG (15/09/2026 09:13:22): POST http://localhost:62331/session/f81b76abdd2c93f3ee341da095e31ca1/element/f.4F43718FA93D6414267F90606F9738F8.d.73DE072F9BBF56441B37337F442B5794.e.552/element {'using': 'css selector', 'value': '._oxthv5'} (Line: 403) [remote_connection.py]
DEBUG (15/09/2026 09:13:22): http://localhost:62331 "POST /session/f81b76abdd2c93f3ee341da095e31ca1/element/f.4F43718FA93D6414267F90606F9738F8.d.73DE072F9BBF56441B37337F442B5794.e.552/element HTTP/1.1" 200 0 (Line: 544) [connectionpool.py]
DEBUG (15/09/2026 09:13:22): Remote response: status=200 | data={"value":{"element-6066-11e4-a52e-4f735466cecf":"f.4F43718FA93D6414267F90606F9738F8.d.73DE072F9BBF56441B37337F442B5794.e.315"}} | headers=HTTPHeaderDict({'Content-Length': '127', 'Content-Type': 'application/json; charset=utf-8', 'cache-control': 'no-cache'}) (Line: 436) [remote_connection.py]
DEBUG (15/09/2026 09:13:22): Finished Request (Line: 465) [remote_connection.py]
DEBUG (15/09/2026 09:13:22): POST http://localhost:62331/session/f81b76abdd2c93f3ee341da095e31ca1/element/f.4F43718FA93D6414267F90606F9738F8.d.73DE072F9BBF56441B37337F442B5794.e.552/element {'using': 'css selector', 'value': '._oxthv5'} (Line: 403) [remote_connection.py]
DEBUG (15/09/2026 09:13:22): http://localhost:62331 "POST /session/f81b76abdd2c93f3ee341da095e31ca1/element/f.4F43718FA93D6414267F90606F9738F8.d.73DE072F9BBF56441B37337F442B5794.e.552/element HTTP/1.1" 200 0 (Line: 544) [connectionpool.py]
DEBUG (15/09/2026 09:13:22): Remote response: status=200 | data={"value":{"element-6066-11e4-a52e-4f735466cecf":"f.4F43718FA93D6414267F90606F9738F8.d.73DE072F9BBF56441B37337F442B5794.e.315"}} | headers=HTTPHeaderDict({'Content-Length': '127', 'Content-Type': 'application/json; charset=utf-8', 'cache-control': 'no-cache'}) (Line: 436) [remote_connection.py]
DEBUG (15/09/2026 09:13:22): Finished Request (Line: 465) [remote_connection.py]
DEBUG (15/09/2026 09:13:22): POST http://localhost:62331/session/f81b76abdd2c93f3ee341da095e31ca1/execute/sync {'script': 'return arguments[0].textContent.trim();', 'args': [{'element-6066-11e4-a52e-4f735466cecf': 'f.4F43718FA93D6414267F90606F9738F8.d.73DE072F9BBF56441B37337F442B5794.e.315'}]} (Line: 403) [remote_connection.py]
DEBUG (15/09/2026 09:13:22): http://localhost:62331 "POST /session/f81b76abdd2c93f3ee341da095e31ca1/execute/sync HTTP/1.1" 200 0 (Line: 544) [connectionpool.py]
DEBUG (15/09/2026 09:13:22): Remote response: status=200 | data={"value":"Сотрудничали с компанией, брали запчасти для нашего ТНВД, порадовало, что полный ремкоплект в наличии, взяли все сразу одним закупом. Цены средние, оплачивали по безналу."} | headers=HTTPHeaderDict({'Content-Length': '322', 'Content-Type': 'application/json; charset=utf-8', 'cache-control': 'no-cache'}) (Line: 436) [remote_connection.py]
DEBUG (15/09/2026 09:13:22): Finished Request (Line: 465) [remote_connection.py]
DEBUG (15/09/2026 09:13:22): POST http://localhost:62331/session/f81b76abdd2c93f3ee341da095e31ca1/element/f.4F43718FA93D6414267F90606F9738F8.d.73DE072F9BBF56441B37337F442B5794.e.552/element {'using': 'css selector', 'value': '._1evjsdb'} (Line: 403) [remote_connection.py]
DEBUG (15/09/2026 09:13:22): http://localhost:62331 "POST /session/f81b76abdd2c93f3ee341da095e31ca1/element/f.4F43718FA93D6414267F90606F9738F8.d.73DE072F9BBF56441B37337F442B5794.e.552/element HTTP/1.1" 200 0 (Line: 544) [connectionpool.py]
DEBUG (15/09/2026 09:13:22): Remote response: status=200 | data={"value":{"element-6066-11e4-a52e-4f735466cecf":"f.4F43718FA93D6414267F90606F9738F8.d.73DE072F9BBF56441B37337F442B5794.e.696"}} | headers=HTTPHeaderDict({'Content-Length': '127', 'Content-Type': 'application/json; charset=utf-8', 'cache-control': 'no-cache'}) (Line: 436) [remote_connection.py]
DEBUG (15/09/2026 09:13:22): Finished Request (Line: 465) [remote_connection.py]
DEBUG (15/09/2026 09:13:22): POST http://localhost:62331/session/f81b76abdd2c93f3ee341da095e31ca1/element/f.4F43718FA93D6414267F90606F9738F8.d.73DE072F9BBF56441B37337F442B5794.e.552/element {'using': 'css selector', 'value': '._1evjsdb'} (Line: 403) [remote_connection.py]
DEBUG (15/09/2026 09:13:22): http://localhost:62331 "POST /session/f81b76abdd2c93f3ee341da095e31ca1/element/f.4F43718FA93D6414267F90606F9738F8.d.73DE072F9BBF56441B37337F442B5794.e.552/element HTTP/1.1" 200 0 (Line: 544) [connectionpool.py]
DEBUG (15/09/2026 09:13:22): Remote response: status=200 | data={"value":{"element-6066-11e4-a52e-4f735466cecf":"f.4F43718FA93D6414267F90606F9738F8.d.73DE072F9BBF56441B37337F442B5794.e.696"}} | headers=HTTPHeaderDict({'Content-Length': '127', 'Content-Type': 'application/json; charset=utf-8', 'cache-control': 'no-cache'}) (Line: 436) [remote_connection.py]
DEBUG (15/09/2026 09:13:22): Finished Request (Line: 465) [remote_connection.py]
DEBUG (15/09/2026 09:13:22): POST http://localhost:62331/session/f81b76abdd2c93f3ee341da095e31ca1/execute/sync {'script': 'return arguments[0].textContent.trim();', 'args': [{'element-6066-11e4-a52e-4f735466cecf': 'f.4F43718FA93D6414267F90606F9738F8.d.73DE072F9BBF56441B37337F442B5794.e.696'}]} (Line: 403) [remote_connection.py]
DEBUG (15/09/2026 09:13:22): http://localhost:62331 "POST /session/f81b76abdd2c93f3ee341da095e31ca1/execute/sync HTTP/1.1" 200 0 (Line: 544) [connectionpool.py]
DEBUG (15/09/2026 09:13:22): Remote response: status=200 | data={"value":"3 сентября 2024, официальный ответ"} | headers=HTTPHeaderDict({'Content-Length': '70', 'Content-Type': 'application/json; charset=utf-8', 'cache-control': 'no-cache'}) (Line: 436) [remote_connection.py]
DEBUG (15/09/2026 09:13:22): Finished Request (Line: 465) [remote_connection.py]
DEBUG (15/09/2026 09:13:22): POST http://localhost:62331/session/f81b76abdd2c93f3ee341da095e31ca1/element/f.4F43718FA93D6414267F90606F9738F8.d.73DE072F9BBF56441B37337F442B5794.e.552/element {'using': 'css selector', 'value': '._1wk3bjs'} (Line: 403) [remote_connection.py]
DEBUG (15/09/2026 09:13:22): http://localhost:62331 "POST /session/f81b76abdd2c93f3ee341da095e31ca1/element/f.4F43718FA93D6414267F90606F9738F8.d.73DE072F9BBF56441B37337F442B5794.e.552/element HTTP/1.1" 200 0 (Line: 544) [connectionpool.py]
DEBUG (15/09/2026 09:13:22): Remote response: status=200 | data={"value":{"element-6066-11e4-a52e-4f735466cecf":"f.4F43718FA93D6414267F90606F9738F8.d.73DE072F9BBF56441B37337F442B5794.e.697"}} | headers=HTTPHeaderDict({'Content-Length': '127', 'Content-Type': 'application/json; charset=utf-8', 'cache-control': 'no-cache'}) (Line: 436) [remote_connection.py]
DEBUG (15/09/2026 09:13:22): Finished Request (Line: 465) [remote_connection.py]
DEBUG (15/09/2026 09:13:22): POST http://localhost:62331/session/f81b76abdd2c93f3ee341da095e31ca1/element/f.4F43718FA93D6414267F90606F9738F8.d.73DE072F9BBF56441B37337F442B5794.e.552/element {'using': 'css selector', 'value': '._1wk3bjs'} (Line: 403) [remote_connection.py]
DEBUG (15/09/2026 09:13:22): http://localhost:62331 "POST /session/f81b76abdd2c93f3ee341da095e31ca1/element/f.4F43718FA93D6414267F90606F9738F8.d.73DE072F9BBF56441B37337F442B5794.e.552/element HTTP/1.1" 200 0 (Line: 544) [connectionpool.py]
DEBUG (15/09/2026 09:13:22): Remote response: status=200 | data={"value":{"element-6066-11e4-a52e-4f735466cecf":"f.4F43718FA93D6414267F90606F9738F8.d.73DE072F9BBF56441B37337F442B5794.e.697"}} | headers=HTTPHeaderDict({'Content-Length': '127', 'Content-Type': 'application/json; charset=utf-8', 'cache-control': 'no-cache'}) (Line: 436) [remote_connection.py]
DEBUG (15/09/2026 09:13:22): Finished Request (Line: 465) [remote_connection.py]
DEBUG (15/09/2026 09:13:22): POST http://localhost:62331/session/f81b76abdd2c93f3ee341da095e31ca1/execute/sync {'script': 'return arguments[0].textContent.trim();', 'args': [{'element-6066-11e4-a52e-4f735466cecf': 'f.4F43718FA93D6414267F90606F9738F8.d.73DE072F9BBF56441B37337F442B5794.e.697'}]} (Line: 403) [remote_connection.py]
DEBUG (15/09/2026 09:13:22): http://localhost:62331 "POST /session/f81b76abdd2c93f3ee341da095e31ca1/execute/sync HTTP/1.1" 200 0 (Line: 544) [connectionpool.py]
DEBUG (15/09/2026 09:13:22): Remote response: status=200 | data={"value":"Спасибо за ваш отзыв! Мы рады, что смогли предоставить полный ремкомплект для вашего ТНВД. Удобство и наличие всех необходимых автозапчастей — наш приоритет. Приятно слышать, что процесс оплаты по безналу был для вас удобен.\nБудем рады сотрудничать с вами снова!\nЕсли у вас есть какие-либо вопросы или дополнительные потребности, пожалуйста, обращайтесь, написав нам на нашем сайте https://autodieselpart.ru/\nС уважением, коллектив ООО \"АвтоДизельПарт\"."} | headers=HTTPHeaderDict({'Content-Length': '822', 'Content-Type': 'application/json; charset=utf-8', 'cache-control': 'no-cache'}) (Line: 436) [remote_connection.py]
DEBUG (15/09/2026 09:13:22): Finished Request (Line: 465) [remote_connection.py]
DEBUG (15/09/2026 09:13:23): POST http://localhost:62331/session/f81b76abdd2c93f3ee341da095e31ca1/element/f.4F43718FA93D6414267F90606F9738F8.d.73DE072F9BBF56441B37337F442B5794.e.553/element {'using': 'css selector', 'value': '._sgs1pz'} (Line: 403) [remote_connection.py]
DEBUG (15/09/2026 09:13:23): http://localhost:62331 "POST /session/f81b76abdd2c93f3ee341da095e31ca1/element/f.4F43718FA93D6414267F90606F9738F8.d.73DE072F9BBF56441B37337F442B5794.e.553/element HTTP/1.1" 200 0 (Line: 544) [connectionpool.py]
DEBUG (15/09/2026 09:13:23): Remote response: status=200 | data={"value":{"element-6066-11e4-a52e-4f735466cecf":"f.4F43718FA93D6414267F90606F9738F8.d.73DE072F9BBF56441B37337F442B5794.e.573"}} | headers=HTTPHeaderDict({'Content-Length': '127', 'Content-Type': 'application/json; charset=utf-8', 'cache-control': 'no-cache'}) (Line: 436) [remote_connection.py]
DEBUG (15/09/2026 09:13:23): Finished Request (Line: 465) [remote_connection.py]
DEBUG (15/09/2026 09:13:23): POST http://localhost:62331/session/f81b76abdd2c93f3ee341da095e31ca1/element/f.4F43718FA93D6414267F90606F9738F8.d.73DE072F9BBF56441B37337F442B5794.e.553/element {'using': 'css selector', 'value': '._19h0cqe'} (Line: 403) [remote_connection.py]
DEBUG (15/09/2026 09:13:23): http://localhost:62331 "POST /session/f81b76abdd2c93f3ee341da095e31ca1/element/f.4F43718FA93D6414267F90606F9738F8.d.73DE072F9BBF56441B37337F442B5794.e.553/element HTTP/1.1" 200 0 (Line: 544) [connectionpool.py]
DEBUG (15/09/2026 09:13:23): Remote response: status=200 | data={"value":{"element-6066-11e4-a52e-4f735466cecf":"f.4F43718FA93D6414267F90606F9738F8.d.73DE072F9BBF56441B37337F442B5794.e.698"}} | headers=HTTPHeaderDict({'Content-Length': '127', 'Content-Type': 'application/json; charset=utf-8', 'cache-control': 'no-cache'}) (Line: 436) [remote_connection.py]
DEBUG (15/09/2026 09:13:23): Finished Request (Line: 465) [remote_connection.py]
DEBUG (15/09/2026 09:13:23): POST http://localhost:62331/session/f81b76abdd2c93f3ee341da095e31ca1/element/f.4F43718FA93D6414267F90606F9738F8.d.73DE072F9BBF56441B37337F442B5794.e.553/element {'using': 'css selector', 'value': '._19h0cqe'} (Line: 403) [remote_connection.py]
DEBUG (15/09/2026 09:13:23): http://localhost:62331 "POST /session/f81b76abdd2c93f3ee341da095e31ca1/element/f.4F43718FA93D6414267F90606F9738F8.d.73DE072F9BBF56441B37337F442B5794.e.553/element HTTP/1.1" 200 0 (Line: 544) [connectionpool.py]
DEBUG (15/09/2026 09:13:23): Remote response: status=200 | data={"value":{"element-6066-11e4-a52e-4f735466cecf":"f.4F43718FA93D6414267F90606F9738F8.d.73DE072F9BBF56441B37337F442B5794.e.698"}} | headers=HTTPHeaderDict({'Content-Length': '127', 'Content-Type': 'application/json; charset=utf-8', 'cache-control': 'no-cache'}) (Line: 436) [remote_connection.py]
DEBUG (15/09/2026 09:13:23): Finished Request (Line: 465) [remote_connection.py]
DEBUG (15/09/2026 09:13:23): POST http://localhost:62331/session/f81b76abdd2c93f3ee341da095e31ca1/execute/sync {'script': 'return arguments[0].textContent.trim();', 'args': [{'element-6066-11e4-a52e-4f735466cecf': 'f.4F43718FA93D6414267F90606F9738F8.d.73DE072F9BBF56441B37337F442B5794.e.698'}]} (Line: 403) [remote_connection.py]
DEBUG (15/09/2026 09:13:23): http://localhost:62331 "POST /session/f81b76abdd2c93f3ee341da095e31ca1/execute/sync HTTP/1.1" 200 0 (Line: 544) [connectionpool.py]
DEBUG (15/09/2026 09:13:23): Remote response: status=200 | data={"value":"Андрей"} | headers=HTTPHeaderDict({'Content-Length': '24', 'Content-Type': 'application/json; charset=utf-8', 'cache-control': 'no-cache'}) (Line: 436) [remote_connection.py]
DEBUG (15/09/2026 09:13:23): Finished Request (Line: 465) [remote_connection.py]
DEBUG (15/09/2026 09:13:23): POST http://localhost:62331/session/f81b76abdd2c93f3ee341da095e31ca1/element/f.4F43718FA93D6414267F90606F9738F8.d.73DE072F9BBF56441B37337F442B5794.e.553/element {'using': 'css selector', 'value': '._10c0hgu'} (Line: 403) [remote_connection.py]
DEBUG (15/09/2026 09:13:23): http://localhost:62331 "POST /session/f81b76abdd2c93f3ee341da095e31ca1/element/f.4F43718FA93D6414267F90606F9738F8.d.73DE072F9BBF56441B37337F442B5794.e.553/element HTTP/1.1" 200 0 (Line: 544) [connectionpool.py]
DEBUG (15/09/2026 09:13:23): Remote response: status=200 | data={"value":{"element-6066-11e4-a52e-4f735466cecf":"f.4F43718FA93D6414267F90606F9738F8.d.73DE072F9BBF56441B37337F442B5794.e.699"}} | headers=HTTPHeaderDict({'Content-Length': '127', 'Content-Type': 'application/json; charset=utf-8', 'cache-control': 'no-cache'}) (Line: 436) [remote_connection.py]
DEBUG (15/09/2026 09:13:23): Finished Request (Line: 465) [remote_connection.py]
DEBUG (15/09/2026 09:13:23): POST http://localhost:62331/session/f81b76abdd2c93f3ee341da095e31ca1/element/f.4F43718FA93D6414267F90606F9738F8.d.73DE072F9BBF56441B37337F442B5794.e.553/element {'using': 'css selector', 'value': '._10c0hgu'} (Line: 403) [remote_connection.py]
DEBUG (15/09/2026 09:13:23): http://localhost:62331 "POST /session/f81b76abdd2c93f3ee341da095e31ca1/element/f.4F43718FA93D6414267F90606F9738F8.d.73DE072F9BBF56441B37337F442B5794.e.553/element HTTP/1.1" 200 0 (Line: 544) [connectionpool.py]
DEBUG (15/09/2026 09:13:23): Remote response: status=200 | data={"value":{"element-6066-11e4-a52e-4f735466cecf":"f.4F43718FA93D6414267F90606F9738F8.d.73DE072F9BBF56441B37337F442B5794.e.699"}} | headers=HTTPHeaderDict({'Content-Length': '127', 'Content-Type': 'application/json; charset=utf-8', 'cache-control': 'no-cache'}) (Line: 436) [remote_connection.py]
DEBUG (15/09/2026 09:13:23): Finished Request (Line: 465) [remote_connection.py]
DEBUG (15/09/2026 09:13:23): POST http://localhost:62331/session/f81b76abdd2c93f3ee341da095e31ca1/execute/sync {'script': 'return arguments[0].textContent.trim();', 'args': [{'element-6066-11e4-a52e-4f735466cecf': 'f.4F43718FA93D6414267F90606F9738F8.d.73DE072F9BBF56441B37337F442B5794.e.699'}]} (Line: 403) [remote_connection.py]
DEBUG (15/09/2026 09:13:23): http://localhost:62331 "POST /session/f81b76abdd2c93f3ee341da095e31ca1/execute/sync HTTP/1.1" 200 0 (Line: 544) [connectionpool.py]
DEBUG (15/09/2026 09:13:23): Remote response: status=200 | data={"value":"2 августа 2024"} | headers=HTTPHeaderDict({'Content-Length': '33', 'Content-Type': 'application/json; charset=utf-8', 'cache-control': 'no-cache'}) (Line: 436) [remote_connection.py]
DEBUG (15/09/2026 09:13:23): Finished Request (Line: 465) [remote_connection.py]
DEBUG (15/09/2026 09:13:23): POST http://localhost:62331/session/f81b76abdd2c93f3ee341da095e31ca1/element/f.4F43718FA93D6414267F90606F9738F8.d.73DE072F9BBF56441B37337F442B5794.e.553/element {'using': 'css selector', 'value': '._1fkin5c span'} (Line: 403) [remote_connection.py]
DEBUG (15/09/2026 09:13:23): http://localhost:62331 "POST /session/f81b76abdd2c93f3ee341da095e31ca1/element/f.4F43718FA93D6414267F90606F9738F8.d.73DE072F9BBF56441B37337F442B5794.e.553/element HTTP/1.1" 200 0 (Line: 544) [connectionpool.py]
DEBUG (15/09/2026 09:13:23): Remote response: status=200 | data={"value":{"element-6066-11e4-a52e-4f735466cecf":"f.4F43718FA93D6414267F90606F9738F8.d.73DE072F9BBF56441B37337F442B5794.e.700"}} | headers=HTTPHeaderDict({'Content-Length': '127', 'Content-Type': 'application/json; charset=utf-8', 'cache-control': 'no-cache'}) (Line: 436) [remote_connection.py]
DEBUG (15/09/2026 09:13:23): Finished Request (Line: 465) [remote_connection.py]
DEBUG (15/09/2026 09:13:23): POST http://localhost:62331/session/f81b76abdd2c93f3ee341da095e31ca1/element/f.4F43718FA93D6414267F90606F9738F8.d.73DE072F9BBF56441B37337F442B5794.e.553/elements {'using': 'css selector', 'value': '._1fkin5c span'} (Line: 403) [remote_connection.py]
DEBUG (15/09/2026 09:13:23): http://localhost:62331 "POST /session/f81b76abdd2c93f3ee341da095e31ca1/element/f.4F43718FA93D6414267F90606F9738F8.d.73DE072F9BBF56441B37337F442B5794.e.553/elements HTTP/1.1" 200 0 (Line: 544) [connectionpool.py]
DEBUG (15/09/2026 09:13:23): Remote response: status=200 | data={"value":[{"element-6066-11e4-a52e-4f735466cecf":"f.4F43718FA93D6414267F90606F9738F8.d.73DE072F9BBF56441B37337F442B5794.e.700"},{"element-6066-11e4-a52e-4f735466cecf":"f.4F43718FA93D6414267F90606F9738F8.d.73DE072F9BBF56441B37337F442B5794.e.701"},{"element-6066-11e4-a52e-4f735466cecf":"f.4F43718FA93D6414267F90606F9738F8.d.73DE072F9BBF56441B37337F442B5794.e.702"},{"element-6066-11e4-a52e-4f735466cecf":"f.4F43718FA93D6414267F90606F9738F8.d.73DE072F9BBF56441B37337F442B5794.e.703"},{"element-6066-11e4-a52e-4f735466cecf":"f.4F43718FA93D6414267F90606F9738F8.d.73DE072F9BBF56441B37337F442B5794.e.704"}]} | headers=HTTPHeaderDict({'Content-Length': '601', 'Content-Type': 'application/json; charset=utf-8', 'cache-control': 'no-cache'}) (Line: 436) [remote_connection.py]
DEBUG (15/09/2026 09:13:23): Finished Request (Line: 465) [remote_connection.py]
DEBUG (15/09/2026 09:13:23): POST http://localhost:62331/session/f81b76abdd2c93f3ee341da095e31ca1/element/f.4F43718FA93D6414267F90606F9738F8.d.73DE072F9BBF56441B37337F442B5794.e.553/element {'using': 'css selector', 'value': '._oxthv5'} (Line: 403) [remote_connection.py]
DEBUG (15/09/2026 09:13:23): http://localhost:62331 "POST /session/f81b76abdd2c93f3ee341da095e31ca1/element/f.4F43718FA93D6414267F90606F9738F8.d.73DE072F9BBF56441B37337F442B5794.e.553/element HTTP/1.1" 200 0 (Line: 544) [connectionpool.py]
DEBUG (15/09/2026 09:13:23): Remote response: status=200 | data={"value":{"element-6066-11e4-a52e-4f735466cecf":"f.4F43718FA93D6414267F90606F9738F8.d.73DE072F9BBF56441B37337F442B5794.e.338"}} | headers=HTTPHeaderDict({'Content-Length': '127', 'Content-Type': 'application/json; charset=utf-8', 'cache-control': 'no-cache'}) (Line: 436) [remote_connection.py]
DEBUG (15/09/2026 09:13:23): Finished Request (Line: 465) [remote_connection.py]
DEBUG (15/09/2026 09:13:23): POST http://localhost:62331/session/f81b76abdd2c93f3ee341da095e31ca1/element/f.4F43718FA93D6414267F90606F9738F8.d.73DE072F9BBF56441B37337F442B5794.e.553/element {'using': 'css selector', 'value': '._oxthv5'} (Line: 403) [remote_connection.py]
DEBUG (15/09/2026 09:13:23): http://localhost:62331 "POST /session/f81b76abdd2c93f3ee341da095e31ca1/element/f.4F43718FA93D6414267F90606F9738F8.d.73DE072F9BBF56441B37337F442B5794.e.553/element HTTP/1.1" 200 0 (Line: 544) [connectionpool.py]
DEBUG (15/09/2026 09:13:23): Remote response: status=200 | data={"value":{"element-6066-11e4-a52e-4f735466cecf":"f.4F43718FA93D6414267F90606F9738F8.d.73DE072F9BBF56441B37337F442B5794.e.338"}} | headers=HTTPHeaderDict({'Content-Length': '127', 'Content-Type': 'application/json; charset=utf-8', 'cache-control': 'no-cache'}) (Line: 436) [remote_connection.py]
DEBUG (15/09/2026 09:13:23): Finished Request (Line: 465) [remote_connection.py]
DEBUG (15/09/2026 09:13:23): POST http://localhost:62331/session/f81b76abdd2c93f3ee341da095e31ca1/execute/sync {'script': 'return arguments[0].textContent.trim();', 'args': [{'element-6066-11e4-a52e-4f735466cecf': 'f.4F43718FA93D6414267F90606F9738F8.d.73DE072F9BBF56441B37337F442B5794.e.338'}]} (Line: 403) [remote_connection.py]
DEBUG (15/09/2026 09:13:23): http://localhost:62331 "POST /session/f81b76abdd2c93f3ee341da095e31ca1/execute/sync HTTP/1.1" 200 0 (Line: 544) [connectionpool.py]
DEBUG (15/09/2026 09:13:23): Remote response: status=200 | data={"value":"Очень хороший ассортимент, по нашему немаленькому списку нашли все что нужно только здесь. И цены не задирают."} | headers=HTTPHeaderDict({'Content-Length': '213', 'Content-Type': 'application/json; charset=utf-8', 'cache-control': 'no-cache'}) (Line: 436) [remote_connection.py]
DEBUG (15/09/2026 09:13:23): Finished Request (Line: 465) [remote_connection.py]
DEBUG (15/09/2026 09:13:23): POST http://localhost:62331/session/f81b76abdd2c93f3ee341da095e31ca1/element/f.4F43718FA93D6414267F90606F9738F8.d.73DE072F9BBF56441B37337F442B5794.e.553/element {'using': 'css selector', 'value': '._1evjsdb'} (Line: 403) [remote_connection.py]
DEBUG (15/09/2026 09:13:23): http://localhost:62331 "POST /session/f81b76abdd2c93f3ee341da095e31ca1/element/f.4F43718FA93D6414267F90606F9738F8.d.73DE072F9BBF56441B37337F442B5794.e.553/element HTTP/1.1" 200 0 (Line: 544) [connectionpool.py]
DEBUG (15/09/2026 09:13:23): Remote response: status=200 | data={"value":{"element-6066-11e4-a52e-4f735466cecf":"f.4F43718FA93D6414267F90606F9738F8.d.73DE072F9BBF56441B37337F442B5794.e.705"}} | headers=HTTPHeaderDict({'Content-Length': '127', 'Content-Type': 'application/json; charset=utf-8', 'cache-control': 'no-cache'}) (Line: 436) [remote_connection.py]
DEBUG (15/09/2026 09:13:23): Finished Request (Line: 465) [remote_connection.py]
DEBUG (15/09/2026 09:13:23): POST http://localhost:62331/session/f81b76abdd2c93f3ee341da095e31ca1/element/f.4F43718FA93D6414267F90606F9738F8.d.73DE072F9BBF56441B37337F442B5794.e.553/element {'using': 'css selector', 'value': '._1evjsdb'} (Line: 403) [remote_connection.py]
DEBUG (15/09/2026 09:13:23): http://localhost:62331 "POST /session/f81b76abdd2c93f3ee341da095e31ca1/element/f.4F43718FA93D6414267F90606F9738F8.d.73DE072F9BBF56441B37337F442B5794.e.553/element HTTP/1.1" 200 0 (Line: 544) [connectionpool.py]
DEBUG (15/09/2026 09:13:23): Remote response: status=200 | data={"value":{"element-6066-11e4-a52e-4f735466cecf":"f.4F43718FA93D6414267F90606F9738F8.d.73DE072F9BBF56441B37337F442B5794.e.705"}} | headers=HTTPHeaderDict({'Content-Length': '127', 'Content-Type': 'application/json; charset=utf-8', 'cache-control': 'no-cache'}) (Line: 436) [remote_connection.py]
DEBUG (15/09/2026 09:13:23): Finished Request (Line: 465) [remote_connection.py]
DEBUG (15/09/2026 09:13:23): POST http://localhost:62331/session/f81b76abdd2c93f3ee341da095e31ca1/execute/sync {'script': 'return arguments[0].textContent.trim();', 'args': [{'element-6066-11e4-a52e-4f735466cecf': 'f.4F43718FA93D6414267F90606F9738F8.d.73DE072F9BBF56441B37337F442B5794.e.705'}]} (Line: 403) [remote_connection.py]
DEBUG (15/09/2026 09:13:23): http://localhost:62331 "POST /session/f81b76abdd2c93f3ee341da095e31ca1/execute/sync HTTP/1.1" 200 0 (Line: 544) [connectionpool.py]
DEBUG (15/09/2026 09:13:23): Remote response: status=200 | data={"value":"14 августа 2024, официальный ответ"} | headers=HTTPHeaderDict({'Content-Length': '69', 'Content-Type': 'application/json; charset=utf-8', 'cache-control': 'no-cache'}) (Line: 436) [remote_connection.py]
DEBUG (15/09/2026 09:13:23): Finished Request (Line: 465) [remote_connection.py]
DEBUG (15/09/2026 09:13:23): POST http://localhost:62331/session/f81b76abdd2c93f3ee341da095e31ca1/element/f.4F43718FA93D6414267F90606F9738F8.d.73DE072F9BBF56441B37337F442B5794.e.553/element {'using': 'css selector', 'value': '._1wk3bjs'} (Line: 403) [remote_connection.py]
DEBUG (15/09/2026 09:13:23): http://localhost:62331 "POST /session/f81b76abdd2c93f3ee341da095e31ca1/element/f.4F43718FA93D6414267F90606F9738F8.d.73DE072F9BBF56441B37337F442B5794.e.553/element HTTP/1.1" 200 0 (Line: 544) [connectionpool.py]
DEBUG (15/09/2026 09:13:23): Remote response: status=200 | data={"value":{"element-6066-11e4-a52e-4f735466cecf":"f.4F43718FA93D6414267F90606F9738F8.d.73DE072F9BBF56441B37337F442B5794.e.706"}} | headers=HTTPHeaderDict({'Content-Length': '127', 'Content-Type': 'application/json; charset=utf-8', 'cache-control': 'no-cache'}) (Line: 436) [remote_connection.py]
DEBUG (15/09/2026 09:13:23): Finished Request (Line: 465) [remote_connection.py]
DEBUG (15/09/2026 09:13:23): POST http://localhost:62331/session/f81b76abdd2c93f3ee341da095e31ca1/element/f.4F43718FA93D6414267F90606F9738F8.d.73DE072F9BBF56441B37337F442B5794.e.553/element {'using': 'css selector', 'value': '._1wk3bjs'} (Line: 403) [remote_connection.py]
DEBUG (15/09/2026 09:13:23): http://localhost:62331 "POST /session/f81b76abdd2c93f3ee341da095e31ca1/element/f.4F43718FA93D6414267F90606F9738F8.d.73DE072F9BBF56441B37337F442B5794.e.553/element HTTP/1.1" 200 0 (Line: 544) [connectionpool.py]
DEBUG (15/09/2026 09:13:23): Remote response: status=200 | data={"value":{"element-6066-11e4-a52e-4f735466cecf":"f.4F43718FA93D6414267F90606F9738F8.d.73DE072F9BBF56441B37337F442B5794.e.706"}} | headers=HTTPHeaderDict({'Content-Length': '127', 'Content-Type': 'application/json; charset=utf-8', 'cache-control': 'no-cache'}) (Line: 436) [remote_connection.py]
DEBUG (15/09/2026 09:13:23): Finished Request (Line: 465) [remote_connection.py]
DEBUG (15/09/2026 09:13:23): POST http://localhost:62331/session/f81b76abdd2c93f3ee341da095e31ca1/execute/sync {'script': 'return arguments[0].textContent.trim();', 'args': [{'element-6066-11e4-a52e-4f735466cecf': 'f.4F43718FA93D6414267F90606F9738F8.d.73DE072F9BBF56441B37337F442B5794.e.706'}]} (Line: 403) [remote_connection.py]
DEBUG (15/09/2026 09:13:23): http://localhost:62331 "POST /session/f81b76abdd2c93f3ee341da095e31ca1/execute/sync HTTP/1.1" 200 0 (Line: 544) [connectionpool.py]
DEBUG (15/09/2026 09:13:23): Remote response: status=200 | data={"value":"Благодарим за высокую оценку и ваш отзыв!\n\nМы стараемся поддерживать разнообразный ассортимент товаров и рады, что вы нашли все необходимое именно у нас.\n\nМы также постоянно работаем над тем, чтобы наши цены были доступными для всех наших клиентов.\n\nСотрудники отдела продаж всегда подскажут и помогут.\n\nС уважением, коллектив ООО \"АвтоДизельПарт\"."} | headers=HTTPHeaderDict({'Content-Length': '655', 'Content-Type': 'application/json; charset=utf-8', 'cache-control': 'no-cache'}) (Line: 436) [remote_connection.py]
DEBUG (15/09/2026 09:13:23): Finished Request (Line: 465) [remote_connection.py]
DEBUG (15/09/2026 09:13:23): POST http://localhost:62331/session/f81b76abdd2c93f3ee341da095e31ca1/element/f.4F43718FA93D6414267F90606F9738F8.d.73DE072F9BBF56441B37337F442B5794.e.554/element {'using': 'css selector', 'value': '._sgs1pz'} (Line: 403) [remote_connection.py]
DEBUG (15/09/2026 09:13:23): http://localhost:62331 "POST /session/f81b76abdd2c93f3ee341da095e31ca1/element/f.4F43718FA93D6414267F90606F9738F8.d.73DE072F9BBF56441B37337F442B5794.e.554/element HTTP/1.1" 200 0 (Line: 544) [connectionpool.py]
DEBUG (15/09/2026 09:13:23): Remote response: status=200 | data={"value":{"element-6066-11e4-a52e-4f735466cecf":"f.4F43718FA93D6414267F90606F9738F8.d.73DE072F9BBF56441B37337F442B5794.e.574"}} | headers=HTTPHeaderDict({'Content-Length': '127', 'Content-Type': 'application/json; charset=utf-8', 'cache-control': 'no-cache'}) (Line: 436) [remote_connection.py]
DEBUG (15/09/2026 09:13:23): Finished Request (Line: 465) [remote_connection.py]
DEBUG (15/09/2026 09:13:23): POST http://localhost:62331/session/f81b76abdd2c93f3ee341da095e31ca1/element/f.4F43718FA93D6414267F90606F9738F8.d.73DE072F9BBF56441B37337F442B5794.e.554/element {'using': 'css selector', 'value': '._19h0cqe'} (Line: 403) [remote_connection.py]
DEBUG (15/09/2026 09:13:23): http://localhost:62331 "POST /session/f81b76abdd2c93f3ee341da095e31ca1/element/f.4F43718FA93D6414267F90606F9738F8.d.73DE072F9BBF56441B37337F442B5794.e.554/element HTTP/1.1" 200 0 (Line: 544) [connectionpool.py]
DEBUG (15/09/2026 09:13:23): Remote response: status=200 | data={"value":{"element-6066-11e4-a52e-4f735466cecf":"f.4F43718FA93D6414267F90606F9738F8.d.73DE072F9BBF56441B37337F442B5794.e.707"}} | headers=HTTPHeaderDict({'Content-Length': '127', 'Content-Type': 'application/json; charset=utf-8', 'cache-control': 'no-cache'}) (Line: 436) [remote_connection.py]
DEBUG (15/09/2026 09:13:23): Finished Request (Line: 465) [remote_connection.py]
DEBUG (15/09/2026 09:13:23): POST http://localhost:62331/session/f81b76abdd2c93f3ee341da095e31ca1/element/f.4F43718FA93D6414267F90606F9738F8.d.73DE072F9BBF56441B37337F442B5794.e.554/element {'using': 'css selector', 'value': '._19h0cqe'} (Line: 403) [remote_connection.py]
DEBUG (15/09/2026 09:13:23): http://localhost:62331 "POST /session/f81b76abdd2c93f3ee341da095e31ca1/element/f.4F43718FA93D6414267F90606F9738F8.d.73DE072F9BBF56441B37337F442B5794.e.554/element HTTP/1.1" 200 0 (Line: 544) [connectionpool.py]
DEBUG (15/09/2026 09:13:23): Remote response: status=200 | data={"value":{"element-6066-11e4-a52e-4f735466cecf":"f.4F43718FA93D6414267F90606F9738F8.d.73DE072F9BBF56441B37337F442B5794.e.707"}} | headers=HTTPHeaderDict({'Content-Length': '127', 'Content-Type': 'application/json; charset=utf-8', 'cache-control': 'no-cache'}) (Line: 436) [remote_connection.py]
DEBUG (15/09/2026 09:13:23): Finished Request (Line: 465) [remote_connection.py]
DEBUG (15/09/2026 09:13:23): POST http://localhost:62331/session/f81b76abdd2c93f3ee341da095e31ca1/execute/sync {'script': 'return arguments[0].textContent.trim();', 'args': [{'element-6066-11e4-a52e-4f735466cecf': 'f.4F43718FA93D6414267F90606F9738F8.d.73DE072F9BBF56441B37337F442B5794.e.707'}]} (Line: 403) [remote_connection.py]
DEBUG (15/09/2026 09:13:23): http://localhost:62331 "POST /session/f81b76abdd2c93f3ee341da095e31ca1/execute/sync HTTP/1.1" 200 0 (Line: 544) [connectionpool.py]
DEBUG (15/09/2026 09:13:23): Remote response: status=200 | data={"value":"Роман Петров"} | headers=HTTPHeaderDict({'Content-Length': '35', 'Content-Type': 'application/json; charset=utf-8', 'cache-control': 'no-cache'}) (Line: 436) [remote_connection.py]
DEBUG (15/09/2026 09:13:23): Finished Request (Line: 465) [remote_connection.py]
DEBUG (15/09/2026 09:13:23): POST http://localhost:62331/session/f81b76abdd2c93f3ee341da095e31ca1/element/f.4F43718FA93D6414267F90606F9738F8.d.73DE072F9BBF56441B37337F442B5794.e.554/element {'using': 'css selector', 'value': '._10c0hgu'} (Line: 403) [remote_connection.py]
DEBUG (15/09/2026 09:13:23): http://localhost:62331 "POST /session/f81b76abdd2c93f3ee341da095e31ca1/element/f.4F43718FA93D6414267F90606F9738F8.d.73DE072F9BBF56441B37337F442B5794.e.554/element HTTP/1.1" 200 0 (Line: 544) [connectionpool.py]
DEBUG (15/09/2026 09:13:23): Remote response: status=200 | data={"value":{"element-6066-11e4-a52e-4f735466cecf":"f.4F43718FA93D6414267F90606F9738F8.d.73DE072F9BBF56441B37337F442B5794.e.708"}} | headers=HTTPHeaderDict({'Content-Length': '127', 'Content-Type': 'application/json; charset=utf-8', 'cache-control': 'no-cache'}) (Line: 436) [remote_connection.py]
DEBUG (15/09/2026 09:13:23): Finished Request (Line: 465) [remote_connection.py]
DEBUG (15/09/2026 09:13:23): POST http://localhost:62331/session/f81b76abdd2c93f3ee341da095e31ca1/element/f.4F43718FA93D6414267F90606F9738F8.d.73DE072F9BBF56441B37337F442B5794.e.554/element {'using': 'css selector', 'value': '._10c0hgu'} (Line: 403) [remote_connection.py]
DEBUG (15/09/2026 09:13:23): http://localhost:62331 "POST /session/f81b76abdd2c93f3ee341da095e31ca1/element/f.4F43718FA93D6414267F90606F9738F8.d.73DE072F9BBF56441B37337F442B5794.e.554/element HTTP/1.1" 200 0 (Line: 544) [connectionpool.py]
DEBUG (15/09/2026 09:13:23): Remote response: status=200 | data={"value":{"element-6066-11e4-a52e-4f735466cecf":"f.4F43718FA93D6414267F90606F9738F8.d.73DE072F9BBF56441B37337F442B5794.e.708"}} | headers=HTTPHeaderDict({'Content-Length': '127', 'Content-Type': 'application/json; charset=utf-8', 'cache-control': 'no-cache'}) (Line: 436) [remote_connection.py]
DEBUG (15/09/2026 09:13:23): Finished Request (Line: 465) [remote_connection.py]
DEBUG (15/09/2026 09:13:23): POST http://localhost:62331/session/f81b76abdd2c93f3ee341da095e31ca1/execute/sync {'script': 'return arguments[0].textContent.trim();', 'args': [{'element-6066-11e4-a52e-4f735466cecf': 'f.4F43718FA93D6414267F90606F9738F8.d.73DE072F9BBF56441B37337F442B5794.e.708'}]} (Line: 403) [remote_connection.py]
DEBUG (15/09/2026 09:13:23): http://localhost:62331 "POST /session/f81b76abdd2c93f3ee341da095e31ca1/execute/sync HTTP/1.1" 200 0 (Line: 544) [connectionpool.py]
DEBUG (15/09/2026 09:13:23): Remote response: status=200 | data={"value":"5 июля 2024"} | headers=HTTPHeaderDict({'Content-Length': '27', 'Content-Type': 'application/json; charset=utf-8', 'cache-control': 'no-cache'}) (Line: 436) [remote_connection.py]
DEBUG (15/09/2026 09:13:23): Finished Request (Line: 465) [remote_connection.py]
DEBUG (15/09/2026 09:13:23): POST http://localhost:62331/session/f81b76abdd2c93f3ee341da095e31ca1/element/f.4F43718FA93D6414267F90606F9738F8.d.73DE072F9BBF56441B37337F442B5794.e.554/element {'using': 'css selector', 'value': '._1fkin5c span'} (Line: 403) [remote_connection.py]
DEBUG (15/09/2026 09:13:23): http://localhost:62331 "POST /session/f81b76abdd2c93f3ee341da095e31ca1/element/f.4F43718FA93D6414267F90606F9738F8.d.73DE072F9BBF56441B37337F442B5794.e.554/element HTTP/1.1" 200 0 (Line: 544) [connectionpool.py]
DEBUG (15/09/2026 09:13:23): Remote response: status=200 | data={"value":{"element-6066-11e4-a52e-4f735466cecf":"f.4F43718FA93D6414267F90606F9738F8.d.73DE072F9BBF56441B37337F442B5794.e.709"}} | headers=HTTPHeaderDict({'Content-Length': '127', 'Content-Type': 'application/json; charset=utf-8', 'cache-control': 'no-cache'}) (Line: 436) [remote_connection.py]
DEBUG (15/09/2026 09:13:23): Finished Request (Line: 465) [remote_connection.py]
DEBUG (15/09/2026 09:13:23): POST http://localhost:62331/session/f81b76abdd2c93f3ee341da095e31ca1/element/f.4F43718FA93D6414267F90606F9738F8.d.73DE072F9BBF56441B37337F442B5794.e.554/elements {'using': 'css selector', 'value': '._1fkin5c span'} (Line: 403) [remote_connection.py]
DEBUG (15/09/2026 09:13:23): http://localhost:62331 "POST /session/f81b76abdd2c93f3ee341da095e31ca1/element/f.4F43718FA93D6414267F90606F9738F8.d.73DE072F9BBF56441B37337F442B5794.e.554/elements HTTP/1.1" 200 0 (Line: 544) [connectionpool.py]
DEBUG (15/09/2026 09:13:23): Remote response: status=200 | data={"value":[{"element-6066-11e4-a52e-4f735466cecf":"f.4F43718FA93D6414267F90606F9738F8.d.73DE072F9BBF56441B37337F442B5794.e.709"},{"element-6066-11e4-a52e-4f735466cecf":"f.4F43718FA93D6414267F90606F9738F8.d.73DE072F9BBF56441B37337F442B5794.e.710"},{"element-6066-11e4-a52e-4f735466cecf":"f.4F43718FA93D6414267F90606F9738F8.d.73DE072F9BBF56441B37337F442B5794.e.711"},{"element-6066-11e4-a52e-4f735466cecf":"f.4F43718FA93D6414267F90606F9738F8.d.73DE072F9BBF56441B37337F442B5794.e.712"},{"element-6066-11e4-a52e-4f735466cecf":"f.4F43718FA93D6414267F90606F9738F8.d.73DE072F9BBF56441B37337F442B5794.e.713"}]} | headers=HTTPHeaderDict({'Content-Length': '601', 'Content-Type': 'application/json; charset=utf-8', 'cache-control': 'no-cache'}) (Line: 436) [remote_connection.py]
DEBUG (15/09/2026 09:13:23): Finished Request (Line: 465) [remote_connection.py]
DEBUG (15/09/2026 09:13:23): POST http://localhost:62331/session/f81b76abdd2c93f3ee341da095e31ca1/element/f.4F43718FA93D6414267F90606F9738F8.d.73DE072F9BBF56441B37337F442B5794.e.554/element {'using': 'css selector', 'value': '._oxthv5'} (Line: 403) [remote_connection.py]
DEBUG (15/09/2026 09:13:23): http://localhost:62331 "POST /session/f81b76abdd2c93f3ee341da095e31ca1/element/f.4F43718FA93D6414267F90606F9738F8.d.73DE072F9BBF56441B37337F442B5794.e.554/element HTTP/1.1" 200 0 (Line: 544) [connectionpool.py]
DEBUG (15/09/2026 09:13:23): Remote response: status=200 | data={"value":{"element-6066-11e4-a52e-4f735466cecf":"f.4F43718FA93D6414267F90606F9738F8.d.73DE072F9BBF56441B37337F442B5794.e.364"}} | headers=HTTPHeaderDict({'Content-Length': '127', 'Content-Type': 'application/json; charset=utf-8', 'cache-control': 'no-cache'}) (Line: 436) [remote_connection.py]
DEBUG (15/09/2026 09:13:23): Finished Request (Line: 465) [remote_connection.py]
DEBUG (15/09/2026 09:13:23): POST http://localhost:62331/session/f81b76abdd2c93f3ee341da095e31ca1/element/f.4F43718FA93D6414267F90606F9738F8.d.73DE072F9BBF56441B37337F442B5794.e.554/element {'using': 'css selector', 'value': '._oxthv5'} (Line: 403) [remote_connection.py]
DEBUG (15/09/2026 09:13:23): http://localhost:62331 "POST /session/f81b76abdd2c93f3ee341da095e31ca1/element/f.4F43718FA93D6414267F90606F9738F8.d.73DE072F9BBF56441B37337F442B5794.e.554/element HTTP/1.1" 200 0 (Line: 544) [connectionpool.py]
DEBUG (15/09/2026 09:13:23): Remote response: status=200 | data={"value":{"element-6066-11e4-a52e-4f735466cecf":"f.4F43718FA93D6414267F90606F9738F8.d.73DE072F9BBF56441B37337F442B5794.e.364"}} | headers=HTTPHeaderDict({'Content-Length': '127', 'Content-Type': 'application/json; charset=utf-8', 'cache-control': 'no-cache'}) (Line: 436) [remote_connection.py]
DEBUG (15/09/2026 09:13:23): Finished Request (Line: 465) [remote_connection.py]
DEBUG (15/09/2026 09:13:23): POST http://localhost:62331/session/f81b76abdd2c93f3ee341da095e31ca1/execute/sync {'script': 'return arguments[0].textContent.trim();', 'args': [{'element-6066-11e4-a52e-4f735466cecf': 'f.4F43718FA93D6414267F90606F9738F8.d.73DE072F9BBF56441B37337F442B5794.e.364'}]} (Line: 403) [remote_connection.py]
DEBUG (15/09/2026 09:13:23): http://localhost:62331 "POST /session/f81b76abdd2c93f3ee341da095e31ca1/execute/sync HTTP/1.1" 200 0 (Line: 544) [connectionpool.py]
DEBUG (15/09/2026 09:13:23): Remote response: status=200 | data={"value":"Заказывали запчасти для дизеля - большой выбор, почти для всех позиций подобрали аналоги в 2-3 дешевле. Нашли пару артикулов оригинальных, более ни у кого не было - все на складе, доставили в тот же день."} | headers=HTTPHeaderDict({'Content-Length': '376', 'Content-Type': 'application/json; charset=utf-8', 'cache-control': 'no-cache'}) (Line: 436) [remote_connection.py]
DEBUG (15/09/2026 09:13:23): Finished Request (Line: 465) [remote_connection.py]
DEBUG (15/09/2026 09:13:23): POST http://localhost:62331/session/f81b76abdd2c93f3ee341da095e31ca1/element/f.4F43718FA93D6414267F90606F9738F8.d.73DE072F9BBF56441B37337F442B5794.e.554/element {'using': 'css selector', 'value': '._1evjsdb'} (Line: 403) [remote_connection.py]
DEBUG (15/09/2026 09:13:23): http://localhost:62331 "POST /session/f81b76abdd2c93f3ee341da095e31ca1/element/f.4F43718FA93D6414267F90606F9738F8.d.73DE072F9BBF56441B37337F442B5794.e.554/element HTTP/1.1" 200 0 (Line: 544) [connectionpool.py]
DEBUG (15/09/2026 09:13:23): Remote response: status=200 | data={"value":{"element-6066-11e4-a52e-4f735466cecf":"f.4F43718FA93D6414267F90606F9738F8.d.73DE072F9BBF56441B37337F442B5794.e.714"}} | headers=HTTPHeaderDict({'Content-Length': '127', 'Content-Type': 'application/json; charset=utf-8', 'cache-control': 'no-cache'}) (Line: 436) [remote_connection.py]
DEBUG (15/09/2026 09:13:23): Finished Request (Line: 465) [remote_connection.py]
DEBUG (15/09/2026 09:13:23): POST http://localhost:62331/session/f81b76abdd2c93f3ee341da095e31ca1/element/f.4F43718FA93D6414267F90606F9738F8.d.73DE072F9BBF56441B37337F442B5794.e.554/element {'using': 'css selector', 'value': '._1evjsdb'} (Line: 403) [remote_connection.py]
DEBUG (15/09/2026 09:13:23): http://localhost:62331 "POST /session/f81b76abdd2c93f3ee341da095e31ca1/element/f.4F43718FA93D6414267F90606F9738F8.d.73DE072F9BBF56441B37337F442B5794.e.554/element HTTP/1.1" 200 0 (Line: 544) [connectionpool.py]
DEBUG (15/09/2026 09:13:23): Remote response: status=200 | data={"value":{"element-6066-11e4-a52e-4f735466cecf":"f.4F43718FA93D6414267F90606F9738F8.d.73DE072F9BBF56441B37337F442B5794.e.714"}} | headers=HTTPHeaderDict({'Content-Length': '127', 'Content-Type': 'application/json; charset=utf-8', 'cache-control': 'no-cache'}) (Line: 436) [remote_connection.py]
DEBUG (15/09/2026 09:13:23): Finished Request (Line: 465) [remote_connection.py]
DEBUG (15/09/2026 09:13:23): POST http://localhost:62331/session/f81b76abdd2c93f3ee341da095e31ca1/execute/sync {'script': 'return arguments[0].textContent.trim();', 'args': [{'element-6066-11e4-a52e-4f735466cecf': 'f.4F43718FA93D6414267F90606F9738F8.d.73DE072F9BBF56441B37337F442B5794.e.714'}]} (Line: 403) [remote_connection.py]
DEBUG (15/09/2026 09:13:23): http://localhost:62331 "POST /session/f81b76abdd2c93f3ee341da095e31ca1/execute/sync HTTP/1.1" 200 0 (Line: 544) [connectionpool.py]
DEBUG (15/09/2026 09:13:23): Remote response: status=200 | data={"value":"14 августа 2024, официальный ответ"} | headers=HTTPHeaderDict({'Content-Length': '69', 'Content-Type': 'application/json; charset=utf-8', 'cache-control': 'no-cache'}) (Line: 436) [remote_connection.py]
DEBUG (15/09/2026 09:13:23): Finished Request (Line: 465) [remote_connection.py]
DEBUG (15/09/2026 09:13:23): POST http://localhost:62331/session/f81b76abdd2c93f3ee341da095e31ca1/element/f.4F43718FA93D6414267F90606F9738F8.d.73DE072F9BBF56441B37337F442B5794.e.554/element {'using': 'css selector', 'value': '._1wk3bjs'} (Line: 403) [remote_connection.py]
DEBUG (15/09/2026 09:13:23): http://localhost:62331 "POST /session/f81b76abdd2c93f3ee341da095e31ca1/element/f.4F43718FA93D6414267F90606F9738F8.d.73DE072F9BBF56441B37337F442B5794.e.554/element HTTP/1.1" 200 0 (Line: 544) [connectionpool.py]
DEBUG (15/09/2026 09:13:23): Remote response: status=200 | data={"value":{"element-6066-11e4-a52e-4f735466cecf":"f.4F43718FA93D6414267F90606F9738F8.d.73DE072F9BBF56441B37337F442B5794.e.715"}} | headers=HTTPHeaderDict({'Content-Length': '127', 'Content-Type': 'application/json; charset=utf-8', 'cache-control': 'no-cache'}) (Line: 436) [remote_connection.py]
DEBUG (15/09/2026 09:13:23): Finished Request (Line: 465) [remote_connection.py]
DEBUG (15/09/2026 09:13:23): POST http://localhost:62331/session/f81b76abdd2c93f3ee341da095e31ca1/element/f.4F43718FA93D6414267F90606F9738F8.d.73DE072F9BBF56441B37337F442B5794.e.554/element {'using': 'css selector', 'value': '._1wk3bjs'} (Line: 403) [remote_connection.py]
DEBUG (15/09/2026 09:13:23): http://localhost:62331 "POST /session/f81b76abdd2c93f3ee341da095e31ca1/element/f.4F43718FA93D6414267F90606F9738F8.d.73DE072F9BBF56441B37337F442B5794.e.554/element HTTP/1.1" 200 0 (Line: 544) [connectionpool.py]
DEBUG (15/09/2026 09:13:23): Remote response: status=200 | data={"value":{"element-6066-11e4-a52e-4f735466cecf":"f.4F43718FA93D6414267F90606F9738F8.d.73DE072F9BBF56441B37337F442B5794.e.715"}} | headers=HTTPHeaderDict({'Content-Length': '127', 'Content-Type': 'application/json; charset=utf-8', 'cache-control': 'no-cache'}) (Line: 436) [remote_connection.py]
DEBUG (15/09/2026 09:13:23): Finished Request (Line: 465) [remote_connection.py]
DEBUG (15/09/2026 09:13:23): POST http://localhost:62331/session/f81b76abdd2c93f3ee341da095e31ca1/execute/sync {'script': 'return arguments[0].textContent.trim();', 'args': [{'element-6066-11e4-a52e-4f735466cecf': 'f.4F43718FA93D6414267F90606F9738F8.d.73DE072F9BBF56441B37337F442B5794.e.715'}]} (Line: 403) [remote_connection.py]
DEBUG (15/09/2026 09:13:23): http://localhost:62331 "POST /session/f81b76abdd2c93f3ee341da095e31ca1/execute/sync HTTP/1.1" 200 0 (Line: 544) [connectionpool.py]
DEBUG (15/09/2026 09:13:23): Remote response: status=200 | data={"value":"Благодарим за высокую оценку и ваш отзыв!\nМы рады, что наш ассортимент запчастей для дизельных двигателей удовлетворил ваши потребности.\nАссортимент оригинальных запчастей и аналогов постоянно расширяется.\nМы прикладываем все возможные усилия для обеспечения оперативной доставки.\nС уважением, коллектив ООО \"АвтоДизельПарт\"."} | headers=HTTPHeaderDict({'Content-Length': '620', 'Content-Type': 'application/json; charset=utf-8', 'cache-control': 'no-cache'}) (Line: 436) [remote_connection.py]
DEBUG (15/09/2026 09:13:23): Finished Request (Line: 465) [remote_connection.py]
DEBUG (15/09/2026 09:13:23): POST http://localhost:62331/session/f81b76abdd2c93f3ee341da095e31ca1/element/f.4F43718FA93D6414267F90606F9738F8.d.73DE072F9BBF56441B37337F442B5794.e.555/element {'using': 'css selector', 'value': '._sgs1pz'} (Line: 403) [remote_connection.py]
DEBUG (15/09/2026 09:13:23): http://localhost:62331 "POST /session/f81b76abdd2c93f3ee341da095e31ca1/element/f.4F43718FA93D6414267F90606F9738F8.d.73DE072F9BBF56441B37337F442B5794.e.555/element HTTP/1.1" 200 0 (Line: 544) [connectionpool.py]
DEBUG (15/09/2026 09:13:23): Remote response: status=200 | data={"value":{"element-6066-11e4-a52e-4f735466cecf":"f.4F43718FA93D6414267F90606F9738F8.d.73DE072F9BBF56441B37337F442B5794.e.575"}} | headers=HTTPHeaderDict({'Content-Length': '127', 'Content-Type': 'application/json; charset=utf-8', 'cache-control': 'no-cache'}) (Line: 436) [remote_connection.py]
DEBUG (15/09/2026 09:13:23): Finished Request (Line: 465) [remote_connection.py]
DEBUG (15/09/2026 09:13:23): POST http://localhost:62331/session/f81b76abdd2c93f3ee341da095e31ca1/element/f.4F43718FA93D6414267F90606F9738F8.d.73DE072F9BBF56441B37337F442B5794.e.555/element {'using': 'css selector', 'value': '._19h0cqe'} (Line: 403) [remote_connection.py]
DEBUG (15/09/2026 09:13:23): http://localhost:62331 "POST /session/f81b76abdd2c93f3ee341da095e31ca1/element/f.4F43718FA93D6414267F90606F9738F8.d.73DE072F9BBF56441B37337F442B5794.e.555/element HTTP/1.1" 200 0 (Line: 544) [connectionpool.py]
DEBUG (15/09/2026 09:13:23): Remote response: status=200 | data={"value":{"element-6066-11e4-a52e-4f735466cecf":"f.4F43718FA93D6414267F90606F9738F8.d.73DE072F9BBF56441B37337F442B5794.e.716"}} | headers=HTTPHeaderDict({'Content-Length': '127', 'Content-Type': 'application/json; charset=utf-8', 'cache-control': 'no-cache'}) (Line: 436) [remote_connection.py]
DEBUG (15/09/2026 09:13:23): Finished Request (Line: 465) [remote_connection.py]
DEBUG (15/09/2026 09:13:23): POST http://localhost:62331/session/f81b76abdd2c93f3ee341da095e31ca1/element/f.4F43718FA93D6414267F90606F9738F8.d.73DE072F9BBF56441B37337F442B5794.e.555/element {'using': 'css selector', 'value': '._19h0cqe'} (Line: 403) [remote_connection.py]
DEBUG (15/09/2026 09:13:23): http://localhost:62331 "POST /session/f81b76abdd2c93f3ee341da095e31ca1/element/f.4F43718FA93D6414267F90606F9738F8.d.73DE072F9BBF56441B37337F442B5794.e.555/element HTTP/1.1" 200 0 (Line: 544) [connectionpool.py]
DEBUG (15/09/2026 09:13:23): Remote response: status=200 | data={"value":{"element-6066-11e4-a52e-4f735466cecf":"f.4F43718FA93D6414267F90606F9738F8.d.73DE072F9BBF56441B37337F442B5794.e.716"}} | headers=HTTPHeaderDict({'Content-Length': '127', 'Content-Type': 'application/json; charset=utf-8', 'cache-control': 'no-cache'}) (Line: 436) [remote_connection.py]
DEBUG (15/09/2026 09:13:23): Finished Request (Line: 465) [remote_connection.py]
DEBUG (15/09/2026 09:13:23): POST http://localhost:62331/session/f81b76abdd2c93f3ee341da095e31ca1/execute/sync {'script': 'return arguments[0].textContent.trim();', 'args': [{'element-6066-11e4-a52e-4f735466cecf': 'f.4F43718FA93D6414267F90606F9738F8.d.73DE072F9BBF56441B37337F442B5794.e.716'}]} (Line: 403) [remote_connection.py]
DEBUG (15/09/2026 09:13:23): http://localhost:62331 "POST /session/f81b76abdd2c93f3ee341da095e31ca1/execute/sync HTTP/1.1" 200 0 (Line: 544) [connectionpool.py]
DEBUG (15/09/2026 09:13:23): Remote response: status=200 | data={"value":"EF Смогулия"} | headers=HTTPHeaderDict({'Content-Length': '31', 'Content-Type': 'application/json; charset=utf-8', 'cache-control': 'no-cache'}) (Line: 436) [remote_connection.py]
DEBUG (15/09/2026 09:13:23): Finished Request (Line: 465) [remote_connection.py]
DEBUG (15/09/2026 09:13:23): POST http://localhost:62331/session/f81b76abdd2c93f3ee341da095e31ca1/element/f.4F43718FA93D6414267F90606F9738F8.d.73DE072F9BBF56441B37337F442B5794.e.555/element {'using': 'css selector', 'value': '._10c0hgu'} (Line: 403) [remote_connection.py]
DEBUG (15/09/2026 09:13:23): http://localhost:62331 "POST /session/f81b76abdd2c93f3ee341da095e31ca1/element/f.4F43718FA93D6414267F90606F9738F8.d.73DE072F9BBF56441B37337F442B5794.e.555/element HTTP/1.1" 200 0 (Line: 544) [connectionpool.py]
DEBUG (15/09/2026 09:13:23): Remote response: status=200 | data={"value":{"element-6066-11e4-a52e-4f735466cecf":"f.4F43718FA93D6414267F90606F9738F8.d.73DE072F9BBF56441B37337F442B5794.e.717"}} | headers=HTTPHeaderDict({'Content-Length': '127', 'Content-Type': 'application/json; charset=utf-8', 'cache-control': 'no-cache'}) (Line: 436) [remote_connection.py]
DEBUG (15/09/2026 09:13:23): Finished Request (Line: 465) [remote_connection.py]
DEBUG (15/09/2026 09:13:23): POST http://localhost:62331/session/f81b76abdd2c93f3ee341da095e31ca1/element/f.4F43718FA93D6414267F90606F9738F8.d.73DE072F9BBF56441B37337F442B5794.e.555/element {'using': 'css selector', 'value': '._10c0hgu'} (Line: 403) [remote_connection.py]
DEBUG (15/09/2026 09:13:23): http://localhost:62331 "POST /session/f81b76abdd2c93f3ee341da095e31ca1/element/f.4F43718FA93D6414267F90606F9738F8.d.73DE072F9BBF56441B37337F442B5794.e.555/element HTTP/1.1" 200 0 (Line: 544) [connectionpool.py]
DEBUG (15/09/2026 09:13:23): Remote response: status=200 | data={"value":{"element-6066-11e4-a52e-4f735466cecf":"f.4F43718FA93D6414267F90606F9738F8.d.73DE072F9BBF56441B37337F442B5794.e.717"}} | headers=HTTPHeaderDict({'Content-Length': '127', 'Content-Type': 'application/json; charset=utf-8', 'cache-control': 'no-cache'}) (Line: 436) [remote_connection.py]
DEBUG (15/09/2026 09:13:23): Finished Request (Line: 465) [remote_connection.py]
DEBUG (15/09/2026 09:13:23): POST http://localhost:62331/session/f81b76abdd2c93f3ee341da095e31ca1/execute/sync {'script': 'return arguments[0].textContent.trim();', 'args': [{'element-6066-11e4-a52e-4f735466cecf': 'f.4F43718FA93D6414267F90606F9738F8.d.73DE072F9BBF56441B37337F442B5794.e.717'}]} (Line: 403) [remote_connection.py]
DEBUG (15/09/2026 09:13:23): http://localhost:62331 "POST /session/f81b76abdd2c93f3ee341da095e31ca1/execute/sync HTTP/1.1" 200 0 (Line: 544) [connectionpool.py]
DEBUG (15/09/2026 09:13:23): Remote response: status=200 | data={"value":"19 февраля 2024, изменён"} | headers=HTTPHeaderDict({'Content-Length': '50', 'Content-Type': 'application/json; charset=utf-8', 'cache-control': 'no-cache'}) (Line: 436) [remote_connection.py]
DEBUG (15/09/2026 09:13:23): Finished Request (Line: 465) [remote_connection.py]
DEBUG (15/09/2026 09:13:23): POST http://localhost:62331/session/f81b76abdd2c93f3ee341da095e31ca1/element/f.4F43718FA93D6414267F90606F9738F8.d.73DE072F9BBF56441B37337F442B5794.e.555/element {'using': 'css selector', 'value': '._1fkin5c span'} (Line: 403) [remote_connection.py]
DEBUG (15/09/2026 09:13:23): http://localhost:62331 "POST /session/f81b76abdd2c93f3ee341da095e31ca1/element/f.4F43718FA93D6414267F90606F9738F8.d.73DE072F9BBF56441B37337F442B5794.e.555/element HTTP/1.1" 200 0 (Line: 544) [connectionpool.py]
DEBUG (15/09/2026 09:13:23): Remote response: status=200 | data={"value":{"element-6066-11e4-a52e-4f735466cecf":"f.4F43718FA93D6414267F90606F9738F8.d.73DE072F9BBF56441B37337F442B5794.e.718"}} | headers=HTTPHeaderDict({'Content-Length': '127', 'Content-Type': 'application/json; charset=utf-8', 'cache-control': 'no-cache'}) (Line: 436) [remote_connection.py]
DEBUG (15/09/2026 09:13:23): Finished Request (Line: 465) [remote_connection.py]
DEBUG (15/09/2026 09:13:23): POST http://localhost:62331/session/f81b76abdd2c93f3ee341da095e31ca1/element/f.4F43718FA93D6414267F90606F9738F8.d.73DE072F9BBF56441B37337F442B5794.e.555/elements {'using': 'css selector', 'value': '._1fkin5c span'} (Line: 403) [remote_connection.py]
DEBUG (15/09/2026 09:13:23): http://localhost:62331 "POST /session/f81b76abdd2c93f3ee341da095e31ca1/element/f.4F43718FA93D6414267F90606F9738F8.d.73DE072F9BBF56441B37337F442B5794.e.555/elements HTTP/1.1" 200 0 (Line: 544) [connectionpool.py]
DEBUG (15/09/2026 09:13:23): Remote response: status=200 | data={"value":[{"element-6066-11e4-a52e-4f735466cecf":"f.4F43718FA93D6414267F90606F9738F8.d.73DE072F9BBF56441B37337F442B5794.e.718"}]} | headers=HTTPHeaderDict({'Content-Length': '129', 'Content-Type': 'application/json; charset=utf-8', 'cache-control': 'no-cache'}) (Line: 436) [remote_connection.py]
DEBUG (15/09/2026 09:13:23): Finished Request (Line: 465) [remote_connection.py]
DEBUG (15/09/2026 09:13:23): POST http://localhost:62331/session/f81b76abdd2c93f3ee341da095e31ca1/element/f.4F43718FA93D6414267F90606F9738F8.d.73DE072F9BBF56441B37337F442B5794.e.555/element {'using': 'css selector', 'value': '._oxthv5'} (Line: 403) [remote_connection.py]
DEBUG (15/09/2026 09:13:23): http://localhost:62331 "POST /session/f81b76abdd2c93f3ee341da095e31ca1/element/f.4F43718FA93D6414267F90606F9738F8.d.73DE072F9BBF56441B37337F442B5794.e.555/element HTTP/1.1" 200 0 (Line: 544) [connectionpool.py]
DEBUG (15/09/2026 09:13:23): Remote response: status=200 | data={"value":{"element-6066-11e4-a52e-4f735466cecf":"f.4F43718FA93D6414267F90606F9738F8.d.73DE072F9BBF56441B37337F442B5794.e.384"}} | headers=HTTPHeaderDict({'Content-Length': '127', 'Content-Type': 'application/json; charset=utf-8', 'cache-control': 'no-cache'}) (Line: 436) [remote_connection.py]
DEBUG (15/09/2026 09:13:23): Finished Request (Line: 465) [remote_connection.py]
DEBUG (15/09/2026 09:13:23): POST http://localhost:62331/session/f81b76abdd2c93f3ee341da095e31ca1/element/f.4F43718FA93D6414267F90606F9738F8.d.73DE072F9BBF56441B37337F442B5794.e.555/element {'using': 'css selector', 'value': '._oxthv5'} (Line: 403) [remote_connection.py]
DEBUG (15/09/2026 09:13:23): http://localhost:62331 "POST /session/f81b76abdd2c93f3ee341da095e31ca1/element/f.4F43718FA93D6414267F90606F9738F8.d.73DE072F9BBF56441B37337F442B5794.e.555/element HTTP/1.1" 200 0 (Line: 544) [connectionpool.py]
DEBUG (15/09/2026 09:13:23): Remote response: status=200 | data={"value":{"element-6066-11e4-a52e-4f735466cecf":"f.4F43718FA93D6414267F90606F9738F8.d.73DE072F9BBF56441B37337F442B5794.e.384"}} | headers=HTTPHeaderDict({'Content-Length': '127', 'Content-Type': 'application/json; charset=utf-8', 'cache-control': 'no-cache'}) (Line: 436) [remote_connection.py]
DEBUG (15/09/2026 09:13:23): Finished Request (Line: 465) [remote_connection.py]
DEBUG (15/09/2026 09:13:23): POST http://localhost:62331/session/f81b76abdd2c93f3ee341da095e31ca1/execute/sync {'script': 'return arguments[0].textContent.trim();', 'args': [{'element-6066-11e4-a52e-4f735466cecf': 'f.4F43718FA93D6414267F90606F9738F8.d.73DE072F9BBF56441B37337F442B5794.e.384'}]} (Line: 403) [remote_connection.py]
DEBUG (15/09/2026 09:13:23): http://localhost:62331 "POST /session/f81b76abdd2c93f3ee341da095e31ca1/execute/sync HTTP/1.1" 200 0 (Line: 544) [connectionpool.py]
DEBUG (15/09/2026 09:13:23): Remote response: status=200 | data={"value":"Торгуют палью. Не советую. Да и кстати, на сайте пишут официальный дилер bosch, а они давно ушли из России. Плохие отзывы, как то удаляют."} | headers=HTTPHeaderDict({'Content-Length': '253', 'Content-Type': 'application/json; charset=utf-8', 'cache-control': 'no-cache'}) (Line: 436) [remote_connection.py]
DEBUG (15/09/2026 09:13:23): Finished Request (Line: 465) [remote_connection.py]
DEBUG (15/09/2026 09:13:23): POST http://localhost:62331/session/f81b76abdd2c93f3ee341da095e31ca1/element/f.4F43718FA93D6414267F90606F9738F8.d.73DE072F9BBF56441B37337F442B5794.e.555/element {'using': 'css selector', 'value': '._1evjsdb'} (Line: 403) [remote_connection.py]
DEBUG (15/09/2026 09:13:23): http://localhost:62331 "POST /session/f81b76abdd2c93f3ee341da095e31ca1/element/f.4F43718FA93D6414267F90606F9738F8.d.73DE072F9BBF56441B37337F442B5794.e.555/element HTTP/1.1" 200 0 (Line: 544) [connectionpool.py]
DEBUG (15/09/2026 09:13:23): Remote response: status=200 | data={"value":{"element-6066-11e4-a52e-4f735466cecf":"f.4F43718FA93D6414267F90606F9738F8.d.73DE072F9BBF56441B37337F442B5794.e.719"}} | headers=HTTPHeaderDict({'Content-Length': '127', 'Content-Type': 'application/json; charset=utf-8', 'cache-control': 'no-cache'}) (Line: 436) [remote_connection.py]
DEBUG (15/09/2026 09:13:23): Finished Request (Line: 465) [remote_connection.py]
DEBUG (15/09/2026 09:13:23): POST http://localhost:62331/session/f81b76abdd2c93f3ee341da095e31ca1/element/f.4F43718FA93D6414267F90606F9738F8.d.73DE072F9BBF56441B37337F442B5794.e.555/element {'using': 'css selector', 'value': '._1evjsdb'} (Line: 403) [remote_connection.py]
DEBUG (15/09/2026 09:13:23): http://localhost:62331 "POST /session/f81b76abdd2c93f3ee341da095e31ca1/element/f.4F43718FA93D6414267F90606F9738F8.d.73DE072F9BBF56441B37337F442B5794.e.555/element HTTP/1.1" 200 0 (Line: 544) [connectionpool.py]
DEBUG (15/09/2026 09:13:23): Remote response: status=200 | data={"value":{"element-6066-11e4-a52e-4f735466cecf":"f.4F43718FA93D6414267F90606F9738F8.d.73DE072F9BBF56441B37337F442B5794.e.719"}} | headers=HTTPHeaderDict({'Content-Length': '127', 'Content-Type': 'application/json; charset=utf-8', 'cache-control': 'no-cache'}) (Line: 436) [remote_connection.py]
DEBUG (15/09/2026 09:13:23): Finished Request (Line: 465) [remote_connection.py]
DEBUG (15/09/2026 09:13:23): POST http://localhost:62331/session/f81b76abdd2c93f3ee341da095e31ca1/execute/sync {'script': 'return arguments[0].textContent.trim();', 'args': [{'element-6066-11e4-a52e-4f735466cecf': 'f.4F43718FA93D6414267F90606F9738F8.d.73DE072F9BBF56441B37337F442B5794.e.719'}]} (Line: 403) [remote_connection.py]
DEBUG (15/09/2026 09:13:23): http://localhost:62331 "POST /session/f81b76abdd2c93f3ee341da095e31ca1/execute/sync HTTP/1.1" 200 0 (Line: 544) [connectionpool.py]
DEBUG (15/09/2026 09:13:23): Remote response: status=200 | data={"value":"14 августа 2024, официальный ответ"} | headers=HTTPHeaderDict({'Content-Length': '69', 'Content-Type': 'application/json; charset=utf-8', 'cache-control': 'no-cache'}) (Line: 436) [remote_connection.py]
DEBUG (15/09/2026 09:13:23): Finished Request (Line: 465) [remote_connection.py]
DEBUG (15/09/2026 09:13:23): POST http://localhost:62331/session/f81b76abdd2c93f3ee341da095e31ca1/element/f.4F43718FA93D6414267F90606F9738F8.d.73DE072F9BBF56441B37337F442B5794.e.555/element {'using': 'css selector', 'value': '._1wk3bjs'} (Line: 403) [remote_connection.py]
DEBUG (15/09/2026 09:13:23): http://localhost:62331 "POST /session/f81b76abdd2c93f3ee341da095e31ca1/element/f.4F43718FA93D6414267F90606F9738F8.d.73DE072F9BBF56441B37337F442B5794.e.555/element HTTP/1.1" 200 0 (Line: 544) [connectionpool.py]
DEBUG (15/09/2026 09:13:23): Remote response: status=200 | data={"value":{"element-6066-11e4-a52e-4f735466cecf":"f.4F43718FA93D6414267F90606F9738F8.d.73DE072F9BBF56441B37337F442B5794.e.720"}} | headers=HTTPHeaderDict({'Content-Length': '127', 'Content-Type': 'application/json; charset=utf-8', 'cache-control': 'no-cache'}) (Line: 436) [remote_connection.py]
DEBUG (15/09/2026 09:13:23): Finished Request (Line: 465) [remote_connection.py]
DEBUG (15/09/2026 09:13:23): POST http://localhost:62331/session/f81b76abdd2c93f3ee341da095e31ca1/element/f.4F43718FA93D6414267F90606F9738F8.d.73DE072F9BBF56441B37337F442B5794.e.555/element {'using': 'css selector', 'value': '._1wk3bjs'} (Line: 403) [remote_connection.py]
DEBUG (15/09/2026 09:13:23): http://localhost:62331 "POST /session/f81b76abdd2c93f3ee341da095e31ca1/element/f.4F43718FA93D6414267F90606F9738F8.d.73DE072F9BBF56441B37337F442B5794.e.555/element HTTP/1.1" 200 0 (Line: 544) [connectionpool.py]
DEBUG (15/09/2026 09:13:23): Remote response: status=200 | data={"value":{"element-6066-11e4-a52e-4f735466cecf":"f.4F43718FA93D6414267F90606F9738F8.d.73DE072F9BBF56441B37337F442B5794.e.720"}} | headers=HTTPHeaderDict({'Content-Length': '127', 'Content-Type': 'application/json; charset=utf-8', 'cache-control': 'no-cache'}) (Line: 436) [remote_connection.py]
DEBUG (15/09/2026 09:13:23): Finished Request (Line: 465) [remote_connection.py]
DEBUG (15/09/2026 09:13:23): POST http://localhost:62331/session/f81b76abdd2c93f3ee341da095e31ca1/execute/sync {'script': 'return arguments[0].textContent.trim();', 'args': [{'element-6066-11e4-a52e-4f735466cecf': 'f.4F43718FA93D6414267F90606F9738F8.d.73DE072F9BBF56441B37337F442B5794.e.720'}]} (Line: 403) [remote_connection.py]
DEBUG (15/09/2026 09:13:23): http://localhost:62331 "POST /session/f81b76abdd2c93f3ee341da095e31ca1/execute/sync HTTP/1.1" 200 0 (Line: 544) [connectionpool.py]
DEBUG (15/09/2026 09:13:23): Remote response: status=200 | data={"value":"Благодарим вас за отзыв.\nНаша компания поставляет только оригинальные запчасти, а также их аналоги высокого качества.\nС уважением, коллектив ООО \"АвтоДизельПарт\"."} | headers=HTTPHeaderDict({'Content-Length': '313', 'Content-Type': 'application/json; charset=utf-8', 'cache-control': 'no-cache'}) (Line: 436) [remote_connection.py]
DEBUG (15/09/2026 09:13:23): Finished Request (Line: 465) [remote_connection.py]
DEBUG (15/09/2026 09:13:24): POST http://localhost:62331/session/f81b76abdd2c93f3ee341da095e31ca1/element/f.4F43718FA93D6414267F90606F9738F8.d.73DE072F9BBF56441B37337F442B5794.e.556/element {'using': 'css selector', 'value': '._sgs1pz'} (Line: 403) [remote_connection.py]
DEBUG (15/09/2026 09:13:24): http://localhost:62331 "POST /session/f81b76abdd2c93f3ee341da095e31ca1/element/f.4F43718FA93D6414267F90606F9738F8.d.73DE072F9BBF56441B37337F442B5794.e.556/element HTTP/1.1" 200 0 (Line: 544) [connectionpool.py]
DEBUG (15/09/2026 09:13:24): Remote response: status=200 | data={"value":{"element-6066-11e4-a52e-4f735466cecf":"f.4F43718FA93D6414267F90606F9738F8.d.73DE072F9BBF56441B37337F442B5794.e.576"}} | headers=HTTPHeaderDict({'Content-Length': '127', 'Content-Type': 'application/json; charset=utf-8', 'cache-control': 'no-cache'}) (Line: 436) [remote_connection.py]
DEBUG (15/09/2026 09:13:24): Finished Request (Line: 465) [remote_connection.py]
DEBUG (15/09/2026 09:13:24): POST http://localhost:62331/session/f81b76abdd2c93f3ee341da095e31ca1/element/f.4F43718FA93D6414267F90606F9738F8.d.73DE072F9BBF56441B37337F442B5794.e.556/element {'using': 'css selector', 'value': '._19h0cqe'} (Line: 403) [remote_connection.py]
DEBUG (15/09/2026 09:13:24): http://localhost:62331 "POST /session/f81b76abdd2c93f3ee341da095e31ca1/element/f.4F43718FA93D6414267F90606F9738F8.d.73DE072F9BBF56441B37337F442B5794.e.556/element HTTP/1.1" 200 0 (Line: 544) [connectionpool.py]
DEBUG (15/09/2026 09:13:24): Remote response: status=200 | data={"value":{"element-6066-11e4-a52e-4f735466cecf":"f.4F43718FA93D6414267F90606F9738F8.d.73DE072F9BBF56441B37337F442B5794.e.721"}} | headers=HTTPHeaderDict({'Content-Length': '127', 'Content-Type': 'application/json; charset=utf-8', 'cache-control': 'no-cache'}) (Line: 436) [remote_connection.py]
DEBUG (15/09/2026 09:13:24): Finished Request (Line: 465) [remote_connection.py]
DEBUG (15/09/2026 09:13:24): POST http://localhost:62331/session/f81b76abdd2c93f3ee341da095e31ca1/element/f.4F43718FA93D6414267F90606F9738F8.d.73DE072F9BBF56441B37337F442B5794.e.556/element {'using': 'css selector', 'value': '._19h0cqe'} (Line: 403) [remote_connection.py]
DEBUG (15/09/2026 09:13:24): http://localhost:62331 "POST /session/f81b76abdd2c93f3ee341da095e31ca1/element/f.4F43718FA93D6414267F90606F9738F8.d.73DE072F9BBF56441B37337F442B5794.e.556/element HTTP/1.1" 200 0 (Line: 544) [connectionpool.py]
DEBUG (15/09/2026 09:13:24): Remote response: status=200 | data={"value":{"element-6066-11e4-a52e-4f735466cecf":"f.4F43718FA93D6414267F90606F9738F8.d.73DE072F9BBF56441B37337F442B5794.e.721"}} | headers=HTTPHeaderDict({'Content-Length': '127', 'Content-Type': 'application/json; charset=utf-8', 'cache-control': 'no-cache'}) (Line: 436) [remote_connection.py]
DEBUG (15/09/2026 09:13:24): Finished Request (Line: 465) [remote_connection.py]
DEBUG (15/09/2026 09:13:24): POST http://localhost:62331/session/f81b76abdd2c93f3ee341da095e31ca1/execute/sync {'script': 'return arguments[0].textContent.trim();', 'args': [{'element-6066-11e4-a52e-4f735466cecf': 'f.4F43718FA93D6414267F90606F9738F8.d.73DE072F9BBF56441B37337F442B5794.e.721'}]} (Line: 403) [remote_connection.py]
DEBUG (15/09/2026 09:13:24): http://localhost:62331 "POST /session/f81b76abdd2c93f3ee341da095e31ca1/execute/sync HTTP/1.1" 200 0 (Line: 544) [connectionpool.py]
DEBUG (15/09/2026 09:13:24): Remote response: status=200 | data={"value":"RaissiaOn"} | headers=HTTPHeaderDict({'Content-Length': '21', 'Content-Type': 'application/json; charset=utf-8', 'cache-control': 'no-cache'}) (Line: 436) [remote_connection.py]
DEBUG (15/09/2026 09:13:24): Finished Request (Line: 465) [remote_connection.py]
DEBUG (15/09/2026 09:13:24): POST http://localhost:62331/session/f81b76abdd2c93f3ee341da095e31ca1/element/f.4F43718FA93D6414267F90606F9738F8.d.73DE072F9BBF56441B37337F442B5794.e.556/element {'using': 'css selector', 'value': '._10c0hgu'} (Line: 403) [remote_connection.py]
DEBUG (15/09/2026 09:13:24): http://localhost:62331 "POST /session/f81b76abdd2c93f3ee341da095e31ca1/element/f.4F43718FA93D6414267F90606F9738F8.d.73DE072F9BBF56441B37337F442B5794.e.556/element HTTP/1.1" 200 0 (Line: 544) [connectionpool.py]
DEBUG (15/09/2026 09:13:24): Remote response: status=200 | data={"value":{"element-6066-11e4-a52e-4f735466cecf":"f.4F43718FA93D6414267F90606F9738F8.d.73DE072F9BBF56441B37337F442B5794.e.722"}} | headers=HTTPHeaderDict({'Content-Length': '127', 'Content-Type': 'application/json; charset=utf-8', 'cache-control': 'no-cache'}) (Line: 436) [remote_connection.py]
DEBUG (15/09/2026 09:13:24): Finished Request (Line: 465) [remote_connection.py]
DEBUG (15/09/2026 09:13:24): POST http://localhost:62331/session/f81b76abdd2c93f3ee341da095e31ca1/element/f.4F43718FA93D6414267F90606F9738F8.d.73DE072F9BBF56441B37337F442B5794.e.556/element {'using': 'css selector', 'value': '._10c0hgu'} (Line: 403) [remote_connection.py]
DEBUG (15/09/2026 09:13:24): http://localhost:62331 "POST /session/f81b76abdd2c93f3ee341da095e31ca1/element/f.4F43718FA93D6414267F90606F9738F8.d.73DE072F9BBF56441B37337F442B5794.e.556/element HTTP/1.1" 200 0 (Line: 544) [connectionpool.py]
DEBUG (15/09/2026 09:13:24): Remote response: status=200 | data={"value":{"element-6066-11e4-a52e-4f735466cecf":"f.4F43718FA93D6414267F90606F9738F8.d.73DE072F9BBF56441B37337F442B5794.e.722"}} | headers=HTTPHeaderDict({'Content-Length': '127', 'Content-Type': 'application/json; charset=utf-8', 'cache-control': 'no-cache'}) (Line: 436) [remote_connection.py]
DEBUG (15/09/2026 09:13:24): Finished Request (Line: 465) [remote_connection.py]
DEBUG (15/09/2026 09:13:24): POST http://localhost:62331/session/f81b76abdd2c93f3ee341da095e31ca1/execute/sync {'script': 'return arguments[0].textContent.trim();', 'args': [{'element-6066-11e4-a52e-4f735466cecf': 'f.4F43718FA93D6414267F90606F9738F8.d.73DE072F9BBF56441B37337F442B5794.e.722'}]} (Line: 403) [remote_connection.py]
DEBUG (15/09/2026 09:13:24): http://localhost:62331 "POST /session/f81b76abdd2c93f3ee341da095e31ca1/execute/sync HTTP/1.1" 200 0 (Line: 544) [connectionpool.py]
DEBUG (15/09/2026 09:13:24): Remote response: status=200 | data={"value":"7 марта 2021, изменён"} | headers=HTTPHeaderDict({'Content-Length': '45', 'Content-Type': 'application/json; charset=utf-8', 'cache-control': 'no-cache'}) (Line: 436) [remote_connection.py]
DEBUG (15/09/2026 09:13:24): Finished Request (Line: 465) [remote_connection.py]
DEBUG (15/09/2026 09:13:24): POST http://localhost:62331/session/f81b76abdd2c93f3ee341da095e31ca1/element/f.4F43718FA93D6414267F90606F9738F8.d.73DE072F9BBF56441B37337F442B5794.e.556/element {'using': 'css selector', 'value': '._1fkin5c span'} (Line: 403) [remote_connection.py]
DEBUG (15/09/2026 09:13:24): http://localhost:62331 "POST /session/f81b76abdd2c93f3ee341da095e31ca1/element/f.4F43718FA93D6414267F90606F9738F8.d.73DE072F9BBF56441B37337F442B5794.e.556/element HTTP/1.1" 200 0 (Line: 544) [connectionpool.py]
DEBUG (15/09/2026 09:13:24): Remote response: status=200 | data={"value":{"element-6066-11e4-a52e-4f735466cecf":"f.4F43718FA93D6414267F90606F9738F8.d.73DE072F9BBF56441B37337F442B5794.e.723"}} | headers=HTTPHeaderDict({'Content-Length': '127', 'Content-Type': 'application/json; charset=utf-8', 'cache-control': 'no-cache'}) (Line: 436) [remote_connection.py]
DEBUG (15/09/2026 09:13:24): Finished Request (Line: 465) [remote_connection.py]
DEBUG (15/09/2026 09:13:24): POST http://localhost:62331/session/f81b76abdd2c93f3ee341da095e31ca1/element/f.4F43718FA93D6414267F90606F9738F8.d.73DE072F9BBF56441B37337F442B5794.e.556/elements {'using': 'css selector', 'value': '._1fkin5c span'} (Line: 403) [remote_connection.py]
DEBUG (15/09/2026 09:13:24): http://localhost:62331 "POST /session/f81b76abdd2c93f3ee341da095e31ca1/element/f.4F43718FA93D6414267F90606F9738F8.d.73DE072F9BBF56441B37337F442B5794.e.556/elements HTTP/1.1" 200 0 (Line: 544) [connectionpool.py]
DEBUG (15/09/2026 09:13:24): Remote response: status=200 | data={"value":[{"element-6066-11e4-a52e-4f735466cecf":"f.4F43718FA93D6414267F90606F9738F8.d.73DE072F9BBF56441B37337F442B5794.e.723"},{"element-6066-11e4-a52e-4f735466cecf":"f.4F43718FA93D6414267F90606F9738F8.d.73DE072F9BBF56441B37337F442B5794.e.724"},{"element-6066-11e4-a52e-4f735466cecf":"f.4F43718FA93D6414267F90606F9738F8.d.73DE072F9BBF56441B37337F442B5794.e.725"},{"element-6066-11e4-a52e-4f735466cecf":"f.4F43718FA93D6414267F90606F9738F8.d.73DE072F9BBF56441B37337F442B5794.e.726"},{"element-6066-11e4-a52e-4f735466cecf":"f.4F43718FA93D6414267F90606F9738F8.d.73DE072F9BBF56441B37337F442B5794.e.727"}]} | headers=HTTPHeaderDict({'Content-Length': '601', 'Content-Type': 'application/json; charset=utf-8', 'cache-control': 'no-cache'}) (Line: 436) [remote_connection.py]
DEBUG (15/09/2026 09:13:24): Finished Request (Line: 465) [remote_connection.py]
DEBUG (15/09/2026 09:13:24): POST http://localhost:62331/session/f81b76abdd2c93f3ee341da095e31ca1/element/f.4F43718FA93D6414267F90606F9738F8.d.73DE072F9BBF56441B37337F442B5794.e.556/element {'using': 'css selector', 'value': '._oxthv5'} (Line: 403) [remote_connection.py]
DEBUG (15/09/2026 09:13:24): http://localhost:62331 "POST /session/f81b76abdd2c93f3ee341da095e31ca1/element/f.4F43718FA93D6414267F90606F9738F8.d.73DE072F9BBF56441B37337F442B5794.e.556/element HTTP/1.1" 200 0 (Line: 544) [connectionpool.py]
DEBUG (15/09/2026 09:13:24): Remote response: status=200 | data={"value":{"element-6066-11e4-a52e-4f735466cecf":"f.4F43718FA93D6414267F90606F9738F8.d.73DE072F9BBF56441B37337F442B5794.e.409"}} | headers=HTTPHeaderDict({'Content-Length': '127', 'Content-Type': 'application/json; charset=utf-8', 'cache-control': 'no-cache'}) (Line: 436) [remote_connection.py]
DEBUG (15/09/2026 09:13:24): Finished Request (Line: 465) [remote_connection.py]
DEBUG (15/09/2026 09:13:24): POST http://localhost:62331/session/f81b76abdd2c93f3ee341da095e31ca1/element/f.4F43718FA93D6414267F90606F9738F8.d.73DE072F9BBF56441B37337F442B5794.e.556/element {'using': 'css selector', 'value': '._oxthv5'} (Line: 403) [remote_connection.py]
DEBUG (15/09/2026 09:13:24): http://localhost:62331 "POST /session/f81b76abdd2c93f3ee341da095e31ca1/element/f.4F43718FA93D6414267F90606F9738F8.d.73DE072F9BBF56441B37337F442B5794.e.556/element HTTP/1.1" 200 0 (Line: 544) [connectionpool.py]
DEBUG (15/09/2026 09:13:24): Remote response: status=200 | data={"value":{"element-6066-11e4-a52e-4f735466cecf":"f.4F43718FA93D6414267F90606F9738F8.d.73DE072F9BBF56441B37337F442B5794.e.409"}} | headers=HTTPHeaderDict({'Content-Length': '127', 'Content-Type': 'application/json; charset=utf-8', 'cache-control': 'no-cache'}) (Line: 436) [remote_connection.py]
DEBUG (15/09/2026 09:13:24): Finished Request (Line: 465) [remote_connection.py]
DEBUG (15/09/2026 09:13:24): POST http://localhost:62331/session/f81b76abdd2c93f3ee341da095e31ca1/execute/sync {'script': 'return arguments[0].textContent.trim();', 'args': [{'element-6066-11e4-a52e-4f735466cecf': 'f.4F43718FA93D6414267F90606F9738F8.d.73DE072F9BBF56441B37337F442B5794.e.409'}]} (Line: 403) [remote_connection.py]
DEBUG (15/09/2026 09:13:24): http://localhost:62331 "POST /session/f81b76abdd2c93f3ee341da095e31ca1/execute/sync HTTP/1.1" 200 0 (Line: 544) [connectionpool.py]
DEBUG (15/09/2026 09:13:24): Remote response: status=200 | data={"value":"Приветствую Вас! Имели только положительный опыт поставок. И будем заказывать еще не раз! Все на должном уровне. Особенно хочется отметить профессионализм сотрудников и руководства.\nПозволю небольшой совет из недавнего опыта. Как говорится, совершенству и клиентоориентированности нет предела!)\nПриобретали мебель у одной компании, у них на сайте установлен калькулятор доставки, который сравнивает тарифы разных транспортных компаний.\nИх сайт, для примера: 13chairs.ru/cargo .\nДумаю, если установить такой же калькулятор на Ваш сайт, то это будет удобно для таких компаний как наша из другого региона (особенно если не маленький заказ).\nНадеюсь, совет будет полезен и поможет Вашим Клиентам работать еще более продуктивно, а значит и делать больше заказов!))\nУдачи! И многократного роста в наше непростое время!"} | headers=HTTPHeaderDict({'Content-Length': '1486', 'Content-Type': 'application/json; charset=utf-8', 'cache-control': 'no-cache'}) (Line: 436) [remote_connection.py]
DEBUG (15/09/2026 09:13:24): Finished Request (Line: 465) [remote_connection.py]
DEBUG (15/09/2026 09:13:24): POST http://localhost:62331/session/f81b76abdd2c93f3ee341da095e31ca1/element/f.4F43718FA93D6414267F90606F9738F8.d.73DE072F9BBF56441B37337F442B5794.e.556/element {'using': 'css selector', 'value': '._1evjsdb'} (Line: 403) [remote_connection.py]
DEBUG (15/09/2026 09:13:24): http://localhost:62331 "POST /session/f81b76abdd2c93f3ee341da095e31ca1/element/f.4F43718FA93D6414267F90606F9738F8.d.73DE072F9BBF56441B37337F442B5794.e.556/element HTTP/1.1" 200 0 (Line: 544) [connectionpool.py]
DEBUG (15/09/2026 09:13:24): Remote response: status=200 | data={"value":{"element-6066-11e4-a52e-4f735466cecf":"f.4F43718FA93D6414267F90606F9738F8.d.73DE072F9BBF56441B37337F442B5794.e.728"}} | headers=HTTPHeaderDict({'Content-Length': '127', 'Content-Type': 'application/json; charset=utf-8', 'cache-control': 'no-cache'}) (Line: 436) [remote_connection.py]
DEBUG (15/09/2026 09:13:24): Finished Request (Line: 465) [remote_connection.py]
DEBUG (15/09/2026 09:13:24): POST http://localhost:62331/session/f81b76abdd2c93f3ee341da095e31ca1/element/f.4F43718FA93D6414267F90606F9738F8.d.73DE072F9BBF56441B37337F442B5794.e.556/element {'using': 'css selector', 'value': '._1evjsdb'} (Line: 403) [remote_connection.py]
DEBUG (15/09/2026 09:13:24): http://localhost:62331 "POST /session/f81b76abdd2c93f3ee341da095e31ca1/element/f.4F43718FA93D6414267F90606F9738F8.d.73DE072F9BBF56441B37337F442B5794.e.556/element HTTP/1.1" 200 0 (Line: 544) [connectionpool.py]
DEBUG (15/09/2026 09:13:24): Remote response: status=200 | data={"value":{"element-6066-11e4-a52e-4f735466cecf":"f.4F43718FA93D6414267F90606F9738F8.d.73DE072F9BBF56441B37337F442B5794.e.728"}} | headers=HTTPHeaderDict({'Content-Length': '127', 'Content-Type': 'application/json; charset=utf-8', 'cache-control': 'no-cache'}) (Line: 436) [remote_connection.py]
DEBUG (15/09/2026 09:13:24): Finished Request (Line: 465) [remote_connection.py]
DEBUG (15/09/2026 09:13:24): POST http://localhost:62331/session/f81b76abdd2c93f3ee341da095e31ca1/execute/sync {'script': 'return arguments[0].textContent.trim();', 'args': [{'element-6066-11e4-a52e-4f735466cecf': 'f.4F43718FA93D6414267F90606F9738F8.d.73DE072F9BBF56441B37337F442B5794.e.728'}]} (Line: 403) [remote_connection.py]
DEBUG (15/09/2026 09:13:24): http://localhost:62331 "POST /session/f81b76abdd2c93f3ee341da095e31ca1/execute/sync HTTP/1.1" 200 0 (Line: 544) [connectionpool.py]
DEBUG (15/09/2026 09:13:24): Remote response: status=200 | data={"value":"14 августа 2024, официальный ответ"} | headers=HTTPHeaderDict({'Content-Length': '69', 'Content-Type': 'application/json; charset=utf-8', 'cache-control': 'no-cache'}) (Line: 436) [remote_connection.py]
DEBUG (15/09/2026 09:13:24): Finished Request (Line: 465) [remote_connection.py]
DEBUG (15/09/2026 09:13:24): POST http://localhost:62331/session/f81b76abdd2c93f3ee341da095e31ca1/element/f.4F43718FA93D6414267F90606F9738F8.d.73DE072F9BBF56441B37337F442B5794.e.556/element {'using': 'css selector', 'value': '._1wk3bjs'} (Line: 403) [remote_connection.py]
DEBUG (15/09/2026 09:13:24): http://localhost:62331 "POST /session/f81b76abdd2c93f3ee341da095e31ca1/element/f.4F43718FA93D6414267F90606F9738F8.d.73DE072F9BBF56441B37337F442B5794.e.556/element HTTP/1.1" 200 0 (Line: 544) [connectionpool.py]
DEBUG (15/09/2026 09:13:24): Remote response: status=200 | data={"value":{"element-6066-11e4-a52e-4f735466cecf":"f.4F43718FA93D6414267F90606F9738F8.d.73DE072F9BBF56441B37337F442B5794.e.729"}} | headers=HTTPHeaderDict({'Content-Length': '127', 'Content-Type': 'application/json; charset=utf-8', 'cache-control': 'no-cache'}) (Line: 436) [remote_connection.py]
DEBUG (15/09/2026 09:13:24): Finished Request (Line: 465) [remote_connection.py]
DEBUG (15/09/2026 09:13:24): POST http://localhost:62331/session/f81b76abdd2c93f3ee341da095e31ca1/element/f.4F43718FA93D6414267F90606F9738F8.d.73DE072F9BBF56441B37337F442B5794.e.556/element {'using': 'css selector', 'value': '._1wk3bjs'} (Line: 403) [remote_connection.py]
DEBUG (15/09/2026 09:13:24): http://localhost:62331 "POST /session/f81b76abdd2c93f3ee341da095e31ca1/element/f.4F43718FA93D6414267F90606F9738F8.d.73DE072F9BBF56441B37337F442B5794.e.556/element HTTP/1.1" 200 0 (Line: 544) [connectionpool.py]
DEBUG (15/09/2026 09:13:24): Remote response: status=200 | data={"value":{"element-6066-11e4-a52e-4f735466cecf":"f.4F43718FA93D6414267F90606F9738F8.d.73DE072F9BBF56441B37337F442B5794.e.729"}} | headers=HTTPHeaderDict({'Content-Length': '127', 'Content-Type': 'application/json; charset=utf-8', 'cache-control': 'no-cache'}) (Line: 436) [remote_connection.py]
DEBUG (15/09/2026 09:13:24): Finished Request (Line: 465) [remote_connection.py]
DEBUG (15/09/2026 09:13:24): POST http://localhost:62331/session/f81b76abdd2c93f3ee341da095e31ca1/execute/sync {'script': 'return arguments[0].textContent.trim();', 'args': [{'element-6066-11e4-a52e-4f735466cecf': 'f.4F43718FA93D6414267F90606F9738F8.d.73DE072F9BBF56441B37337F442B5794.e.729'}]} (Line: 403) [remote_connection.py]
DEBUG (15/09/2026 09:13:24): http://localhost:62331 "POST /session/f81b76abdd2c93f3ee341da095e31ca1/execute/sync HTTP/1.1" 200 0 (Line: 544) [connectionpool.py]
DEBUG (15/09/2026 09:13:24): Remote response: status=200 | data={"value":"Спасибо за положительный отзыв и ценный совет!\nМы работаем над улучшением нашего сайта https://autodieselpart.ru/, и надеемся, что в будущем сможем предложить этот удобный инструмент нашим клиентам.\nУдачи и роста вашему бизнесу!\nС уважением, коллектив ООО \"АвтоДизельПарт\"."} | headers=HTTPHeaderDict({'Content-Length': '493', 'Content-Type': 'application/json; charset=utf-8', 'cache-control': 'no-cache'}) (Line: 436) [remote_connection.py]
DEBUG (15/09/2026 09:13:24): Finished Request (Line: 465) [remote_connection.py]
DEBUG (15/09/2026 09:13:27): POST http://localhost:62331/session/f81b76abdd2c93f3ee341da095e31ca1/url {'url': 'https://yandex.ru/maps/org/avtodizelpart_ofis/1239605989/reviews/?ll=37.523501%2C55.874329&mode=sear...'} (Line: 403) [remote_connection.py]
DEBUG (15/09/2026 09:13:29): http://localhost:62331 "POST /session/f81b76abdd2c93f3ee341da095e31ca1/url HTTP/1.1" 200 0 (Line: 544) [connectionpool.py]
DEBUG (15/09/2026 09:13:29): Remote response: status=200 | data={"value":null} | headers=HTTPHeaderDict({'Content-Length': '14', 'Content-Type': 'application/json; charset=utf-8', 'cache-control': 'no-cache'}) (Line: 436) [remote_connection.py]
DEBUG (15/09/2026 09:13:29): Finished Request (Line: 465) [remote_connection.py]
DEBUG (15/09/2026 09:13:29): POST http://localhost:62331/session/f81b76abdd2c93f3ee341da095e31ca1/execute/sync {'script': 'window.scrollTo(0, document.body.scrollHeight * 0.1);', 'args': []} (Line: 403) [remote_connection.py]
DEBUG (15/09/2026 09:13:29): http://localhost:62331 "POST /session/f81b76abdd2c93f3ee341da095e31ca1/execute/sync HTTP/1.1" 200 0 (Line: 544) [connectionpool.py]
DEBUG (15/09/2026 09:13:29): Remote response: status=200 | data={"value":null} | headers=HTTPHeaderDict({'Content-Length': '14', 'Content-Type': 'application/json; charset=utf-8', 'cache-control': 'no-cache'}) (Line: 436) [remote_connection.py]
DEBUG (15/09/2026 09:13:29): Finished Request (Line: 465) [remote_connection.py]
DEBUG (15/09/2026 09:13:32): POST http://localhost:62331/session/f81b76abdd2c93f3ee341da095e31ca1/actions {'actions': [{'type': 'pointer', 'parameters': {'pointerType': 'mouse'}, 'id': 'mouse', 'actions': [{'type': 'pointerMove', 'duration': 250, 'x': 58, 'y': -62, 'origin': 'pointer'}]}, {'type': 'key', 'id': 'key', 'actions': [{'type': 'pause', 'duration': 0}]}]} (Line: 403) [remote_connection.py]
DEBUG (15/09/2026 09:13:32): http://localhost:62331 "POST /session/f81b76abdd2c93f3ee341da095e31ca1/actions HTTP/1.1" 200 0 (Line: 544) [connectionpool.py]
DEBUG (15/09/2026 09:13:32): Remote response: status=200 | data={"value":null} | headers=HTTPHeaderDict({'Content-Length': '14', 'Content-Type': 'application/json; charset=utf-8', 'cache-control': 'no-cache'}) (Line: 436) [remote_connection.py]
DEBUG (15/09/2026 09:13:32): Finished Request (Line: 465) [remote_connection.py]
DEBUG (15/09/2026 09:13:35): POST http://localhost:62331/session/f81b76abdd2c93f3ee341da095e31ca1/element {'using': 'css selector', 'value': '.business-reviews-card-view__title'} (Line: 403) [remote_connection.py]
DEBUG (15/09/2026 09:13:35): http://localhost:62331 "POST /session/f81b76abdd2c93f3ee341da095e31ca1/element HTTP/1.1" 200 0 (Line: 544) [connectionpool.py]
DEBUG (15/09/2026 09:13:35): Remote response: status=200 | data={"value":{"element-6066-11e4-a52e-4f735466cecf":"f.4F43718FA93D6414267F90606F9738F8.d.4124141701B4037D5393CDA2E347394A.e.625"}} | headers=HTTPHeaderDict({'Content-Length': '127', 'Content-Type': 'application/json; charset=utf-8', 'cache-control': 'no-cache'}) (Line: 436) [remote_connection.py]
DEBUG (15/09/2026 09:13:35): Finished Request (Line: 465) [remote_connection.py]
DEBUG (15/09/2026 09:13:35): POST http://localhost:62331/session/f81b76abdd2c93f3ee341da095e31ca1/execute/sync {'script': '/* isDisplayed */return (function(){return (function(){var g=this||self;\nfunction aa(a){var b=typeof...', 'args': [{'element-6066-11e4-a52e-4f735466cecf': 'f.4F43718FA93D6414267F90606F9738F8.d.4124141701B4037D5393CDA2E347394A.e.625'}]} (Line: 403) [remote_connection.py]
DEBUG (15/09/2026 09:13:35): http://localhost:62331 "POST /session/f81b76abdd2c93f3ee341da095e31ca1/execute/sync HTTP/1.1" 200 0 (Line: 544) [connectionpool.py]
DEBUG (15/09/2026 09:13:35): Remote response: status=200 | data={"value":true} | headers=HTTPHeaderDict({'Content-Length': '14', 'Content-Type': 'application/json; charset=utf-8', 'cache-control': 'no-cache'}) (Line: 436) [remote_connection.py]
DEBUG (15/09/2026 09:13:35): Finished Request (Line: 465) [remote_connection.py]
DEBUG (15/09/2026 09:13:35): GET http://localhost:62331/session/f81b76abdd2c93f3ee341da095e31ca1/element/f.4F43718FA93D6414267F90606F9738F8.d.4124141701B4037D5393CDA2E347394A.e.625/enabled {} (Line: 403) [remote_connection.py]
DEBUG (15/09/2026 09:13:35): http://localhost:62331 "GET /session/f81b76abdd2c93f3ee341da095e31ca1/element/f.4F43718FA93D6414267F90606F9738F8.d.4124141701B4037D5393CDA2E347394A.e.625/enabled HTTP/1.1" 200 0 (Line: 544) [connectionpool.py]
DEBUG (15/09/2026 09:13:35): Remote response: status=200 | data={"value":true} | headers=HTTPHeaderDict({'Content-Length': '14', 'Content-Type': 'application/json; charset=utf-8', 'cache-control': 'no-cache'}) (Line: 436) [remote_connection.py]
DEBUG (15/09/2026 09:13:35): Finished Request (Line: 465) [remote_connection.py]
DEBUG (15/09/2026 09:13:35): POST http://localhost:62331/session/f81b76abdd2c93f3ee341da095e31ca1/actions {'actions': [{'type': 'pointer', 'parameters': {'pointerType': 'mouse'}, 'id': 'mouse', 'actions': [{'type': 'pointerMove', 'duration': 250, 'x': 0, 'y': 0, 'origin': {'element-6066-11e4-a52e-4f735466cecf': 'f.4F43718FA93D6414267F90606F9738F8.d.4124141701B4037D5393CDA2E347394A.e.625'}}]}, {'type': 'key', 'id': 'key', 'actions': [{'type': 'pause', 'duration': 0}]}]} (Line: 403) [remote_connection.py]
DEBUG (15/09/2026 09:13:35): http://localhost:62331 "POST /session/f81b76abdd2c93f3ee341da095e31ca1/actions HTTP/1.1" 200 0 (Line: 544) [connectionpool.py]
DEBUG (15/09/2026 09:13:35): Remote response: status=200 | data={"value":null} | headers=HTTPHeaderDict({'Content-Length': '14', 'Content-Type': 'application/json; charset=utf-8', 'cache-control': 'no-cache'}) (Line: 436) [remote_connection.py]
DEBUG (15/09/2026 09:13:35): Finished Request (Line: 465) [remote_connection.py]
DEBUG (15/09/2026 09:13:37): POST http://localhost:62331/session/f81b76abdd2c93f3ee341da095e31ca1/element/f.4F43718FA93D6414267F90606F9738F8.d.4124141701B4037D5393CDA2E347394A.e.625/click {} (Line: 403) [remote_connection.py]
DEBUG (15/09/2026 09:13:37): http://localhost:62331 "POST /session/f81b76abdd2c93f3ee341da095e31ca1/element/f.4F43718FA93D6414267F90606F9738F8.d.4124141701B4037D5393CDA2E347394A.e.625/click HTTP/1.1" 200 0 (Line: 544) [connectionpool.py]
DEBUG (15/09/2026 09:13:37): Remote response: status=200 | data={"value":null} | headers=HTTPHeaderDict({'Content-Length': '14', 'Content-Type': 'application/json; charset=utf-8', 'cache-control': 'no-cache'}) (Line: 436) [remote_connection.py]
DEBUG (15/09/2026 09:13:37): Finished Request (Line: 465) [remote_connection.py]
DEBUG (15/09/2026 09:13:41): POST http://localhost:62331/session/f81b76abdd2c93f3ee341da095e31ca1/element {'using': 'css selector', 'value': '.scroll .scroll__container'} (Line: 403) [remote_connection.py]
DEBUG (15/09/2026 09:13:41): http://localhost:62331 "POST /session/f81b76abdd2c93f3ee341da095e31ca1/element HTTP/1.1" 200 0 (Line: 544) [connectionpool.py]
DEBUG (15/09/2026 09:13:41): Remote response: status=200 | data={"value":{"element-6066-11e4-a52e-4f735466cecf":"f.4F43718FA93D6414267F90606F9738F8.d.4124141701B4037D5393CDA2E347394A.e.152"}} | headers=HTTPHeaderDict({'Content-Length': '127', 'Content-Type': 'application/json; charset=utf-8', 'cache-control': 'no-cache'}) (Line: 436) [remote_connection.py]
DEBUG (15/09/2026 09:13:41): Finished Request (Line: 465) [remote_connection.py]
DEBUG (15/09/2026 09:13:41): POST http://localhost:62331/session/f81b76abdd2c93f3ee341da095e31ca1/element {'using': 'css selector', 'value': '._name_reviews .tabs-select-view__counter'} (Line: 403) [remote_connection.py]
DEBUG (15/09/2026 09:13:41): http://localhost:62331 "POST /session/f81b76abdd2c93f3ee341da095e31ca1/element HTTP/1.1" 200 0 (Line: 544) [connectionpool.py]
DEBUG (15/09/2026 09:13:41): Remote response: status=200 | data={"value":{"element-6066-11e4-a52e-4f735466cecf":"f.4F43718FA93D6414267F90606F9738F8.d.4124141701B4037D5393CDA2E347394A.e.626"}} | headers=HTTPHeaderDict({'Content-Length': '127', 'Content-Type': 'application/json; charset=utf-8', 'cache-control': 'no-cache'}) (Line: 436) [remote_connection.py]
DEBUG (15/09/2026 09:13:41): Finished Request (Line: 465) [remote_connection.py]
DEBUG (15/09/2026 09:13:41): GET http://localhost:62331/session/f81b76abdd2c93f3ee341da095e31ca1/element/f.4F43718FA93D6414267F90606F9738F8.d.4124141701B4037D5393CDA2E347394A.e.626/text {} (Line: 403) [remote_connection.py]
DEBUG (15/09/2026 09:13:41): http://localhost:62331 "GET /session/f81b76abdd2c93f3ee341da095e31ca1/element/f.4F43718FA93D6414267F90606F9738F8.d.4124141701B4037D5393CDA2E347394A.e.626/text HTTP/1.1" 200 0 (Line: 544) [connectionpool.py]
DEBUG (15/09/2026 09:13:41): Remote response: status=200 | data={"value":"20"} | headers=HTTPHeaderDict({'Content-Length': '14', 'Content-Type': 'application/json; charset=utf-8', 'cache-control': 'no-cache'}) (Line: 436) [remote_connection.py]
DEBUG (15/09/2026 09:13:41): Finished Request (Line: 465) [remote_connection.py]
DEBUG (15/09/2026 09:13:41): POST http://localhost:62331/session/f81b76abdd2c93f3ee341da095e31ca1/elements {'using': 'css selector', 'value': '.business-reviews-card-view__review'} (Line: 403) [remote_connection.py]
DEBUG (15/09/2026 09:13:41): http://localhost:62331 "POST /session/f81b76abdd2c93f3ee341da095e31ca1/elements HTTP/1.1" 200 0 (Line: 544) [connectionpool.py]
DEBUG (15/09/2026 09:13:41): Remote response: status=200 | data={"value":[{"element-6066-11e4-a52e-4f735466cecf":"f.4F43718FA93D6414267F90606F9738F8.d.4124141701B4037D5393CDA2E347394A.e.627"},{"element-6066-11e4-a52e-4f735466cecf":"f.4F43718FA93D6414267F90606F9738F8.d.4124141701B4037D5393CDA2E347394A.e.628"},{"element-6066-11e4-a52e-4f735466cecf":"f.4F43718FA93D6414267F90606F9738F8.d.4124141701B4037D5393CDA2E347394A.e.629"},{"element-6066-11e4-a52e-4f735466cecf":"f.4F43718FA93D6414267F90606F9738F8.d.4124141701B4037D5393CDA2E347394A.e.630"},{"element-6066-11e4-a52e-4f735466cecf":"f.4F43718FA93D6414267F90606F9738F8.d.4124141701B4037D5393CDA2E347394A.e.631"},{"element-6066-11e4-a52e-4f735466cecf":"f.4F43718FA93D6414267F90606F9738F8.d.4124141701B4037D5393CDA2E347394A.e.632"},{"element-6066-11e4-a52e-4f735466cecf":"f.4F43718FA93D6414267F90606F9738F8.d.4124141701B4037D5393CDA2E347394A.e.633"},{"element-6066-11e4-a52e-4f735466cecf":"f.4F43718FA93D6414267F90606F9738F8.d.4124141701B4037D5393CDA2E347394A.e.634"},{"element-6066-11e4-a52e-4f735466cecf":"f.4F43718FA93D6414267F90606F9738F8.d.4124141701B4037D5393CDA2E347394A.e.635"},{"element-6066-11e4-a52e-4f735466cecf":"f.4F43718FA93D6414267F90606F9738F8.d.4124141701B4037D5393CDA2E347394A.e.636"},{"element-6066-11e4-a52e-4f735466cecf":"f.4F43718FA93D6414267F90606F9738F8.d.4124141701B4037D5393CDA2E347394A.e.637"},{"element-6066-11e4-a52e-4f735466cecf":"f.4F43718FA93D6414267F90606F9738F8.d.4124141701B4037D5393CDA2E347394A.e.638"},{"element-6066-11e4-a52e-4f735466cecf":"f.4F43718FA93D6414267F90606F9738F8.d.4124141701B4037D5393CDA2E347394A.e.639"},{"element-6066-11e4-a52e-4f735466cecf":"f.4F43718FA93D6414267F90606F9738F8.d.4124141701B4037D5393CDA2E347394A.e.640"},{"element-6066-11e4-a52e-4f735466cecf":"f.4F43718FA93D6414267F90606F9738F8.d.4124141701B4037D5393CDA2E347394A.e.641"},{"element-6066-11e4-a52e-4f735466cecf":"f.4F43718FA93D6414267F90606F9738F8.d.4124141701B4037D5393CDA2E347394A.e.642"},{"element-6066-11e4-a52e-4f735466cecf":"f.4F43718FA93D6414267F90606F9738F8.d.4124141701B4037D5393CDA2E347394A.e.643"},{"element-6066-11e4-a52e-4f735466cecf":"f.4F43718FA93D6414267F90606F9738F8.d.4124141701B4037D5393CDA2E347394A.e.644"},{"element-6066-11e4-a52e-4f735466cecf":"f.4F43718FA93D6414267F90606F9738F8.d.4124141701B4037D5393CDA2E347394A.e.645"},{"element-6066-11e4-a52e-4f735466cecf":"f.4F43718FA93D6414267F90606F9738F8.d.4124141701B4037D5393CDA2E347394A.e.646"}]} | headers=HTTPHeaderDict({'Content-Length': '2371', 'Content-Type': 'application/json; charset=utf-8', 'cache-control': 'no-cache'}) (Line: 436) [remote_connection.py]
DEBUG (15/09/2026 09:13:41): Finished Request (Line: 465) [remote_connection.py]
DEBUG (15/09/2026 09:13:41): POST http://localhost:62331/session/f81b76abdd2c93f3ee341da095e31ca1/elements {'using': 'css selector', 'value': '.business-review-view__expand'} (Line: 403) [remote_connection.py]
DEBUG (15/09/2026 09:13:41): http://localhost:62331 "POST /session/f81b76abdd2c93f3ee341da095e31ca1/elements HTTP/1.1" 200 0 (Line: 544) [connectionpool.py]
DEBUG (15/09/2026 09:13:41): Remote response: status=200 | data={"value":[{"element-6066-11e4-a52e-4f735466cecf":"f.4F43718FA93D6414267F90606F9738F8.d.4124141701B4037D5393CDA2E347394A.e.647"}]} | headers=HTTPHeaderDict({'Content-Length': '129', 'Content-Type': 'application/json; charset=utf-8', 'cache-control': 'no-cache'}) (Line: 436) [remote_connection.py]
DEBUG (15/09/2026 09:13:41): Finished Request (Line: 465) [remote_connection.py]
DEBUG (15/09/2026 09:13:41): POST http://localhost:62331/session/f81b76abdd2c93f3ee341da095e31ca1/actions {'actions': [{'type': 'pointer', 'parameters': {'pointerType': 'mouse'}, 'id': 'mouse', 'actions': [{'type': 'pointerMove', 'duration': 250, 'x': 0, 'y': 0, 'origin': {'element-6066-11e4-a52e-4f735466cecf': 'f.4F43718FA93D6414267F90606F9738F8.d.4124141701B4037D5393CDA2E347394A.e.647'}}]}, {'type': 'key', 'id': 'key', 'actions': [{'type': 'pause', 'duration': 0}]}]} (Line: 403) [remote_connection.py]
DEBUG (15/09/2026 09:13:41): http://localhost:62331 "POST /session/f81b76abdd2c93f3ee341da095e31ca1/actions HTTP/1.1" 200 0 (Line: 544) [connectionpool.py]
DEBUG (15/09/2026 09:13:41): Remote response: status=200 | data={"value":null} | headers=HTTPHeaderDict({'Content-Length': '14', 'Content-Type': 'application/json; charset=utf-8', 'cache-control': 'no-cache'}) (Line: 436) [remote_connection.py]
DEBUG (15/09/2026 09:13:41): Finished Request (Line: 465) [remote_connection.py]
DEBUG (15/09/2026 09:13:42): POST http://localhost:62331/session/f81b76abdd2c93f3ee341da095e31ca1/execute/sync {'script': '/* isDisplayed */return (function(){return (function(){var g=this||self;\nfunction aa(a){var b=typeof...', 'args': [{'element-6066-11e4-a52e-4f735466cecf': 'f.4F43718FA93D6414267F90606F9738F8.d.4124141701B4037D5393CDA2E347394A.e.647'}]} (Line: 403) [remote_connection.py]
DEBUG (15/09/2026 09:13:42): http://localhost:62331 "POST /session/f81b76abdd2c93f3ee341da095e31ca1/execute/sync HTTP/1.1" 200 0 (Line: 544) [connectionpool.py]
DEBUG (15/09/2026 09:13:42): Remote response: status=200 | data={"value":true} | headers=HTTPHeaderDict({'Content-Length': '14', 'Content-Type': 'application/json; charset=utf-8', 'cache-control': 'no-cache'}) (Line: 436) [remote_connection.py]
DEBUG (15/09/2026 09:13:42): Finished Request (Line: 465) [remote_connection.py]
DEBUG (15/09/2026 09:13:42): GET http://localhost:62331/session/f81b76abdd2c93f3ee341da095e31ca1/element/f.4F43718FA93D6414267F90606F9738F8.d.4124141701B4037D5393CDA2E347394A.e.647/enabled {} (Line: 403) [remote_connection.py]
DEBUG (15/09/2026 09:13:42): http://localhost:62331 "GET /session/f81b76abdd2c93f3ee341da095e31ca1/element/f.4F43718FA93D6414267F90606F9738F8.d.4124141701B4037D5393CDA2E347394A.e.647/enabled HTTP/1.1" 200 0 (Line: 544) [connectionpool.py]
DEBUG (15/09/2026 09:13:42): Remote response: status=200 | data={"value":true} | headers=HTTPHeaderDict({'Content-Length': '14', 'Content-Type': 'application/json; charset=utf-8', 'cache-control': 'no-cache'}) (Line: 436) [remote_connection.py]
DEBUG (15/09/2026 09:13:42): Finished Request (Line: 465) [remote_connection.py]
DEBUG (15/09/2026 09:13:42): POST http://localhost:62331/session/f81b76abdd2c93f3ee341da095e31ca1/element/f.4F43718FA93D6414267F90606F9738F8.d.4124141701B4037D5393CDA2E347394A.e.647/click {} (Line: 403) [remote_connection.py]
DEBUG (15/09/2026 09:13:43): http://localhost:62331 "POST /session/f81b76abdd2c93f3ee341da095e31ca1/element/f.4F43718FA93D6414267F90606F9738F8.d.4124141701B4037D5393CDA2E347394A.e.647/click HTTP/1.1" 400 0 (Line: 544) [connectionpool.py]
DEBUG (15/09/2026 09:13:43): Remote response: status=400 | data={"value":{"error":"element click intercepted","message":"element click intercepted: Element \u003Cspan class=\"business-review-view__expand\" aria-hidden=\"false\" aria-label=\"...\" role=\"button\" tabindex=\"0\">Ещё\u003C/span> is not clickable at point (95, 879). Other element would receive the click: \u003Cdiv class=\"card-reviews-view__actions\">...\u003C/div>\n  (Session info: chrome=153.0.8010.36)","stacktrace":"\tchromedriver!GetHandleVerifier [0x7ff6d385ff25+5ae5]\n\tchromedriver!(No symbol) [0x7ff6d3782210]\n\tchromedriver!(No symbol) [0x7ff6d35a4a9d]\n\tchromedriver!(No symbol) [0x7ff6d3608283]\n\tchromedriver!(No symbol) [0x7ff6d3605e8a]\n\tchromedriver!(No symbol) [0x7ff6d36031c7]\n\tchromedriver!(No symbol) [0x7ff6d3602080]\n\tchromedriver!(No symbol) [0x7ff6d35f4018]\n\tchromedriver!(No symbol) [0x7ff6d36298fa]\n\tchromedriver!(No symbol) [0x7ff6d35f3896]\n\tchromedriver!(No symbol) [0x7ff6d36500df]\n\tchromedriver!(No symbol) [0x7ff6d35f2202]\n\tchromedriver!(No symbol) [0x7ff6d35f3013]\n\tchromedriver!GetHandleVerifier [0x7ff6d3c84231+429df1]\n\tchromedriver!GetHandleVerifier [0x7ff6d3cafce7+4558a7]\n\tchromedriver!GetHandleVerifier [0x7ff6d3ca413e+449cfe]\n\tchromedriver!GetHandleVerifier [0x7ff6d395c9ce+10258e]\n\tchromedriver!(No symbol) [0x7ff6d3790545]\n\tchromedriver!(No symbol) [0x7ff6d378b6a4]\n\tchromedriver!(No symbol) [0x7ff6d378b834]\n\tchromedriver!(No symbol) [0x7ff6d377601c]\n\tKERNEL32!BaseThreadInitThunk [0x7ffdc53fcd87+17]\n\tntdll!RtlUserThreadStart [0x7ffdc6dccaec+2c]\n"}} | headers=HTTPHeaderDict({'Content-Length': '1537', 'Content-Type': 'application/json; charset=utf-8', 'cache-control': 'no-cache'}) (Line: 436) [remote_connection.py]
DEBUG (15/09/2026 09:13:43): Finished Request (Line: 465) [remote_connection.py]
WARNING (15/09/2026 09:13:43): Ошибка клика на 'Показать больше': Message: element click intercepted: Element <span class="business-review-view__expand" aria-hidden="false" aria-label="..." role="button" tabindex="0">Ещё</span> is not clickable at point (95, 879). Other element would receive the click: <div class="card-reviews-view__actions">...</div>
  (Session info: chrome=153.0.8010.36); For documentation on this error, please visit: https://www.selenium.dev/documentation/webdriver/troubleshooting/errors#elementclickinterceptedexception
Stacktrace:
	chromedriver!GetHandleVerifier [0x7ff6d385ff25+5ae5]
	chromedriver!(No symbol) [0x7ff6d3782210]
	chromedriver!(No symbol) [0x7ff6d35a4a9d]
	chromedriver!(No symbol) [0x7ff6d3608283]
	chromedriver!(No symbol) [0x7ff6d3605e8a]
	chromedriver!(No symbol) [0x7ff6d36031c7]
	chromedriver!(No symbol) [0x7ff6d3602080]
	chromedriver!(No symbol) [0x7ff6d35f4018]
	chromedriver!(No symbol) [0x7ff6d36298fa]
	chromedriver!(No symbol) [0x7ff6d35f3896]
	chromedriver!(No symbol) [0x7ff6d36500df]
	chromedriver!(No symbol) [0x7ff6d35f2202]
	chromedriver!(No symbol) [0x7ff6d35f3013]
	chromedriver!GetHandleVerifier [0x7ff6d3c84231+429df1]
	chromedriver!GetHandleVerifier [0x7ff6d3cafce7+4558a7]
	chromedriver!GetHandleVerifier [0x7ff6d3ca413e+449cfe]
	chromedriver!GetHandleVerifier [0x7ff6d395c9ce+10258e]
	chromedriver!(No symbol) [0x7ff6d3790545]
	chromedriver!(No symbol) [0x7ff6d378b6a4]
	chromedriver!(No symbol) [0x7ff6d378b834]
	chromedriver!(No symbol) [0x7ff6d377601c]
	KERNEL32!BaseThreadInitThunk [0x7ffdc53fcd87+17]
	ntdll!RtlUserThreadStart [0x7ffdc6dccaec+2c]
 (Line: 353) [app.py]
DEBUG (15/09/2026 09:13:43): POST http://localhost:62331/session/f81b76abdd2c93f3ee341da095e31ca1/elements {'using': 'css selector', 'value': '.business-review-comment-expandable-view__expand'} (Line: 403) [remote_connection.py]
DEBUG (15/09/2026 09:13:43): http://localhost:62331 "POST /session/f81b76abdd2c93f3ee341da095e31ca1/elements HTTP/1.1" 200 0 (Line: 544) [connectionpool.py]
DEBUG (15/09/2026 09:13:43): Remote response: status=200 | data={"value":[{"element-6066-11e4-a52e-4f735466cecf":"f.4F43718FA93D6414267F90606F9738F8.d.4124141701B4037D5393CDA2E347394A.e.648"},{"element-6066-11e4-a52e-4f735466cecf":"f.4F43718FA93D6414267F90606F9738F8.d.4124141701B4037D5393CDA2E347394A.e.649"},{"element-6066-11e4-a52e-4f735466cecf":"f.4F43718FA93D6414267F90606F9738F8.d.4124141701B4037D5393CDA2E347394A.e.650"},{"element-6066-11e4-a52e-4f735466cecf":"f.4F43718FA93D6414267F90606F9738F8.d.4124141701B4037D5393CDA2E347394A.e.651"},{"element-6066-11e4-a52e-4f735466cecf":"f.4F43718FA93D6414267F90606F9738F8.d.4124141701B4037D5393CDA2E347394A.e.652"},{"element-6066-11e4-a52e-4f735466cecf":"f.4F43718FA93D6414267F90606F9738F8.d.4124141701B4037D5393CDA2E347394A.e.653"},{"element-6066-11e4-a52e-4f735466cecf":"f.4F43718FA93D6414267F90606F9738F8.d.4124141701B4037D5393CDA2E347394A.e.654"},{"element-6066-11e4-a52e-4f735466cecf":"f.4F43718FA93D6414267F90606F9738F8.d.4124141701B4037D5393CDA2E347394A.e.655"},{"element-6066-11e4-a52e-4f735466cecf":"f.4F43718FA93D6414267F90606F9738F8.d.4124141701B4037D5393CDA2E347394A.e.656"},{"element-6066-11e4-a52e-4f735466cecf":"f.4F43718FA93D6414267F90606F9738F8.d.4124141701B4037D5393CDA2E347394A.e.657"},{"element-6066-11e4-a52e-4f735466cecf":"f.4F43718FA93D6414267F90606F9738F8.d.4124141701B4037D5393CDA2E347394A.e.658"},{"element-6066-11e4-a52e-4f735466cecf":"f.4F43718FA93D6414267F90606F9738F8.d.4124141701B4037D5393CDA2E347394A.e.659"},{"element-6066-11e4-a52e-4f735466cecf":"f.4F43718FA93D6414267F90606F9738F8.d.4124141701B4037D5393CDA2E347394A.e.660"},{"element-6066-11e4-a52e-4f735466cecf":"f.4F43718FA93D6414267F90606F9738F8.d.4124141701B4037D5393CDA2E347394A.e.661"},{"element-6066-11e4-a52e-4f735466cecf":"f.4F43718FA93D6414267F90606F9738F8.d.4124141701B4037D5393CDA2E347394A.e.662"},{"element-6066-11e4-a52e-4f735466cecf":"f.4F43718FA93D6414267F90606F9738F8.d.4124141701B4037D5393CDA2E347394A.e.663"}]} | headers=HTTPHeaderDict({'Content-Length': '1899', 'Content-Type': 'application/json; charset=utf-8', 'cache-control': 'no-cache'}) (Line: 436) [remote_connection.py]
DEBUG (15/09/2026 09:13:43): Finished Request (Line: 465) [remote_connection.py]
DEBUG (15/09/2026 09:13:43): POST http://localhost:62331/session/f81b76abdd2c93f3ee341da095e31ca1/actions {'actions': [{'type': 'pointer', 'parameters': {'pointerType': 'mouse'}, 'id': 'mouse', 'actions': [{'type': 'pointerMove', 'duration': 250, 'x': 0, 'y': 0, 'origin': {'element-6066-11e4-a52e-4f735466cecf': 'f.4F43718FA93D6414267F90606F9738F8.d.4124141701B4037D5393CDA2E347394A.e.648'}}]}, {'type': 'key', 'id': 'key', 'actions': [{'type': 'pause', 'duration': 0}]}]} (Line: 403) [remote_connection.py]
DEBUG (15/09/2026 09:13:43): http://localhost:62331 "POST /session/f81b76abdd2c93f3ee341da095e31ca1/actions HTTP/1.1" 200 0 (Line: 544) [connectionpool.py]
DEBUG (15/09/2026 09:13:43): Remote response: status=200 | data={"value":null} | headers=HTTPHeaderDict({'Content-Length': '14', 'Content-Type': 'application/json; charset=utf-8', 'cache-control': 'no-cache'}) (Line: 436) [remote_connection.py]
DEBUG (15/09/2026 09:13:43): Finished Request (Line: 465) [remote_connection.py]
DEBUG (15/09/2026 09:13:45): POST http://localhost:62331/session/f81b76abdd2c93f3ee341da095e31ca1/execute/sync {'script': 'arguments[0].click();', 'args': [{'element-6066-11e4-a52e-4f735466cecf': 'f.4F43718FA93D6414267F90606F9738F8.d.4124141701B4037D5393CDA2E347394A.e.648'}]} (Line: 403) [remote_connection.py]
DEBUG (15/09/2026 09:13:45): http://localhost:62331 "POST /session/f81b76abdd2c93f3ee341da095e31ca1/execute/sync HTTP/1.1" 200 0 (Line: 544) [connectionpool.py]
DEBUG (15/09/2026 09:13:45): Remote response: status=200 | data={"value":null} | headers=HTTPHeaderDict({'Content-Length': '14', 'Content-Type': 'application/json; charset=utf-8', 'cache-control': 'no-cache'}) (Line: 436) [remote_connection.py]
DEBUG (15/09/2026 09:13:45): Finished Request (Line: 465) [remote_connection.py]
DEBUG (15/09/2026 09:13:47): POST http://localhost:62331/session/f81b76abdd2c93f3ee341da095e31ca1/actions {'actions': [{'type': 'pointer', 'parameters': {'pointerType': 'mouse'}, 'id': 'mouse', 'actions': [{'type': 'pointerMove', 'duration': 250, 'x': 0, 'y': 0, 'origin': {'element-6066-11e4-a52e-4f735466cecf': 'f.4F43718FA93D6414267F90606F9738F8.d.4124141701B4037D5393CDA2E347394A.e.649'}}]}, {'type': 'key', 'id': 'key', 'actions': [{'type': 'pause', 'duration': 0}]}]} (Line: 403) [remote_connection.py]
DEBUG (15/09/2026 09:13:47): http://localhost:62331 "POST /session/f81b76abdd2c93f3ee341da095e31ca1/actions HTTP/1.1" 200 0 (Line: 544) [connectionpool.py]
DEBUG (15/09/2026 09:13:47): Remote response: status=200 | data={"value":null} | headers=HTTPHeaderDict({'Content-Length': '14', 'Content-Type': 'application/json; charset=utf-8', 'cache-control': 'no-cache'}) (Line: 436) [remote_connection.py]
DEBUG (15/09/2026 09:13:47): Finished Request (Line: 465) [remote_connection.py]
DEBUG (15/09/2026 09:13:48): POST http://localhost:62331/session/f81b76abdd2c93f3ee341da095e31ca1/execute/sync {'script': 'arguments[0].click();', 'args': [{'element-6066-11e4-a52e-4f735466cecf': 'f.4F43718FA93D6414267F90606F9738F8.d.4124141701B4037D5393CDA2E347394A.e.649'}]} (Line: 403) [remote_connection.py]
DEBUG (15/09/2026 09:13:48): http://localhost:62331 "POST /session/f81b76abdd2c93f3ee341da095e31ca1/execute/sync HTTP/1.1" 200 0 (Line: 544) [connectionpool.py]
DEBUG (15/09/2026 09:13:48): Remote response: status=200 | data={"value":null} | headers=HTTPHeaderDict({'Content-Length': '14', 'Content-Type': 'application/json; charset=utf-8', 'cache-control': 'no-cache'}) (Line: 436) [remote_connection.py]
DEBUG (15/09/2026 09:13:48): Finished Request (Line: 465) [remote_connection.py]
DEBUG (15/09/2026 09:13:49): POST http://localhost:62331/session/f81b76abdd2c93f3ee341da095e31ca1/actions {'actions': [{'type': 'pointer', 'parameters': {'pointerType': 'mouse'}, 'id': 'mouse', 'actions': [{'type': 'pointerMove', 'duration': 250, 'x': 0, 'y': 0, 'origin': {'element-6066-11e4-a52e-4f735466cecf': 'f.4F43718FA93D6414267F90606F9738F8.d.4124141701B4037D5393CDA2E347394A.e.650'}}]}, {'type': 'key', 'id': 'key', 'actions': [{'type': 'pause', 'duration': 0}]}]} (Line: 403) [remote_connection.py]
DEBUG (15/09/2026 09:13:50): http://localhost:62331 "POST /session/f81b76abdd2c93f3ee341da095e31ca1/actions HTTP/1.1" 200 0 (Line: 544) [connectionpool.py]
DEBUG (15/09/2026 09:13:50): Remote response: status=200 | data={"value":null} | headers=HTTPHeaderDict({'Content-Length': '14', 'Content-Type': 'application/json; charset=utf-8', 'cache-control': 'no-cache'}) (Line: 436) [remote_connection.py]
DEBUG (15/09/2026 09:13:50): Finished Request (Line: 465) [remote_connection.py]
DEBUG (15/09/2026 09:13:50): POST http://localhost:62331/session/f81b76abdd2c93f3ee341da095e31ca1/execute/sync {'script': 'arguments[0].click();', 'args': [{'element-6066-11e4-a52e-4f735466cecf': 'f.4F43718FA93D6414267F90606F9738F8.d.4124141701B4037D5393CDA2E347394A.e.650'}]} (Line: 403) [remote_connection.py]
DEBUG (15/09/2026 09:13:50): http://localhost:62331 "POST /session/f81b76abdd2c93f3ee341da095e31ca1/execute/sync HTTP/1.1" 200 0 (Line: 544) [connectionpool.py]
DEBUG (15/09/2026 09:13:50): Remote response: status=200 | data={"value":null} | headers=HTTPHeaderDict({'Content-Length': '14', 'Content-Type': 'application/json; charset=utf-8', 'cache-control': 'no-cache'}) (Line: 436) [remote_connection.py]
DEBUG (15/09/2026 09:13:50): Finished Request (Line: 465) [remote_connection.py]
DEBUG (15/09/2026 09:13:52): POST http://localhost:62331/session/f81b76abdd2c93f3ee341da095e31ca1/actions {'actions': [{'type': 'pointer', 'parameters': {'pointerType': 'mouse'}, 'id': 'mouse', 'actions': [{'type': 'pointerMove', 'duration': 250, 'x': 0, 'y': 0, 'origin': {'element-6066-11e4-a52e-4f735466cecf': 'f.4F43718FA93D6414267F90606F9738F8.d.4124141701B4037D5393CDA2E347394A.e.651'}}]}, {'type': 'key', 'id': 'key', 'actions': [{'type': 'pause', 'duration': 0}]}]} (Line: 403) [remote_connection.py]
DEBUG (15/09/2026 09:13:53): http://localhost:62331 "POST /session/f81b76abdd2c93f3ee341da095e31ca1/actions HTTP/1.1" 200 0 (Line: 544) [connectionpool.py]
DEBUG (15/09/2026 09:13:53): Remote response: status=200 | data={"value":null} | headers=HTTPHeaderDict({'Content-Length': '14', 'Content-Type': 'application/json; charset=utf-8', 'cache-control': 'no-cache'}) (Line: 436) [remote_connection.py]
DEBUG (15/09/2026 09:13:53): Finished Request (Line: 465) [remote_connection.py]
DEBUG (15/09/2026 09:13:53): POST http://localhost:62331/session/f81b76abdd2c93f3ee341da095e31ca1/execute/sync {'script': 'arguments[0].click();', 'args': [{'element-6066-11e4-a52e-4f735466cecf': 'f.4F43718FA93D6414267F90606F9738F8.d.4124141701B4037D5393CDA2E347394A.e.651'}]} (Line: 403) [remote_connection.py]
DEBUG (15/09/2026 09:13:53): http://localhost:62331 "POST /session/f81b76abdd2c93f3ee341da095e31ca1/execute/sync HTTP/1.1" 200 0 (Line: 544) [connectionpool.py]
DEBUG (15/09/2026 09:13:53): Remote response: status=200 | data={"value":null} | headers=HTTPHeaderDict({'Content-Length': '14', 'Content-Type': 'application/json; charset=utf-8', 'cache-control': 'no-cache'}) (Line: 436) [remote_connection.py]
DEBUG (15/09/2026 09:13:53): Finished Request (Line: 465) [remote_connection.py]
DEBUG (15/09/2026 09:13:54): POST http://localhost:62331/session/f81b76abdd2c93f3ee341da095e31ca1/actions {'actions': [{'type': 'pointer', 'parameters': {'pointerType': 'mouse'}, 'id': 'mouse', 'actions': [{'type': 'pointerMove', 'duration': 250, 'x': 0, 'y': 0, 'origin': {'element-6066-11e4-a52e-4f735466cecf': 'f.4F43718FA93D6414267F90606F9738F8.d.4124141701B4037D5393CDA2E347394A.e.652'}}]}, {'type': 'key', 'id': 'key', 'actions': [{'type': 'pause', 'duration': 0}]}]} (Line: 403) [remote_connection.py]
DEBUG (15/09/2026 09:13:55): http://localhost:62331 "POST /session/f81b76abdd2c93f3ee341da095e31ca1/actions HTTP/1.1" 200 0 (Line: 544) [connectionpool.py]
DEBUG (15/09/2026 09:13:55): Remote response: status=200 | data={"value":null} | headers=HTTPHeaderDict({'Content-Length': '14', 'Content-Type': 'application/json; charset=utf-8', 'cache-control': 'no-cache'}) (Line: 436) [remote_connection.py]
DEBUG (15/09/2026 09:13:55): Finished Request (Line: 465) [remote_connection.py]
DEBUG (15/09/2026 09:13:56): POST http://localhost:62331/session/f81b76abdd2c93f3ee341da095e31ca1/execute/sync {'script': 'arguments[0].click();', 'args': [{'element-6066-11e4-a52e-4f735466cecf': 'f.4F43718FA93D6414267F90606F9738F8.d.4124141701B4037D5393CDA2E347394A.e.652'}]} (Line: 403) [remote_connection.py]
DEBUG (15/09/2026 09:13:56): http://localhost:62331 "POST /session/f81b76abdd2c93f3ee341da095e31ca1/execute/sync HTTP/1.1" 200 0 (Line: 544) [connectionpool.py]
DEBUG (15/09/2026 09:13:56): Remote response: status=200 | data={"value":null} | headers=HTTPHeaderDict({'Content-Length': '14', 'Content-Type': 'application/json; charset=utf-8', 'cache-control': 'no-cache'}) (Line: 436) [remote_connection.py]
DEBUG (15/09/2026 09:13:56): Finished Request (Line: 465) [remote_connection.py]
DEBUG (15/09/2026 09:13:58): POST http://localhost:62331/session/f81b76abdd2c93f3ee341da095e31ca1/actions {'actions': [{'type': 'pointer', 'parameters': {'pointerType': 'mouse'}, 'id': 'mouse', 'actions': [{'type': 'pointerMove', 'duration': 250, 'x': 0, 'y': 0, 'origin': {'element-6066-11e4-a52e-4f735466cecf': 'f.4F43718FA93D6414267F90606F9738F8.d.4124141701B4037D5393CDA2E347394A.e.653'}}]}, {'type': 'key', 'id': 'key', 'actions': [{'type': 'pause', 'duration': 0}]}]} (Line: 403) [remote_connection.py]
DEBUG (15/09/2026 09:13:58): http://localhost:62331 "POST /session/f81b76abdd2c93f3ee341da095e31ca1/actions HTTP/1.1" 200 0 (Line: 544) [connectionpool.py]
DEBUG (15/09/2026 09:13:58): Remote response: status=200 | data={"value":null} | headers=HTTPHeaderDict({'Content-Length': '14', 'Content-Type': 'application/json; charset=utf-8', 'cache-control': 'no-cache'}) (Line: 436) [remote_connection.py]
DEBUG (15/09/2026 09:13:58): Finished Request (Line: 465) [remote_connection.py]
DEBUG (15/09/2026 09:13:59): POST http://localhost:62331/session/f81b76abdd2c93f3ee341da095e31ca1/execute/sync {'script': 'arguments[0].click();', 'args': [{'element-6066-11e4-a52e-4f735466cecf': 'f.4F43718FA93D6414267F90606F9738F8.d.4124141701B4037D5393CDA2E347394A.e.653'}]} (Line: 403) [remote_connection.py]
DEBUG (15/09/2026 09:13:59): http://localhost:62331 "POST /session/f81b76abdd2c93f3ee341da095e31ca1/execute/sync HTTP/1.1" 200 0 (Line: 544) [connectionpool.py]
DEBUG (15/09/2026 09:13:59): Remote response: status=200 | data={"value":null} | headers=HTTPHeaderDict({'Content-Length': '14', 'Content-Type': 'application/json; charset=utf-8', 'cache-control': 'no-cache'}) (Line: 436) [remote_connection.py]
DEBUG (15/09/2026 09:13:59): Finished Request (Line: 465) [remote_connection.py]
DEBUG (15/09/2026 09:14:02): POST http://localhost:62331/session/f81b76abdd2c93f3ee341da095e31ca1/actions {'actions': [{'type': 'pointer', 'parameters': {'pointerType': 'mouse'}, 'id': 'mouse', 'actions': [{'type': 'pointerMove', 'duration': 250, 'x': 0, 'y': 0, 'origin': {'element-6066-11e4-a52e-4f735466cecf': 'f.4F43718FA93D6414267F90606F9738F8.d.4124141701B4037D5393CDA2E347394A.e.654'}}]}, {'type': 'key', 'id': 'key', 'actions': [{'type': 'pause', 'duration': 0}]}]} (Line: 403) [remote_connection.py]
DEBUG (15/09/2026 09:14:02): http://localhost:62331 "POST /session/f81b76abdd2c93f3ee341da095e31ca1/actions HTTP/1.1" 200 0 (Line: 544) [connectionpool.py]
DEBUG (15/09/2026 09:14:02): Remote response: status=200 | data={"value":null} | headers=HTTPHeaderDict({'Content-Length': '14', 'Content-Type': 'application/json; charset=utf-8', 'cache-control': 'no-cache'}) (Line: 436) [remote_connection.py]
DEBUG (15/09/2026 09:14:02): Finished Request (Line: 465) [remote_connection.py]
DEBUG (15/09/2026 09:14:03): POST http://localhost:62331/session/f81b76abdd2c93f3ee341da095e31ca1/execute/sync {'script': 'arguments[0].click();', 'args': [{'element-6066-11e4-a52e-4f735466cecf': 'f.4F43718FA93D6414267F90606F9738F8.d.4124141701B4037D5393CDA2E347394A.e.654'}]} (Line: 403) [remote_connection.py]
DEBUG (15/09/2026 09:14:03): http://localhost:62331 "POST /session/f81b76abdd2c93f3ee341da095e31ca1/execute/sync HTTP/1.1" 200 0 (Line: 544) [connectionpool.py]
DEBUG (15/09/2026 09:14:03): Remote response: status=200 | data={"value":null} | headers=HTTPHeaderDict({'Content-Length': '14', 'Content-Type': 'application/json; charset=utf-8', 'cache-control': 'no-cache'}) (Line: 436) [remote_connection.py]
DEBUG (15/09/2026 09:14:03): Finished Request (Line: 465) [remote_connection.py]
DEBUG (15/09/2026 09:14:05): POST http://localhost:62331/session/f81b76abdd2c93f3ee341da095e31ca1/actions {'actions': [{'type': 'pointer', 'parameters': {'pointerType': 'mouse'}, 'id': 'mouse', 'actions': [{'type': 'pointerMove', 'duration': 250, 'x': 0, 'y': 0, 'origin': {'element-6066-11e4-a52e-4f735466cecf': 'f.4F43718FA93D6414267F90606F9738F8.d.4124141701B4037D5393CDA2E347394A.e.655'}}]}, {'type': 'key', 'id': 'key', 'actions': [{'type': 'pause', 'duration': 0}]}]} (Line: 403) [remote_connection.py]
DEBUG (15/09/2026 09:14:05): http://localhost:62331 "POST /session/f81b76abdd2c93f3ee341da095e31ca1/actions HTTP/1.1" 200 0 (Line: 544) [connectionpool.py]
DEBUG (15/09/2026 09:14:05): Remote response: status=200 | data={"value":null} | headers=HTTPHeaderDict({'Content-Length': '14', 'Content-Type': 'application/json; charset=utf-8', 'cache-control': 'no-cache'}) (Line: 436) [remote_connection.py]
DEBUG (15/09/2026 09:14:05): Finished Request (Line: 465) [remote_connection.py]
DEBUG (15/09/2026 09:14:06): POST http://localhost:62331/session/f81b76abdd2c93f3ee341da095e31ca1/execute/sync {'script': 'arguments[0].click();', 'args': [{'element-6066-11e4-a52e-4f735466cecf': 'f.4F43718FA93D6414267F90606F9738F8.d.4124141701B4037D5393CDA2E347394A.e.655'}]} (Line: 403) [remote_connection.py]
DEBUG (15/09/2026 09:14:06): http://localhost:62331 "POST /session/f81b76abdd2c93f3ee341da095e31ca1/execute/sync HTTP/1.1" 200 0 (Line: 544) [connectionpool.py]
DEBUG (15/09/2026 09:14:06): Remote response: status=200 | data={"value":null} | headers=HTTPHeaderDict({'Content-Length': '14', 'Content-Type': 'application/json; charset=utf-8', 'cache-control': 'no-cache'}) (Line: 436) [remote_connection.py]
DEBUG (15/09/2026 09:14:06): Finished Request (Line: 465) [remote_connection.py]
DEBUG (15/09/2026 09:14:08): POST http://localhost:62331/session/f81b76abdd2c93f3ee341da095e31ca1/actions {'actions': [{'type': 'pointer', 'parameters': {'pointerType': 'mouse'}, 'id': 'mouse', 'actions': [{'type': 'pointerMove', 'duration': 250, 'x': 0, 'y': 0, 'origin': {'element-6066-11e4-a52e-4f735466cecf': 'f.4F43718FA93D6414267F90606F9738F8.d.4124141701B4037D5393CDA2E347394A.e.656'}}]}, {'type': 'key', 'id': 'key', 'actions': [{'type': 'pause', 'duration': 0}]}]} (Line: 403) [remote_connection.py]
DEBUG (15/09/2026 09:14:09): http://localhost:62331 "POST /session/f81b76abdd2c93f3ee341da095e31ca1/actions HTTP/1.1" 200 0 (Line: 544) [connectionpool.py]
DEBUG (15/09/2026 09:14:09): Remote response: status=200 | data={"value":null} | headers=HTTPHeaderDict({'Content-Length': '14', 'Content-Type': 'application/json; charset=utf-8', 'cache-control': 'no-cache'}) (Line: 436) [remote_connection.py]
DEBUG (15/09/2026 09:14:09): Finished Request (Line: 465) [remote_connection.py]
DEBUG (15/09/2026 09:14:09): POST http://localhost:62331/session/f81b76abdd2c93f3ee341da095e31ca1/execute/sync {'script': 'arguments[0].click();', 'args': [{'element-6066-11e4-a52e-4f735466cecf': 'f.4F43718FA93D6414267F90606F9738F8.d.4124141701B4037D5393CDA2E347394A.e.656'}]} (Line: 403) [remote_connection.py]
DEBUG (15/09/2026 09:14:09): http://localhost:62331 "POST /session/f81b76abdd2c93f3ee341da095e31ca1/execute/sync HTTP/1.1" 200 0 (Line: 544) [connectionpool.py]
DEBUG (15/09/2026 09:14:09): Remote response: status=200 | data={"value":null} | headers=HTTPHeaderDict({'Content-Length': '14', 'Content-Type': 'application/json; charset=utf-8', 'cache-control': 'no-cache'}) (Line: 436) [remote_connection.py]
DEBUG (15/09/2026 09:14:09): Finished Request (Line: 465) [remote_connection.py]
DEBUG (15/09/2026 09:14:12): POST http://localhost:62331/session/f81b76abdd2c93f3ee341da095e31ca1/actions {'actions': [{'type': 'pointer', 'parameters': {'pointerType': 'mouse'}, 'id': 'mouse', 'actions': [{'type': 'pointerMove', 'duration': 250, 'x': 0, 'y': 0, 'origin': {'element-6066-11e4-a52e-4f735466cecf': 'f.4F43718FA93D6414267F90606F9738F8.d.4124141701B4037D5393CDA2E347394A.e.657'}}]}, {'type': 'key', 'id': 'key', 'actions': [{'type': 'pause', 'duration': 0}]}]} (Line: 403) [remote_connection.py]
DEBUG (15/09/2026 09:14:13): http://localhost:62331 "POST /session/f81b76abdd2c93f3ee341da095e31ca1/actions HTTP/1.1" 200 0 (Line: 544) [connectionpool.py]
DEBUG (15/09/2026 09:14:13): Remote response: status=200 | data={"value":null} | headers=HTTPHeaderDict({'Content-Length': '14', 'Content-Type': 'application/json; charset=utf-8', 'cache-control': 'no-cache'}) (Line: 436) [remote_connection.py]
DEBUG (15/09/2026 09:14:13): Finished Request (Line: 465) [remote_connection.py]
DEBUG (15/09/2026 09:14:13): POST http://localhost:62331/session/f81b76abdd2c93f3ee341da095e31ca1/execute/sync {'script': 'arguments[0].click();', 'args': [{'element-6066-11e4-a52e-4f735466cecf': 'f.4F43718FA93D6414267F90606F9738F8.d.4124141701B4037D5393CDA2E347394A.e.657'}]} (Line: 403) [remote_connection.py]
DEBUG (15/09/2026 09:14:13): http://localhost:62331 "POST /session/f81b76abdd2c93f3ee341da095e31ca1/execute/sync HTTP/1.1" 200 0 (Line: 544) [connectionpool.py]
DEBUG (15/09/2026 09:14:13): Remote response: status=200 | data={"value":null} | headers=HTTPHeaderDict({'Content-Length': '14', 'Content-Type': 'application/json; charset=utf-8', 'cache-control': 'no-cache'}) (Line: 436) [remote_connection.py]
DEBUG (15/09/2026 09:14:13): Finished Request (Line: 465) [remote_connection.py]
DEBUG (15/09/2026 09:14:16): POST http://localhost:62331/session/f81b76abdd2c93f3ee341da095e31ca1/actions {'actions': [{'type': 'pointer', 'parameters': {'pointerType': 'mouse'}, 'id': 'mouse', 'actions': [{'type': 'pointerMove', 'duration': 250, 'x': 0, 'y': 0, 'origin': {'element-6066-11e4-a52e-4f735466cecf': 'f.4F43718FA93D6414267F90606F9738F8.d.4124141701B4037D5393CDA2E347394A.e.658'}}]}, {'type': 'key', 'id': 'key', 'actions': [{'type': 'pause', 'duration': 0}]}]} (Line: 403) [remote_connection.py]
DEBUG (15/09/2026 09:14:16): http://localhost:62331 "POST /session/f81b76abdd2c93f3ee341da095e31ca1/actions HTTP/1.1" 200 0 (Line: 544) [connectionpool.py]
DEBUG (15/09/2026 09:14:16): Remote response: status=200 | data={"value":null} | headers=HTTPHeaderDict({'Content-Length': '14', 'Content-Type': 'application/json; charset=utf-8', 'cache-control': 'no-cache'}) (Line: 436) [remote_connection.py]
DEBUG (15/09/2026 09:14:16): Finished Request (Line: 465) [remote_connection.py]
DEBUG (15/09/2026 09:14:17): POST http://localhost:62331/session/f81b76abdd2c93f3ee341da095e31ca1/execute/sync {'script': 'arguments[0].click();', 'args': [{'element-6066-11e4-a52e-4f735466cecf': 'f.4F43718FA93D6414267F90606F9738F8.d.4124141701B4037D5393CDA2E347394A.e.658'}]} (Line: 403) [remote_connection.py]
DEBUG (15/09/2026 09:14:17): http://localhost:62331 "POST /session/f81b76abdd2c93f3ee341da095e31ca1/execute/sync HTTP/1.1" 200 0 (Line: 544) [connectionpool.py]
DEBUG (15/09/2026 09:14:17): Remote response: status=200 | data={"value":null} | headers=HTTPHeaderDict({'Content-Length': '14', 'Content-Type': 'application/json; charset=utf-8', 'cache-control': 'no-cache'}) (Line: 436) [remote_connection.py]
DEBUG (15/09/2026 09:14:17): Finished Request (Line: 465) [remote_connection.py]
DEBUG (15/09/2026 09:14:19): POST http://localhost:62331/session/f81b76abdd2c93f3ee341da095e31ca1/actions {'actions': [{'type': 'pointer', 'parameters': {'pointerType': 'mouse'}, 'id': 'mouse', 'actions': [{'type': 'pointerMove', 'duration': 250, 'x': 0, 'y': 0, 'origin': {'element-6066-11e4-a52e-4f735466cecf': 'f.4F43718FA93D6414267F90606F9738F8.d.4124141701B4037D5393CDA2E347394A.e.659'}}]}, {'type': 'key', 'id': 'key', 'actions': [{'type': 'pause', 'duration': 0}]}]} (Line: 403) [remote_connection.py]
DEBUG (15/09/2026 09:14:19): http://localhost:62331 "POST /session/f81b76abdd2c93f3ee341da095e31ca1/actions HTTP/1.1" 200 0 (Line: 544) [connectionpool.py]
DEBUG (15/09/2026 09:14:19): Remote response: status=200 | data={"value":null} | headers=HTTPHeaderDict({'Content-Length': '14', 'Content-Type': 'application/json; charset=utf-8', 'cache-control': 'no-cache'}) (Line: 436) [remote_connection.py]
DEBUG (15/09/2026 09:14:19): Finished Request (Line: 465) [remote_connection.py]
DEBUG (15/09/2026 09:14:21): POST http://localhost:62331/session/f81b76abdd2c93f3ee341da095e31ca1/execute/sync {'script': 'arguments[0].click();', 'args': [{'element-6066-11e4-a52e-4f735466cecf': 'f.4F43718FA93D6414267F90606F9738F8.d.4124141701B4037D5393CDA2E347394A.e.659'}]} (Line: 403) [remote_connection.py]
DEBUG (15/09/2026 09:14:21): http://localhost:62331 "POST /session/f81b76abdd2c93f3ee341da095e31ca1/execute/sync HTTP/1.1" 200 0 (Line: 544) [connectionpool.py]
DEBUG (15/09/2026 09:14:21): Remote response: status=200 | data={"value":null} | headers=HTTPHeaderDict({'Content-Length': '14', 'Content-Type': 'application/json; charset=utf-8', 'cache-control': 'no-cache'}) (Line: 436) [remote_connection.py]
DEBUG (15/09/2026 09:14:21): Finished Request (Line: 465) [remote_connection.py]
DEBUG (15/09/2026 09:14:22): POST http://localhost:62331/session/f81b76abdd2c93f3ee341da095e31ca1/actions {'actions': [{'type': 'pointer', 'parameters': {'pointerType': 'mouse'}, 'id': 'mouse', 'actions': [{'type': 'pointerMove', 'duration': 250, 'x': 0, 'y': 0, 'origin': {'element-6066-11e4-a52e-4f735466cecf': 'f.4F43718FA93D6414267F90606F9738F8.d.4124141701B4037D5393CDA2E347394A.e.660'}}]}, {'type': 'key', 'id': 'key', 'actions': [{'type': 'pause', 'duration': 0}]}]} (Line: 403) [remote_connection.py]
DEBUG (15/09/2026 09:14:23): http://localhost:62331 "POST /session/f81b76abdd2c93f3ee341da095e31ca1/actions HTTP/1.1" 200 0 (Line: 544) [connectionpool.py]
DEBUG (15/09/2026 09:14:23): Remote response: status=200 | data={"value":null} | headers=HTTPHeaderDict({'Content-Length': '14', 'Content-Type': 'application/json; charset=utf-8', 'cache-control': 'no-cache'}) (Line: 436) [remote_connection.py]
DEBUG (15/09/2026 09:14:23): Finished Request (Line: 465) [remote_connection.py]
DEBUG (15/09/2026 09:14:24): POST http://localhost:62331/session/f81b76abdd2c93f3ee341da095e31ca1/execute/sync {'script': 'arguments[0].click();', 'args': [{'element-6066-11e4-a52e-4f735466cecf': 'f.4F43718FA93D6414267F90606F9738F8.d.4124141701B4037D5393CDA2E347394A.e.660'}]} (Line: 403) [remote_connection.py]
DEBUG (15/09/2026 09:14:24): http://localhost:62331 "POST /session/f81b76abdd2c93f3ee341da095e31ca1/execute/sync HTTP/1.1" 200 0 (Line: 544) [connectionpool.py]
DEBUG (15/09/2026 09:14:24): Remote response: status=200 | data={"value":null} | headers=HTTPHeaderDict({'Content-Length': '14', 'Content-Type': 'application/json; charset=utf-8', 'cache-control': 'no-cache'}) (Line: 436) [remote_connection.py]
DEBUG (15/09/2026 09:14:24): Finished Request (Line: 465) [remote_connection.py]
DEBUG (15/09/2026 09:14:26): POST http://localhost:62331/session/f81b76abdd2c93f3ee341da095e31ca1/actions {'actions': [{'type': 'pointer', 'parameters': {'pointerType': 'mouse'}, 'id': 'mouse', 'actions': [{'type': 'pointerMove', 'duration': 250, 'x': 0, 'y': 0, 'origin': {'element-6066-11e4-a52e-4f735466cecf': 'f.4F43718FA93D6414267F90606F9738F8.d.4124141701B4037D5393CDA2E347394A.e.661'}}]}, {'type': 'key', 'id': 'key', 'actions': [{'type': 'pause', 'duration': 0}]}]} (Line: 403) [remote_connection.py]
DEBUG (15/09/2026 09:14:26): http://localhost:62331 "POST /session/f81b76abdd2c93f3ee341da095e31ca1/actions HTTP/1.1" 200 0 (Line: 544) [connectionpool.py]
DEBUG (15/09/2026 09:14:26): Remote response: status=200 | data={"value":null} | headers=HTTPHeaderDict({'Content-Length': '14', 'Content-Type': 'application/json; charset=utf-8', 'cache-control': 'no-cache'}) (Line: 436) [remote_connection.py]
DEBUG (15/09/2026 09:14:26): Finished Request (Line: 465) [remote_connection.py]
DEBUG (15/09/2026 09:14:27): POST http://localhost:62331/session/f81b76abdd2c93f3ee341da095e31ca1/execute/sync {'script': 'arguments[0].click();', 'args': [{'element-6066-11e4-a52e-4f735466cecf': 'f.4F43718FA93D6414267F90606F9738F8.d.4124141701B4037D5393CDA2E347394A.e.661'}]} (Line: 403) [remote_connection.py]
DEBUG (15/09/2026 09:14:27): http://localhost:62331 "POST /session/f81b76abdd2c93f3ee341da095e31ca1/execute/sync HTTP/1.1" 200 0 (Line: 544) [connectionpool.py]
DEBUG (15/09/2026 09:14:27): Remote response: status=200 | data={"value":null} | headers=HTTPHeaderDict({'Content-Length': '14', 'Content-Type': 'application/json; charset=utf-8', 'cache-control': 'no-cache'}) (Line: 436) [remote_connection.py]
DEBUG (15/09/2026 09:14:27): Finished Request (Line: 465) [remote_connection.py]
DEBUG (15/09/2026 09:14:29): POST http://localhost:62331/session/f81b76abdd2c93f3ee341da095e31ca1/actions {'actions': [{'type': 'pointer', 'parameters': {'pointerType': 'mouse'}, 'id': 'mouse', 'actions': [{'type': 'pointerMove', 'duration': 250, 'x': 0, 'y': 0, 'origin': {'element-6066-11e4-a52e-4f735466cecf': 'f.4F43718FA93D6414267F90606F9738F8.d.4124141701B4037D5393CDA2E347394A.e.662'}}]}, {'type': 'key', 'id': 'key', 'actions': [{'type': 'pause', 'duration': 0}]}]} (Line: 403) [remote_connection.py]
DEBUG (15/09/2026 09:14:29): http://localhost:62331 "POST /session/f81b76abdd2c93f3ee341da095e31ca1/actions HTTP/1.1" 200 0 (Line: 544) [connectionpool.py]
DEBUG (15/09/2026 09:14:29): Remote response: status=200 | data={"value":null} | headers=HTTPHeaderDict({'Content-Length': '14', 'Content-Type': 'application/json; charset=utf-8', 'cache-control': 'no-cache'}) (Line: 436) [remote_connection.py]
DEBUG (15/09/2026 09:14:29): Finished Request (Line: 465) [remote_connection.py]
DEBUG (15/09/2026 09:14:30): POST http://localhost:62331/session/f81b76abdd2c93f3ee341da095e31ca1/execute/sync {'script': 'arguments[0].click();', 'args': [{'element-6066-11e4-a52e-4f735466cecf': 'f.4F43718FA93D6414267F90606F9738F8.d.4124141701B4037D5393CDA2E347394A.e.662'}]} (Line: 403) [remote_connection.py]
DEBUG (15/09/2026 09:14:30): http://localhost:62331 "POST /session/f81b76abdd2c93f3ee341da095e31ca1/execute/sync HTTP/1.1" 200 0 (Line: 544) [connectionpool.py]
DEBUG (15/09/2026 09:14:30): Remote response: status=200 | data={"value":null} | headers=HTTPHeaderDict({'Content-Length': '14', 'Content-Type': 'application/json; charset=utf-8', 'cache-control': 'no-cache'}) (Line: 436) [remote_connection.py]
DEBUG (15/09/2026 09:14:30): Finished Request (Line: 465) [remote_connection.py]
DEBUG (15/09/2026 09:14:32): POST http://localhost:62331/session/f81b76abdd2c93f3ee341da095e31ca1/actions {'actions': [{'type': 'pointer', 'parameters': {'pointerType': 'mouse'}, 'id': 'mouse', 'actions': [{'type': 'pointerMove', 'duration': 250, 'x': 0, 'y': 0, 'origin': {'element-6066-11e4-a52e-4f735466cecf': 'f.4F43718FA93D6414267F90606F9738F8.d.4124141701B4037D5393CDA2E347394A.e.663'}}]}, {'type': 'key', 'id': 'key', 'actions': [{'type': 'pause', 'duration': 0}]}]} (Line: 403) [remote_connection.py]
DEBUG (15/09/2026 09:14:32): http://localhost:62331 "POST /session/f81b76abdd2c93f3ee341da095e31ca1/actions HTTP/1.1" 200 0 (Line: 544) [connectionpool.py]
DEBUG (15/09/2026 09:14:32): Remote response: status=200 | data={"value":null} | headers=HTTPHeaderDict({'Content-Length': '14', 'Content-Type': 'application/json; charset=utf-8', 'cache-control': 'no-cache'}) (Line: 436) [remote_connection.py]
DEBUG (15/09/2026 09:14:32): Finished Request (Line: 465) [remote_connection.py]
DEBUG (15/09/2026 09:14:33): POST http://localhost:62331/session/f81b76abdd2c93f3ee341da095e31ca1/execute/sync {'script': 'arguments[0].click();', 'args': [{'element-6066-11e4-a52e-4f735466cecf': 'f.4F43718FA93D6414267F90606F9738F8.d.4124141701B4037D5393CDA2E347394A.e.663'}]} (Line: 403) [remote_connection.py]
DEBUG (15/09/2026 09:14:34): http://localhost:62331 "POST /session/f81b76abdd2c93f3ee341da095e31ca1/execute/sync HTTP/1.1" 200 0 (Line: 544) [connectionpool.py]
DEBUG (15/09/2026 09:14:34): Remote response: status=200 | data={"value":null} | headers=HTTPHeaderDict({'Content-Length': '14', 'Content-Type': 'application/json; charset=utf-8', 'cache-control': 'no-cache'}) (Line: 436) [remote_connection.py]
DEBUG (15/09/2026 09:14:34): Finished Request (Line: 465) [remote_connection.py]
DEBUG (15/09/2026 09:14:36): POST http://localhost:62331/session/f81b76abdd2c93f3ee341da095e31ca1/elements {'using': 'css selector', 'value': '.business-reviews-card-view__review'} (Line: 403) [remote_connection.py]
DEBUG (15/09/2026 09:14:36): http://localhost:62331 "POST /session/f81b76abdd2c93f3ee341da095e31ca1/elements HTTP/1.1" 200 0 (Line: 544) [connectionpool.py]
DEBUG (15/09/2026 09:14:36): Remote response: status=200 | data={"value":[{"element-6066-11e4-a52e-4f735466cecf":"f.4F43718FA93D6414267F90606F9738F8.d.4124141701B4037D5393CDA2E347394A.e.627"},{"element-6066-11e4-a52e-4f735466cecf":"f.4F43718FA93D6414267F90606F9738F8.d.4124141701B4037D5393CDA2E347394A.e.628"},{"element-6066-11e4-a52e-4f735466cecf":"f.4F43718FA93D6414267F90606F9738F8.d.4124141701B4037D5393CDA2E347394A.e.629"},{"element-6066-11e4-a52e-4f735466cecf":"f.4F43718FA93D6414267F90606F9738F8.d.4124141701B4037D5393CDA2E347394A.e.630"},{"element-6066-11e4-a52e-4f735466cecf":"f.4F43718FA93D6414267F90606F9738F8.d.4124141701B4037D5393CDA2E347394A.e.631"},{"element-6066-11e4-a52e-4f735466cecf":"f.4F43718FA93D6414267F90606F9738F8.d.4124141701B4037D5393CDA2E347394A.e.632"},{"element-6066-11e4-a52e-4f735466cecf":"f.4F43718FA93D6414267F90606F9738F8.d.4124141701B4037D5393CDA2E347394A.e.633"},{"element-6066-11e4-a52e-4f735466cecf":"f.4F43718FA93D6414267F90606F9738F8.d.4124141701B4037D5393CDA2E347394A.e.634"},{"element-6066-11e4-a52e-4f735466cecf":"f.4F43718FA93D6414267F90606F9738F8.d.4124141701B4037D5393CDA2E347394A.e.635"},{"element-6066-11e4-a52e-4f735466cecf":"f.4F43718FA93D6414267F90606F9738F8.d.4124141701B4037D5393CDA2E347394A.e.636"},{"element-6066-11e4-a52e-4f735466cecf":"f.4F43718FA93D6414267F90606F9738F8.d.4124141701B4037D5393CDA2E347394A.e.637"},{"element-6066-11e4-a52e-4f735466cecf":"f.4F43718FA93D6414267F90606F9738F8.d.4124141701B4037D5393CDA2E347394A.e.638"},{"element-6066-11e4-a52e-4f735466cecf":"f.4F43718FA93D6414267F90606F9738F8.d.4124141701B4037D5393CDA2E347394A.e.639"},{"element-6066-11e4-a52e-4f735466cecf":"f.4F43718FA93D6414267F90606F9738F8.d.4124141701B4037D5393CDA2E347394A.e.640"},{"element-6066-11e4-a52e-4f735466cecf":"f.4F43718FA93D6414267F90606F9738F8.d.4124141701B4037D5393CDA2E347394A.e.641"},{"element-6066-11e4-a52e-4f735466cecf":"f.4F43718FA93D6414267F90606F9738F8.d.4124141701B4037D5393CDA2E347394A.e.642"},{"element-6066-11e4-a52e-4f735466cecf":"f.4F43718FA93D6414267F90606F9738F8.d.4124141701B4037D5393CDA2E347394A.e.643"},{"element-6066-11e4-a52e-4f735466cecf":"f.4F43718FA93D6414267F90606F9738F8.d.4124141701B4037D5393CDA2E347394A.e.644"},{"element-6066-11e4-a52e-4f735466cecf":"f.4F43718FA93D6414267F90606F9738F8.d.4124141701B4037D5393CDA2E347394A.e.645"},{"element-6066-11e4-a52e-4f735466cecf":"f.4F43718FA93D6414267F90606F9738F8.d.4124141701B4037D5393CDA2E347394A.e.646"}]} | headers=HTTPHeaderDict({'Content-Length': '2371', 'Content-Type': 'application/json; charset=utf-8', 'cache-control': 'no-cache'}) (Line: 436) [remote_connection.py]
DEBUG (15/09/2026 09:14:36): Finished Request (Line: 465) [remote_connection.py]
DEBUG (15/09/2026 09:14:36): POST http://localhost:62331/session/f81b76abdd2c93f3ee341da095e31ca1/elements {'using': 'css selector', 'value': '.business-reviews-card-view__review'} (Line: 403) [remote_connection.py]
DEBUG (15/09/2026 09:14:36): http://localhost:62331 "POST /session/f81b76abdd2c93f3ee341da095e31ca1/elements HTTP/1.1" 200 0 (Line: 544) [connectionpool.py]
DEBUG (15/09/2026 09:14:36): Remote response: status=200 | data={"value":[{"element-6066-11e4-a52e-4f735466cecf":"f.4F43718FA93D6414267F90606F9738F8.d.4124141701B4037D5393CDA2E347394A.e.627"},{"element-6066-11e4-a52e-4f735466cecf":"f.4F43718FA93D6414267F90606F9738F8.d.4124141701B4037D5393CDA2E347394A.e.628"},{"element-6066-11e4-a52e-4f735466cecf":"f.4F43718FA93D6414267F90606F9738F8.d.4124141701B4037D5393CDA2E347394A.e.629"},{"element-6066-11e4-a52e-4f735466cecf":"f.4F43718FA93D6414267F90606F9738F8.d.4124141701B4037D5393CDA2E347394A.e.630"},{"element-6066-11e4-a52e-4f735466cecf":"f.4F43718FA93D6414267F90606F9738F8.d.4124141701B4037D5393CDA2E347394A.e.631"},{"element-6066-11e4-a52e-4f735466cecf":"f.4F43718FA93D6414267F90606F9738F8.d.4124141701B4037D5393CDA2E347394A.e.632"},{"element-6066-11e4-a52e-4f735466cecf":"f.4F43718FA93D6414267F90606F9738F8.d.4124141701B4037D5393CDA2E347394A.e.633"},{"element-6066-11e4-a52e-4f735466cecf":"f.4F43718FA93D6414267F90606F9738F8.d.4124141701B4037D5393CDA2E347394A.e.634"},{"element-6066-11e4-a52e-4f735466cecf":"f.4F43718FA93D6414267F90606F9738F8.d.4124141701B4037D5393CDA2E347394A.e.635"},{"element-6066-11e4-a52e-4f735466cecf":"f.4F43718FA93D6414267F90606F9738F8.d.4124141701B4037D5393CDA2E347394A.e.636"},{"element-6066-11e4-a52e-4f735466cecf":"f.4F43718FA93D6414267F90606F9738F8.d.4124141701B4037D5393CDA2E347394A.e.637"},{"element-6066-11e4-a52e-4f735466cecf":"f.4F43718FA93D6414267F90606F9738F8.d.4124141701B4037D5393CDA2E347394A.e.638"},{"element-6066-11e4-a52e-4f735466cecf":"f.4F43718FA93D6414267F90606F9738F8.d.4124141701B4037D5393CDA2E347394A.e.639"},{"element-6066-11e4-a52e-4f735466cecf":"f.4F43718FA93D6414267F90606F9738F8.d.4124141701B4037D5393CDA2E347394A.e.640"},{"element-6066-11e4-a52e-4f735466cecf":"f.4F43718FA93D6414267F90606F9738F8.d.4124141701B4037D5393CDA2E347394A.e.641"},{"element-6066-11e4-a52e-4f735466cecf":"f.4F43718FA93D6414267F90606F9738F8.d.4124141701B4037D5393CDA2E347394A.e.642"},{"element-6066-11e4-a52e-4f735466cecf":"f.4F43718FA93D6414267F90606F9738F8.d.4124141701B4037D5393CDA2E347394A.e.643"},{"element-6066-11e4-a52e-4f735466cecf":"f.4F43718FA93D6414267F90606F9738F8.d.4124141701B4037D5393CDA2E347394A.e.644"},{"element-6066-11e4-a52e-4f735466cecf":"f.4F43718FA93D6414267F90606F9738F8.d.4124141701B4037D5393CDA2E347394A.e.645"},{"element-6066-11e4-a52e-4f735466cecf":"f.4F43718FA93D6414267F90606F9738F8.d.4124141701B4037D5393CDA2E347394A.e.646"}]} | headers=HTTPHeaderDict({'Content-Length': '2371', 'Content-Type': 'application/json; charset=utf-8', 'cache-control': 'no-cache'}) (Line: 436) [remote_connection.py]
DEBUG (15/09/2026 09:14:36): Finished Request (Line: 465) [remote_connection.py]
DEBUG (15/09/2026 09:14:36): POST http://localhost:62331/session/f81b76abdd2c93f3ee341da095e31ca1/element/f.4F43718FA93D6414267F90606F9738F8.d.4124141701B4037D5393CDA2E347394A.e.627/element {'using': 'css selector', 'value': '.business-review-comment-expandable-view__expand'} (Line: 403) [remote_connection.py]
DEBUG (15/09/2026 09:14:36): http://localhost:62331 "POST /session/f81b76abdd2c93f3ee341da095e31ca1/element/f.4F43718FA93D6414267F90606F9738F8.d.4124141701B4037D5393CDA2E347394A.e.627/element HTTP/1.1" 200 0 (Line: 544) [connectionpool.py]
DEBUG (15/09/2026 09:14:36): Remote response: status=200 | data={"value":{"element-6066-11e4-a52e-4f735466cecf":"f.4F43718FA93D6414267F90606F9738F8.d.4124141701B4037D5393CDA2E347394A.e.648"}} | headers=HTTPHeaderDict({'Content-Length': '127', 'Content-Type': 'application/json; charset=utf-8', 'cache-control': 'no-cache'}) (Line: 436) [remote_connection.py]
DEBUG (15/09/2026 09:14:36): Finished Request (Line: 465) [remote_connection.py]
DEBUG (15/09/2026 09:14:36): POST http://localhost:62331/session/f81b76abdd2c93f3ee341da095e31ca1/element/f.4F43718FA93D6414267F90606F9738F8.d.4124141701B4037D5393CDA2E347394A.e.627/element {'using': 'css selector', 'value': '.business-review-view__author-name span'} (Line: 403) [remote_connection.py]
DEBUG (15/09/2026 09:14:36): http://localhost:62331 "POST /session/f81b76abdd2c93f3ee341da095e31ca1/element/f.4F43718FA93D6414267F90606F9738F8.d.4124141701B4037D5393CDA2E347394A.e.627/element HTTP/1.1" 200 0 (Line: 544) [connectionpool.py]
DEBUG (15/09/2026 09:14:36): Remote response: status=200 | data={"value":{"element-6066-11e4-a52e-4f735466cecf":"f.4F43718FA93D6414267F90606F9738F8.d.4124141701B4037D5393CDA2E347394A.e.674"}} | headers=HTTPHeaderDict({'Content-Length': '127', 'Content-Type': 'application/json; charset=utf-8', 'cache-control': 'no-cache'}) (Line: 436) [remote_connection.py]
DEBUG (15/09/2026 09:14:36): Finished Request (Line: 465) [remote_connection.py]
DEBUG (15/09/2026 09:14:36): POST http://localhost:62331/session/f81b76abdd2c93f3ee341da095e31ca1/element/f.4F43718FA93D6414267F90606F9738F8.d.4124141701B4037D5393CDA2E347394A.e.627/element {'using': 'css selector', 'value': '.business-review-view__author-name span'} (Line: 403) [remote_connection.py]
DEBUG (15/09/2026 09:14:36): http://localhost:62331 "POST /session/f81b76abdd2c93f3ee341da095e31ca1/element/f.4F43718FA93D6414267F90606F9738F8.d.4124141701B4037D5393CDA2E347394A.e.627/element HTTP/1.1" 200 0 (Line: 544) [connectionpool.py]
DEBUG (15/09/2026 09:14:36): Remote response: status=200 | data={"value":{"element-6066-11e4-a52e-4f735466cecf":"f.4F43718FA93D6414267F90606F9738F8.d.4124141701B4037D5393CDA2E347394A.e.674"}} | headers=HTTPHeaderDict({'Content-Length': '127', 'Content-Type': 'application/json; charset=utf-8', 'cache-control': 'no-cache'}) (Line: 436) [remote_connection.py]
DEBUG (15/09/2026 09:14:36): Finished Request (Line: 465) [remote_connection.py]
DEBUG (15/09/2026 09:14:36): POST http://localhost:62331/session/f81b76abdd2c93f3ee341da095e31ca1/execute/sync {'script': 'return arguments[0].textContent.trim();', 'args': [{'element-6066-11e4-a52e-4f735466cecf': 'f.4F43718FA93D6414267F90606F9738F8.d.4124141701B4037D5393CDA2E347394A.e.674'}]} (Line: 403) [remote_connection.py]
DEBUG (15/09/2026 09:14:36): http://localhost:62331 "POST /session/f81b76abdd2c93f3ee341da095e31ca1/execute/sync HTTP/1.1" 200 0 (Line: 544) [connectionpool.py]
DEBUG (15/09/2026 09:14:36): Remote response: status=200 | data={"value":"Дмитрий Петров"} | headers=HTTPHeaderDict({'Content-Length': '39', 'Content-Type': 'application/json; charset=utf-8', 'cache-control': 'no-cache'}) (Line: 436) [remote_connection.py]
DEBUG (15/09/2026 09:14:36): Finished Request (Line: 465) [remote_connection.py]
DEBUG (15/09/2026 09:14:36): POST http://localhost:62331/session/f81b76abdd2c93f3ee341da095e31ca1/element/f.4F43718FA93D6414267F90606F9738F8.d.4124141701B4037D5393CDA2E347394A.e.627/element {'using': 'css selector', 'value': '.business-review-view__date span'} (Line: 403) [remote_connection.py]
DEBUG (15/09/2026 09:14:36): http://localhost:62331 "POST /session/f81b76abdd2c93f3ee341da095e31ca1/element/f.4F43718FA93D6414267F90606F9738F8.d.4124141701B4037D5393CDA2E347394A.e.627/element HTTP/1.1" 200 0 (Line: 544) [connectionpool.py]
DEBUG (15/09/2026 09:14:36): Remote response: status=200 | data={"value":{"element-6066-11e4-a52e-4f735466cecf":"f.4F43718FA93D6414267F90606F9738F8.d.4124141701B4037D5393CDA2E347394A.e.675"}} | headers=HTTPHeaderDict({'Content-Length': '127', 'Content-Type': 'application/json; charset=utf-8', 'cache-control': 'no-cache'}) (Line: 436) [remote_connection.py]
DEBUG (15/09/2026 09:14:36): Finished Request (Line: 465) [remote_connection.py]
DEBUG (15/09/2026 09:14:36): POST http://localhost:62331/session/f81b76abdd2c93f3ee341da095e31ca1/element/f.4F43718FA93D6414267F90606F9738F8.d.4124141701B4037D5393CDA2E347394A.e.627/element {'using': 'css selector', 'value': '.business-review-view__date span'} (Line: 403) [remote_connection.py]
DEBUG (15/09/2026 09:14:36): http://localhost:62331 "POST /session/f81b76abdd2c93f3ee341da095e31ca1/element/f.4F43718FA93D6414267F90606F9738F8.d.4124141701B4037D5393CDA2E347394A.e.627/element HTTP/1.1" 200 0 (Line: 544) [connectionpool.py]
DEBUG (15/09/2026 09:14:36): Remote response: status=200 | data={"value":{"element-6066-11e4-a52e-4f735466cecf":"f.4F43718FA93D6414267F90606F9738F8.d.4124141701B4037D5393CDA2E347394A.e.675"}} | headers=HTTPHeaderDict({'Content-Length': '127', 'Content-Type': 'application/json; charset=utf-8', 'cache-control': 'no-cache'}) (Line: 436) [remote_connection.py]
DEBUG (15/09/2026 09:14:36): Finished Request (Line: 465) [remote_connection.py]
DEBUG (15/09/2026 09:14:36): POST http://localhost:62331/session/f81b76abdd2c93f3ee341da095e31ca1/execute/sync {'script': 'return arguments[0].textContent.trim();', 'args': [{'element-6066-11e4-a52e-4f735466cecf': 'f.4F43718FA93D6414267F90606F9738F8.d.4124141701B4037D5393CDA2E347394A.e.675'}]} (Line: 403) [remote_connection.py]
DEBUG (15/09/2026 09:14:36): http://localhost:62331 "POST /session/f81b76abdd2c93f3ee341da095e31ca1/execute/sync HTTP/1.1" 200 0 (Line: 544) [connectionpool.py]
DEBUG (15/09/2026 09:14:36): Remote response: status=200 | data={"value":"27 августа 2025"} | headers=HTTPHeaderDict({'Content-Length': '34', 'Content-Type': 'application/json; charset=utf-8', 'cache-control': 'no-cache'}) (Line: 436) [remote_connection.py]
DEBUG (15/09/2026 09:14:36): Finished Request (Line: 465) [remote_connection.py]
DEBUG (15/09/2026 09:14:36): POST http://localhost:62331/session/f81b76abdd2c93f3ee341da095e31ca1/element/f.4F43718FA93D6414267F90606F9738F8.d.4124141701B4037D5393CDA2E347394A.e.627/element {'using': 'css selector', 'value': '._full'} (Line: 403) [remote_connection.py]
DEBUG (15/09/2026 09:14:36): http://localhost:62331 "POST /session/f81b76abdd2c93f3ee341da095e31ca1/element/f.4F43718FA93D6414267F90606F9738F8.d.4124141701B4037D5393CDA2E347394A.e.627/element HTTP/1.1" 200 0 (Line: 544) [connectionpool.py]
DEBUG (15/09/2026 09:14:36): Remote response: status=200 | data={"value":{"element-6066-11e4-a52e-4f735466cecf":"f.4F43718FA93D6414267F90606F9738F8.d.4124141701B4037D5393CDA2E347394A.e.676"}} | headers=HTTPHeaderDict({'Content-Length': '127', 'Content-Type': 'application/json; charset=utf-8', 'cache-control': 'no-cache'}) (Line: 436) [remote_connection.py]
DEBUG (15/09/2026 09:14:36): Finished Request (Line: 465) [remote_connection.py]
DEBUG (15/09/2026 09:14:36): POST http://localhost:62331/session/f81b76abdd2c93f3ee341da095e31ca1/element/f.4F43718FA93D6414267F90606F9738F8.d.4124141701B4037D5393CDA2E347394A.e.627/elements {'using': 'css selector', 'value': '._full'} (Line: 403) [remote_connection.py]
DEBUG (15/09/2026 09:14:36): http://localhost:62331 "POST /session/f81b76abdd2c93f3ee341da095e31ca1/element/f.4F43718FA93D6414267F90606F9738F8.d.4124141701B4037D5393CDA2E347394A.e.627/elements HTTP/1.1" 200 0 (Line: 544) [connectionpool.py]
DEBUG (15/09/2026 09:14:36): Remote response: status=200 | data={"value":[{"element-6066-11e4-a52e-4f735466cecf":"f.4F43718FA93D6414267F90606F9738F8.d.4124141701B4037D5393CDA2E347394A.e.676"},{"element-6066-11e4-a52e-4f735466cecf":"f.4F43718FA93D6414267F90606F9738F8.d.4124141701B4037D5393CDA2E347394A.e.677"},{"element-6066-11e4-a52e-4f735466cecf":"f.4F43718FA93D6414267F90606F9738F8.d.4124141701B4037D5393CDA2E347394A.e.678"},{"element-6066-11e4-a52e-4f735466cecf":"f.4F43718FA93D6414267F90606F9738F8.d.4124141701B4037D5393CDA2E347394A.e.679"},{"element-6066-11e4-a52e-4f735466cecf":"f.4F43718FA93D6414267F90606F9738F8.d.4124141701B4037D5393CDA2E347394A.e.680"}]} | headers=HTTPHeaderDict({'Content-Length': '601', 'Content-Type': 'application/json; charset=utf-8', 'cache-control': 'no-cache'}) (Line: 436) [remote_connection.py]
DEBUG (15/09/2026 09:14:36): Finished Request (Line: 465) [remote_connection.py]
DEBUG (15/09/2026 09:14:36): POST http://localhost:62331/session/f81b76abdd2c93f3ee341da095e31ca1/element/f.4F43718FA93D6414267F90606F9738F8.d.4124141701B4037D5393CDA2E347394A.e.627/element {'using': 'css selector', 'value': '.spoiler-view__text-container'} (Line: 403) [remote_connection.py]
DEBUG (15/09/2026 09:14:36): http://localhost:62331 "POST /session/f81b76abdd2c93f3ee341da095e31ca1/element/f.4F43718FA93D6414267F90606F9738F8.d.4124141701B4037D5393CDA2E347394A.e.627/element HTTP/1.1" 200 0 (Line: 544) [connectionpool.py]
DEBUG (15/09/2026 09:14:36): Remote response: status=200 | data={"value":{"element-6066-11e4-a52e-4f735466cecf":"f.4F43718FA93D6414267F90606F9738F8.d.4124141701B4037D5393CDA2E347394A.e.681"}} | headers=HTTPHeaderDict({'Content-Length': '127', 'Content-Type': 'application/json; charset=utf-8', 'cache-control': 'no-cache'}) (Line: 436) [remote_connection.py]
DEBUG (15/09/2026 09:14:36): Finished Request (Line: 465) [remote_connection.py]
DEBUG (15/09/2026 09:14:36): POST http://localhost:62331/session/f81b76abdd2c93f3ee341da095e31ca1/element/f.4F43718FA93D6414267F90606F9738F8.d.4124141701B4037D5393CDA2E347394A.e.627/element {'using': 'css selector', 'value': '.spoiler-view__text-container'} (Line: 403) [remote_connection.py]
DEBUG (15/09/2026 09:14:36): http://localhost:62331 "POST /session/f81b76abdd2c93f3ee341da095e31ca1/element/f.4F43718FA93D6414267F90606F9738F8.d.4124141701B4037D5393CDA2E347394A.e.627/element HTTP/1.1" 200 0 (Line: 544) [connectionpool.py]
DEBUG (15/09/2026 09:14:36): Remote response: status=200 | data={"value":{"element-6066-11e4-a52e-4f735466cecf":"f.4F43718FA93D6414267F90606F9738F8.d.4124141701B4037D5393CDA2E347394A.e.681"}} | headers=HTTPHeaderDict({'Content-Length': '127', 'Content-Type': 'application/json; charset=utf-8', 'cache-control': 'no-cache'}) (Line: 436) [remote_connection.py]
DEBUG (15/09/2026 09:14:36): Finished Request (Line: 465) [remote_connection.py]
DEBUG (15/09/2026 09:14:36): POST http://localhost:62331/session/f81b76abdd2c93f3ee341da095e31ca1/execute/sync {'script': 'return arguments[0].textContent.trim();', 'args': [{'element-6066-11e4-a52e-4f735466cecf': 'f.4F43718FA93D6414267F90606F9738F8.d.4124141701B4037D5393CDA2E347394A.e.681'}]} (Line: 403) [remote_connection.py]
DEBUG (15/09/2026 09:14:36): http://localhost:62331 "POST /session/f81b76abdd2c93f3ee341da095e31ca1/execute/sync HTTP/1.1" 200 0 (Line: 544) [connectionpool.py]
DEBUG (15/09/2026 09:14:36): Remote response: status=200 | data={"value":"Спасибо за сотрудничество! Заключили выгодный договор по оптовым ценам и с быстрой доставкой. Большой ассортимент качественных аналогов, на каждый артикул был выбор из  3-4 позиций"} | headers=HTTPHeaderDict({'Content-Length': '341', 'Content-Type': 'application/json; charset=utf-8', 'cache-control': 'no-cache'}) (Line: 436) [remote_connection.py]
DEBUG (15/09/2026 09:14:36): Finished Request (Line: 465) [remote_connection.py]
DEBUG (15/09/2026 09:14:36): POST http://localhost:62331/session/f81b76abdd2c93f3ee341da095e31ca1/element/f.4F43718FA93D6414267F90606F9738F8.d.4124141701B4037D5393CDA2E347394A.e.627/element {'using': 'css selector', 'value': '.business-review-comment-content__date'} (Line: 403) [remote_connection.py]
DEBUG (15/09/2026 09:14:36): http://localhost:62331 "POST /session/f81b76abdd2c93f3ee341da095e31ca1/element/f.4F43718FA93D6414267F90606F9738F8.d.4124141701B4037D5393CDA2E347394A.e.627/element HTTP/1.1" 200 0 (Line: 544) [connectionpool.py]
DEBUG (15/09/2026 09:14:36): Remote response: status=200 | data={"value":{"element-6066-11e4-a52e-4f735466cecf":"f.4F43718FA93D6414267F90606F9738F8.d.4124141701B4037D5393CDA2E347394A.e.682"}} | headers=HTTPHeaderDict({'Content-Length': '127', 'Content-Type': 'application/json; charset=utf-8', 'cache-control': 'no-cache'}) (Line: 436) [remote_connection.py]
DEBUG (15/09/2026 09:14:36): Finished Request (Line: 465) [remote_connection.py]
DEBUG (15/09/2026 09:14:36): POST http://localhost:62331/session/f81b76abdd2c93f3ee341da095e31ca1/element/f.4F43718FA93D6414267F90606F9738F8.d.4124141701B4037D5393CDA2E347394A.e.627/element {'using': 'css selector', 'value': '.business-review-comment-content__date'} (Line: 403) [remote_connection.py]
DEBUG (15/09/2026 09:14:36): http://localhost:62331 "POST /session/f81b76abdd2c93f3ee341da095e31ca1/element/f.4F43718FA93D6414267F90606F9738F8.d.4124141701B4037D5393CDA2E347394A.e.627/element HTTP/1.1" 200 0 (Line: 544) [connectionpool.py]
DEBUG (15/09/2026 09:14:36): Remote response: status=200 | data={"value":{"element-6066-11e4-a52e-4f735466cecf":"f.4F43718FA93D6414267F90606F9738F8.d.4124141701B4037D5393CDA2E347394A.e.682"}} | headers=HTTPHeaderDict({'Content-Length': '127', 'Content-Type': 'application/json; charset=utf-8', 'cache-control': 'no-cache'}) (Line: 436) [remote_connection.py]
DEBUG (15/09/2026 09:14:36): Finished Request (Line: 465) [remote_connection.py]
DEBUG (15/09/2026 09:14:36): POST http://localhost:62331/session/f81b76abdd2c93f3ee341da095e31ca1/execute/sync {'script': 'return arguments[0].textContent.trim();', 'args': [{'element-6066-11e4-a52e-4f735466cecf': 'f.4F43718FA93D6414267F90606F9738F8.d.4124141701B4037D5393CDA2E347394A.e.682'}]} (Line: 403) [remote_connection.py]
DEBUG (15/09/2026 09:14:36): http://localhost:62331 "POST /session/f81b76abdd2c93f3ee341da095e31ca1/execute/sync HTTP/1.1" 200 0 (Line: 544) [connectionpool.py]
DEBUG (15/09/2026 09:14:36): Remote response: status=200 | data={"value":"29 августа 2025"} | headers=HTTPHeaderDict({'Content-Length': '34', 'Content-Type': 'application/json; charset=utf-8', 'cache-control': 'no-cache'}) (Line: 436) [remote_connection.py]
DEBUG (15/09/2026 09:14:36): Finished Request (Line: 465) [remote_connection.py]
DEBUG (15/09/2026 09:14:36): POST http://localhost:62331/session/f81b76abdd2c93f3ee341da095e31ca1/element/f.4F43718FA93D6414267F90606F9738F8.d.4124141701B4037D5393CDA2E347394A.e.627/element {'using': 'css selector', 'value': '.business-review-comment-content__bubble'} (Line: 403) [remote_connection.py]
DEBUG (15/09/2026 09:14:36): http://localhost:62331 "POST /session/f81b76abdd2c93f3ee341da095e31ca1/element/f.4F43718FA93D6414267F90606F9738F8.d.4124141701B4037D5393CDA2E347394A.e.627/element HTTP/1.1" 200 0 (Line: 544) [connectionpool.py]
DEBUG (15/09/2026 09:14:36): Remote response: status=200 | data={"value":{"element-6066-11e4-a52e-4f735466cecf":"f.4F43718FA93D6414267F90606F9738F8.d.4124141701B4037D5393CDA2E347394A.e.683"}} | headers=HTTPHeaderDict({'Content-Length': '127', 'Content-Type': 'application/json; charset=utf-8', 'cache-control': 'no-cache'}) (Line: 436) [remote_connection.py]
DEBUG (15/09/2026 09:14:36): Finished Request (Line: 465) [remote_connection.py]
DEBUG (15/09/2026 09:14:36): POST http://localhost:62331/session/f81b76abdd2c93f3ee341da095e31ca1/element/f.4F43718FA93D6414267F90606F9738F8.d.4124141701B4037D5393CDA2E347394A.e.627/element {'using': 'css selector', 'value': '.business-review-comment-content__bubble'} (Line: 403) [remote_connection.py]
DEBUG (15/09/2026 09:14:36): http://localhost:62331 "POST /session/f81b76abdd2c93f3ee341da095e31ca1/element/f.4F43718FA93D6414267F90606F9738F8.d.4124141701B4037D5393CDA2E347394A.e.627/element HTTP/1.1" 200 0 (Line: 544) [connectionpool.py]
DEBUG (15/09/2026 09:14:36): Remote response: status=200 | data={"value":{"element-6066-11e4-a52e-4f735466cecf":"f.4F43718FA93D6414267F90606F9738F8.d.4124141701B4037D5393CDA2E347394A.e.683"}} | headers=HTTPHeaderDict({'Content-Length': '127', 'Content-Type': 'application/json; charset=utf-8', 'cache-control': 'no-cache'}) (Line: 436) [remote_connection.py]
DEBUG (15/09/2026 09:14:36): Finished Request (Line: 465) [remote_connection.py]
DEBUG (15/09/2026 09:14:36): POST http://localhost:62331/session/f81b76abdd2c93f3ee341da095e31ca1/execute/sync {'script': 'return arguments[0].textContent.trim();', 'args': [{'element-6066-11e4-a52e-4f735466cecf': 'f.4F43718FA93D6414267F90606F9738F8.d.4124141701B4037D5393CDA2E347394A.e.683'}]} (Line: 403) [remote_connection.py]
DEBUG (15/09/2026 09:14:36): http://localhost:62331 "POST /session/f81b76abdd2c93f3ee341da095e31ca1/execute/sync HTTP/1.1" 200 0 (Line: 544) [connectionpool.py]
DEBUG (15/09/2026 09:14:36): Remote response: status=200 | data={"value":"Спасибо за ваш отзыв и доверие! Рады, что вы оценили наши оптовые условия, скорость доставки и широкий ассортимент. Будем рады продолжить сотрудничество!\nС уважением, коллектив ООО \"АвтоДизельПарт\"."} | headers=HTTPHeaderDict({'Content-Length': '376', 'Content-Type': 'application/json; charset=utf-8', 'cache-control': 'no-cache'}) (Line: 436) [remote_connection.py]
DEBUG (15/09/2026 09:14:36): Finished Request (Line: 465) [remote_connection.py]
DEBUG (15/09/2026 09:14:36): POST http://localhost:62331/session/f81b76abdd2c93f3ee341da095e31ca1/element/f.4F43718FA93D6414267F90606F9738F8.d.4124141701B4037D5393CDA2E347394A.e.628/element {'using': 'css selector', 'value': '.business-review-comment-expandable-view__expand'} (Line: 403) [remote_connection.py]
DEBUG (15/09/2026 09:14:36): http://localhost:62331 "POST /session/f81b76abdd2c93f3ee341da095e31ca1/element/f.4F43718FA93D6414267F90606F9738F8.d.4124141701B4037D5393CDA2E347394A.e.628/element HTTP/1.1" 200 0 (Line: 544) [connectionpool.py]
DEBUG (15/09/2026 09:14:36): Remote response: status=200 | data={"value":{"element-6066-11e4-a52e-4f735466cecf":"f.4F43718FA93D6414267F90606F9738F8.d.4124141701B4037D5393CDA2E347394A.e.649"}} | headers=HTTPHeaderDict({'Content-Length': '127', 'Content-Type': 'application/json; charset=utf-8', 'cache-control': 'no-cache'}) (Line: 436) [remote_connection.py]
DEBUG (15/09/2026 09:14:36): Finished Request (Line: 465) [remote_connection.py]
DEBUG (15/09/2026 09:14:36): POST http://localhost:62331/session/f81b76abdd2c93f3ee341da095e31ca1/element/f.4F43718FA93D6414267F90606F9738F8.d.4124141701B4037D5393CDA2E347394A.e.628/element {'using': 'css selector', 'value': '.business-review-view__author-name span'} (Line: 403) [remote_connection.py]
DEBUG (15/09/2026 09:14:36): http://localhost:62331 "POST /session/f81b76abdd2c93f3ee341da095e31ca1/element/f.4F43718FA93D6414267F90606F9738F8.d.4124141701B4037D5393CDA2E347394A.e.628/element HTTP/1.1" 200 0 (Line: 544) [connectionpool.py]
DEBUG (15/09/2026 09:14:36): Remote response: status=200 | data={"value":{"element-6066-11e4-a52e-4f735466cecf":"f.4F43718FA93D6414267F90606F9738F8.d.4124141701B4037D5393CDA2E347394A.e.684"}} | headers=HTTPHeaderDict({'Content-Length': '127', 'Content-Type': 'application/json; charset=utf-8', 'cache-control': 'no-cache'}) (Line: 436) [remote_connection.py]
DEBUG (15/09/2026 09:14:36): Finished Request (Line: 465) [remote_connection.py]
DEBUG (15/09/2026 09:14:36): POST http://localhost:62331/session/f81b76abdd2c93f3ee341da095e31ca1/element/f.4F43718FA93D6414267F90606F9738F8.d.4124141701B4037D5393CDA2E347394A.e.628/element {'using': 'css selector', 'value': '.business-review-view__author-name span'} (Line: 403) [remote_connection.py]
DEBUG (15/09/2026 09:14:36): http://localhost:62331 "POST /session/f81b76abdd2c93f3ee341da095e31ca1/element/f.4F43718FA93D6414267F90606F9738F8.d.4124141701B4037D5393CDA2E347394A.e.628/element HTTP/1.1" 200 0 (Line: 544) [connectionpool.py]
DEBUG (15/09/2026 09:14:36): Remote response: status=200 | data={"value":{"element-6066-11e4-a52e-4f735466cecf":"f.4F43718FA93D6414267F90606F9738F8.d.4124141701B4037D5393CDA2E347394A.e.684"}} | headers=HTTPHeaderDict({'Content-Length': '127', 'Content-Type': 'application/json; charset=utf-8', 'cache-control': 'no-cache'}) (Line: 436) [remote_connection.py]
DEBUG (15/09/2026 09:14:36): Finished Request (Line: 465) [remote_connection.py]
DEBUG (15/09/2026 09:14:36): POST http://localhost:62331/session/f81b76abdd2c93f3ee341da095e31ca1/execute/sync {'script': 'return arguments[0].textContent.trim();', 'args': [{'element-6066-11e4-a52e-4f735466cecf': 'f.4F43718FA93D6414267F90606F9738F8.d.4124141701B4037D5393CDA2E347394A.e.684'}]} (Line: 403) [remote_connection.py]
DEBUG (15/09/2026 09:14:36): http://localhost:62331 "POST /session/f81b76abdd2c93f3ee341da095e31ca1/execute/sync HTTP/1.1" 200 0 (Line: 544) [connectionpool.py]
DEBUG (15/09/2026 09:14:36): Remote response: status=200 | data={"value":"Михаил Сибиркин"} | headers=HTTPHeaderDict({'Content-Length': '41', 'Content-Type': 'application/json; charset=utf-8', 'cache-control': 'no-cache'}) (Line: 436) [remote_connection.py]
DEBUG (15/09/2026 09:14:36): Finished Request (Line: 465) [remote_connection.py]
DEBUG (15/09/2026 09:14:36): POST http://localhost:62331/session/f81b76abdd2c93f3ee341da095e31ca1/element/f.4F43718FA93D6414267F90606F9738F8.d.4124141701B4037D5393CDA2E347394A.e.628/element {'using': 'css selector', 'value': '.business-review-view__date span'} (Line: 403) [remote_connection.py]
DEBUG (15/09/2026 09:14:36): http://localhost:62331 "POST /session/f81b76abdd2c93f3ee341da095e31ca1/element/f.4F43718FA93D6414267F90606F9738F8.d.4124141701B4037D5393CDA2E347394A.e.628/element HTTP/1.1" 200 0 (Line: 544) [connectionpool.py]
DEBUG (15/09/2026 09:14:36): Remote response: status=200 | data={"value":{"element-6066-11e4-a52e-4f735466cecf":"f.4F43718FA93D6414267F90606F9738F8.d.4124141701B4037D5393CDA2E347394A.e.685"}} | headers=HTTPHeaderDict({'Content-Length': '127', 'Content-Type': 'application/json; charset=utf-8', 'cache-control': 'no-cache'}) (Line: 436) [remote_connection.py]
DEBUG (15/09/2026 09:14:36): Finished Request (Line: 465) [remote_connection.py]
DEBUG (15/09/2026 09:14:36): POST http://localhost:62331/session/f81b76abdd2c93f3ee341da095e31ca1/element/f.4F43718FA93D6414267F90606F9738F8.d.4124141701B4037D5393CDA2E347394A.e.628/element {'using': 'css selector', 'value': '.business-review-view__date span'} (Line: 403) [remote_connection.py]
DEBUG (15/09/2026 09:14:36): http://localhost:62331 "POST /session/f81b76abdd2c93f3ee341da095e31ca1/element/f.4F43718FA93D6414267F90606F9738F8.d.4124141701B4037D5393CDA2E347394A.e.628/element HTTP/1.1" 200 0 (Line: 544) [connectionpool.py]
DEBUG (15/09/2026 09:14:36): Remote response: status=200 | data={"value":{"element-6066-11e4-a52e-4f735466cecf":"f.4F43718FA93D6414267F90606F9738F8.d.4124141701B4037D5393CDA2E347394A.e.685"}} | headers=HTTPHeaderDict({'Content-Length': '127', 'Content-Type': 'application/json; charset=utf-8', 'cache-control': 'no-cache'}) (Line: 436) [remote_connection.py]
DEBUG (15/09/2026 09:14:36): Finished Request (Line: 465) [remote_connection.py]
DEBUG (15/09/2026 09:14:36): POST http://localhost:62331/session/f81b76abdd2c93f3ee341da095e31ca1/execute/sync {'script': 'return arguments[0].textContent.trim();', 'args': [{'element-6066-11e4-a52e-4f735466cecf': 'f.4F43718FA93D6414267F90606F9738F8.d.4124141701B4037D5393CDA2E347394A.e.685'}]} (Line: 403) [remote_connection.py]
DEBUG (15/09/2026 09:14:36): http://localhost:62331 "POST /session/f81b76abdd2c93f3ee341da095e31ca1/execute/sync HTTP/1.1" 200 0 (Line: 544) [connectionpool.py]
DEBUG (15/09/2026 09:14:36): Remote response: status=200 | data={"value":"3 июля 2025"} | headers=HTTPHeaderDict({'Content-Length': '27', 'Content-Type': 'application/json; charset=utf-8', 'cache-control': 'no-cache'}) (Line: 436) [remote_connection.py]
DEBUG (15/09/2026 09:14:36): Finished Request (Line: 465) [remote_connection.py]
DEBUG (15/09/2026 09:14:36): POST http://localhost:62331/session/f81b76abdd2c93f3ee341da095e31ca1/element/f.4F43718FA93D6414267F90606F9738F8.d.4124141701B4037D5393CDA2E347394A.e.628/element {'using': 'css selector', 'value': '._full'} (Line: 403) [remote_connection.py]
DEBUG (15/09/2026 09:14:36): http://localhost:62331 "POST /session/f81b76abdd2c93f3ee341da095e31ca1/element/f.4F43718FA93D6414267F90606F9738F8.d.4124141701B4037D5393CDA2E347394A.e.628/element HTTP/1.1" 200 0 (Line: 544) [connectionpool.py]
DEBUG (15/09/2026 09:14:36): Remote response: status=200 | data={"value":{"element-6066-11e4-a52e-4f735466cecf":"f.4F43718FA93D6414267F90606F9738F8.d.4124141701B4037D5393CDA2E347394A.e.686"}} | headers=HTTPHeaderDict({'Content-Length': '127', 'Content-Type': 'application/json; charset=utf-8', 'cache-control': 'no-cache'}) (Line: 436) [remote_connection.py]
DEBUG (15/09/2026 09:14:36): Finished Request (Line: 465) [remote_connection.py]
DEBUG (15/09/2026 09:14:36): POST http://localhost:62331/session/f81b76abdd2c93f3ee341da095e31ca1/element/f.4F43718FA93D6414267F90606F9738F8.d.4124141701B4037D5393CDA2E347394A.e.628/elements {'using': 'css selector', 'value': '._full'} (Line: 403) [remote_connection.py]
DEBUG (15/09/2026 09:14:36): http://localhost:62331 "POST /session/f81b76abdd2c93f3ee341da095e31ca1/element/f.4F43718FA93D6414267F90606F9738F8.d.4124141701B4037D5393CDA2E347394A.e.628/elements HTTP/1.1" 200 0 (Line: 544) [connectionpool.py]
DEBUG (15/09/2026 09:14:36): Remote response: status=200 | data={"value":[{"element-6066-11e4-a52e-4f735466cecf":"f.4F43718FA93D6414267F90606F9738F8.d.4124141701B4037D5393CDA2E347394A.e.686"},{"element-6066-11e4-a52e-4f735466cecf":"f.4F43718FA93D6414267F90606F9738F8.d.4124141701B4037D5393CDA2E347394A.e.687"},{"element-6066-11e4-a52e-4f735466cecf":"f.4F43718FA93D6414267F90606F9738F8.d.4124141701B4037D5393CDA2E347394A.e.688"},{"element-6066-11e4-a52e-4f735466cecf":"f.4F43718FA93D6414267F90606F9738F8.d.4124141701B4037D5393CDA2E347394A.e.689"},{"element-6066-11e4-a52e-4f735466cecf":"f.4F43718FA93D6414267F90606F9738F8.d.4124141701B4037D5393CDA2E347394A.e.690"}]} | headers=HTTPHeaderDict({'Content-Length': '601', 'Content-Type': 'application/json; charset=utf-8', 'cache-control': 'no-cache'}) (Line: 436) [remote_connection.py]
DEBUG (15/09/2026 09:14:36): Finished Request (Line: 465) [remote_connection.py]
DEBUG (15/09/2026 09:14:36): POST http://localhost:62331/session/f81b76abdd2c93f3ee341da095e31ca1/element/f.4F43718FA93D6414267F90606F9738F8.d.4124141701B4037D5393CDA2E347394A.e.628/element {'using': 'css selector', 'value': '.spoiler-view__text-container'} (Line: 403) [remote_connection.py]
DEBUG (15/09/2026 09:14:36): http://localhost:62331 "POST /session/f81b76abdd2c93f3ee341da095e31ca1/element/f.4F43718FA93D6414267F90606F9738F8.d.4124141701B4037D5393CDA2E347394A.e.628/element HTTP/1.1" 200 0 (Line: 544) [connectionpool.py]
DEBUG (15/09/2026 09:14:36): Remote response: status=200 | data={"value":{"element-6066-11e4-a52e-4f735466cecf":"f.4F43718FA93D6414267F90606F9738F8.d.4124141701B4037D5393CDA2E347394A.e.691"}} | headers=HTTPHeaderDict({'Content-Length': '127', 'Content-Type': 'application/json; charset=utf-8', 'cache-control': 'no-cache'}) (Line: 436) [remote_connection.py]
DEBUG (15/09/2026 09:14:36): Finished Request (Line: 465) [remote_connection.py]
DEBUG (15/09/2026 09:14:36): POST http://localhost:62331/session/f81b76abdd2c93f3ee341da095e31ca1/element/f.4F43718FA93D6414267F90606F9738F8.d.4124141701B4037D5393CDA2E347394A.e.628/element {'using': 'css selector', 'value': '.spoiler-view__text-container'} (Line: 403) [remote_connection.py]
DEBUG (15/09/2026 09:14:36): http://localhost:62331 "POST /session/f81b76abdd2c93f3ee341da095e31ca1/element/f.4F43718FA93D6414267F90606F9738F8.d.4124141701B4037D5393CDA2E347394A.e.628/element HTTP/1.1" 200 0 (Line: 544) [connectionpool.py]
DEBUG (15/09/2026 09:14:36): Remote response: status=200 | data={"value":{"element-6066-11e4-a52e-4f735466cecf":"f.4F43718FA93D6414267F90606F9738F8.d.4124141701B4037D5393CDA2E347394A.e.691"}} | headers=HTTPHeaderDict({'Content-Length': '127', 'Content-Type': 'application/json; charset=utf-8', 'cache-control': 'no-cache'}) (Line: 436) [remote_connection.py]
DEBUG (15/09/2026 09:14:36): Finished Request (Line: 465) [remote_connection.py]
DEBUG (15/09/2026 09:14:36): POST http://localhost:62331/session/f81b76abdd2c93f3ee341da095e31ca1/execute/sync {'script': 'return arguments[0].textContent.trim();', 'args': [{'element-6066-11e4-a52e-4f735466cecf': 'f.4F43718FA93D6414267F90606F9738F8.d.4124141701B4037D5393CDA2E347394A.e.691'}]} (Line: 403) [remote_connection.py]
DEBUG (15/09/2026 09:14:36): http://localhost:62331 "POST /session/f81b76abdd2c93f3ee341da095e31ca1/execute/sync HTTP/1.1" 200 0 (Line: 544) [connectionpool.py]
DEBUG (15/09/2026 09:14:36): Remote response: status=200 | data={"value":"Сотрудничеством довольны,  поставка прошла без задержек точно в срок без переплаты. Быстро заключили договор, подобрали артикулы."} | headers=HTTPHeaderDict({'Content-Length': '250', 'Content-Type': 'application/json; charset=utf-8', 'cache-control': 'no-cache'}) (Line: 436) [remote_connection.py]
DEBUG (15/09/2026 09:14:36): Finished Request (Line: 465) [remote_connection.py]
DEBUG (15/09/2026 09:14:36): POST http://localhost:62331/session/f81b76abdd2c93f3ee341da095e31ca1/element/f.4F43718FA93D6414267F90606F9738F8.d.4124141701B4037D5393CDA2E347394A.e.628/element {'using': 'css selector', 'value': '.business-review-comment-content__date'} (Line: 403) [remote_connection.py]
DEBUG (15/09/2026 09:14:36): http://localhost:62331 "POST /session/f81b76abdd2c93f3ee341da095e31ca1/element/f.4F43718FA93D6414267F90606F9738F8.d.4124141701B4037D5393CDA2E347394A.e.628/element HTTP/1.1" 200 0 (Line: 544) [connectionpool.py]
DEBUG (15/09/2026 09:14:36): Remote response: status=200 | data={"value":{"element-6066-11e4-a52e-4f735466cecf":"f.4F43718FA93D6414267F90606F9738F8.d.4124141701B4037D5393CDA2E347394A.e.692"}} | headers=HTTPHeaderDict({'Content-Length': '127', 'Content-Type': 'application/json; charset=utf-8', 'cache-control': 'no-cache'}) (Line: 436) [remote_connection.py]
DEBUG (15/09/2026 09:14:36): Finished Request (Line: 465) [remote_connection.py]
DEBUG (15/09/2026 09:14:36): POST http://localhost:62331/session/f81b76abdd2c93f3ee341da095e31ca1/element/f.4F43718FA93D6414267F90606F9738F8.d.4124141701B4037D5393CDA2E347394A.e.628/element {'using': 'css selector', 'value': '.business-review-comment-content__date'} (Line: 403) [remote_connection.py]
DEBUG (15/09/2026 09:14:36): http://localhost:62331 "POST /session/f81b76abdd2c93f3ee341da095e31ca1/element/f.4F43718FA93D6414267F90606F9738F8.d.4124141701B4037D5393CDA2E347394A.e.628/element HTTP/1.1" 200 0 (Line: 544) [connectionpool.py]
DEBUG (15/09/2026 09:14:36): Remote response: status=200 | data={"value":{"element-6066-11e4-a52e-4f735466cecf":"f.4F43718FA93D6414267F90606F9738F8.d.4124141701B4037D5393CDA2E347394A.e.692"}} | headers=HTTPHeaderDict({'Content-Length': '127', 'Content-Type': 'application/json; charset=utf-8', 'cache-control': 'no-cache'}) (Line: 436) [remote_connection.py]
DEBUG (15/09/2026 09:14:36): Finished Request (Line: 465) [remote_connection.py]
DEBUG (15/09/2026 09:14:36): POST http://localhost:62331/session/f81b76abdd2c93f3ee341da095e31ca1/execute/sync {'script': 'return arguments[0].textContent.trim();', 'args': [{'element-6066-11e4-a52e-4f735466cecf': 'f.4F43718FA93D6414267F90606F9738F8.d.4124141701B4037D5393CDA2E347394A.e.692'}]} (Line: 403) [remote_connection.py]
DEBUG (15/09/2026 09:14:36): http://localhost:62331 "POST /session/f81b76abdd2c93f3ee341da095e31ca1/execute/sync HTTP/1.1" 200 0 (Line: 544) [connectionpool.py]
DEBUG (15/09/2026 09:14:36): Remote response: status=200 | data={"value":"7 июля 2025"} | headers=HTTPHeaderDict({'Content-Length': '27', 'Content-Type': 'application/json; charset=utf-8', 'cache-control': 'no-cache'}) (Line: 436) [remote_connection.py]
DEBUG (15/09/2026 09:14:36): Finished Request (Line: 465) [remote_connection.py]
DEBUG (15/09/2026 09:14:36): POST http://localhost:62331/session/f81b76abdd2c93f3ee341da095e31ca1/element/f.4F43718FA93D6414267F90606F9738F8.d.4124141701B4037D5393CDA2E347394A.e.628/element {'using': 'css selector', 'value': '.business-review-comment-content__bubble'} (Line: 403) [remote_connection.py]
DEBUG (15/09/2026 09:14:36): http://localhost:62331 "POST /session/f81b76abdd2c93f3ee341da095e31ca1/element/f.4F43718FA93D6414267F90606F9738F8.d.4124141701B4037D5393CDA2E347394A.e.628/element HTTP/1.1" 200 0 (Line: 544) [connectionpool.py]
DEBUG (15/09/2026 09:14:36): Remote response: status=200 | data={"value":{"element-6066-11e4-a52e-4f735466cecf":"f.4F43718FA93D6414267F90606F9738F8.d.4124141701B4037D5393CDA2E347394A.e.693"}} | headers=HTTPHeaderDict({'Content-Length': '127', 'Content-Type': 'application/json; charset=utf-8', 'cache-control': 'no-cache'}) (Line: 436) [remote_connection.py]
DEBUG (15/09/2026 09:14:36): Finished Request (Line: 465) [remote_connection.py]
DEBUG (15/09/2026 09:14:36): POST http://localhost:62331/session/f81b76abdd2c93f3ee341da095e31ca1/element/f.4F43718FA93D6414267F90606F9738F8.d.4124141701B4037D5393CDA2E347394A.e.628/element {'using': 'css selector', 'value': '.business-review-comment-content__bubble'} (Line: 403) [remote_connection.py]
DEBUG (15/09/2026 09:14:36): http://localhost:62331 "POST /session/f81b76abdd2c93f3ee341da095e31ca1/element/f.4F43718FA93D6414267F90606F9738F8.d.4124141701B4037D5393CDA2E347394A.e.628/element HTTP/1.1" 200 0 (Line: 544) [connectionpool.py]
DEBUG (15/09/2026 09:14:36): Remote response: status=200 | data={"value":{"element-6066-11e4-a52e-4f735466cecf":"f.4F43718FA93D6414267F90606F9738F8.d.4124141701B4037D5393CDA2E347394A.e.693"}} | headers=HTTPHeaderDict({'Content-Length': '127', 'Content-Type': 'application/json; charset=utf-8', 'cache-control': 'no-cache'}) (Line: 436) [remote_connection.py]
DEBUG (15/09/2026 09:14:36): Finished Request (Line: 465) [remote_connection.py]
DEBUG (15/09/2026 09:14:36): POST http://localhost:62331/session/f81b76abdd2c93f3ee341da095e31ca1/execute/sync {'script': 'return arguments[0].textContent.trim();', 'args': [{'element-6066-11e4-a52e-4f735466cecf': 'f.4F43718FA93D6414267F90606F9738F8.d.4124141701B4037D5393CDA2E347394A.e.693'}]} (Line: 403) [remote_connection.py]
DEBUG (15/09/2026 09:14:36): http://localhost:62331 "POST /session/f81b76abdd2c93f3ee341da095e31ca1/execute/sync HTTP/1.1" 200 0 (Line: 544) [connectionpool.py]
DEBUG (15/09/2026 09:14:36): Remote response: status=200 | data={"value":"Спасибо за положительный отзыв! Мы рады, что сотрудничество прошло успешно и все было выполнено в срок без дополнительных затрат.\nС уважением, коллектив ООО \"АвтоДизельПарт\"."} | headers=HTTPHeaderDict({'Content-Length': '333', 'Content-Type': 'application/json; charset=utf-8', 'cache-control': 'no-cache'}) (Line: 436) [remote_connection.py]
DEBUG (15/09/2026 09:14:36): Finished Request (Line: 465) [remote_connection.py]
DEBUG (15/09/2026 09:14:36): POST http://localhost:62331/session/f81b76abdd2c93f3ee341da095e31ca1/element/f.4F43718FA93D6414267F90606F9738F8.d.4124141701B4037D5393CDA2E347394A.e.629/element {'using': 'css selector', 'value': '.business-review-comment-expandable-view__expand'} (Line: 403) [remote_connection.py]
DEBUG (15/09/2026 09:14:36): http://localhost:62331 "POST /session/f81b76abdd2c93f3ee341da095e31ca1/element/f.4F43718FA93D6414267F90606F9738F8.d.4124141701B4037D5393CDA2E347394A.e.629/element HTTP/1.1" 200 0 (Line: 544) [connectionpool.py]
DEBUG (15/09/2026 09:14:36): Remote response: status=200 | data={"value":{"element-6066-11e4-a52e-4f735466cecf":"f.4F43718FA93D6414267F90606F9738F8.d.4124141701B4037D5393CDA2E347394A.e.650"}} | headers=HTTPHeaderDict({'Content-Length': '127', 'Content-Type': 'application/json; charset=utf-8', 'cache-control': 'no-cache'}) (Line: 436) [remote_connection.py]
DEBUG (15/09/2026 09:14:36): Finished Request (Line: 465) [remote_connection.py]
DEBUG (15/09/2026 09:14:36): POST http://localhost:62331/session/f81b76abdd2c93f3ee341da095e31ca1/element/f.4F43718FA93D6414267F90606F9738F8.d.4124141701B4037D5393CDA2E347394A.e.629/element {'using': 'css selector', 'value': '.business-review-view__author-name span'} (Line: 403) [remote_connection.py]
DEBUG (15/09/2026 09:14:36): http://localhost:62331 "POST /session/f81b76abdd2c93f3ee341da095e31ca1/element/f.4F43718FA93D6414267F90606F9738F8.d.4124141701B4037D5393CDA2E347394A.e.629/element HTTP/1.1" 200 0 (Line: 544) [connectionpool.py]
DEBUG (15/09/2026 09:14:36): Remote response: status=200 | data={"value":{"element-6066-11e4-a52e-4f735466cecf":"f.4F43718FA93D6414267F90606F9738F8.d.4124141701B4037D5393CDA2E347394A.e.694"}} | headers=HTTPHeaderDict({'Content-Length': '127', 'Content-Type': 'application/json; charset=utf-8', 'cache-control': 'no-cache'}) (Line: 436) [remote_connection.py]
DEBUG (15/09/2026 09:14:36): Finished Request (Line: 465) [remote_connection.py]
DEBUG (15/09/2026 09:14:36): POST http://localhost:62331/session/f81b76abdd2c93f3ee341da095e31ca1/element/f.4F43718FA93D6414267F90606F9738F8.d.4124141701B4037D5393CDA2E347394A.e.629/element {'using': 'css selector', 'value': '.business-review-view__author-name span'} (Line: 403) [remote_connection.py]
DEBUG (15/09/2026 09:14:36): http://localhost:62331 "POST /session/f81b76abdd2c93f3ee341da095e31ca1/element/f.4F43718FA93D6414267F90606F9738F8.d.4124141701B4037D5393CDA2E347394A.e.629/element HTTP/1.1" 200 0 (Line: 544) [connectionpool.py]
DEBUG (15/09/2026 09:14:36): Remote response: status=200 | data={"value":{"element-6066-11e4-a52e-4f735466cecf":"f.4F43718FA93D6414267F90606F9738F8.d.4124141701B4037D5393CDA2E347394A.e.694"}} | headers=HTTPHeaderDict({'Content-Length': '127', 'Content-Type': 'application/json; charset=utf-8', 'cache-control': 'no-cache'}) (Line: 436) [remote_connection.py]
DEBUG (15/09/2026 09:14:36): Finished Request (Line: 465) [remote_connection.py]
DEBUG (15/09/2026 09:14:36): POST http://localhost:62331/session/f81b76abdd2c93f3ee341da095e31ca1/execute/sync {'script': 'return arguments[0].textContent.trim();', 'args': [{'element-6066-11e4-a52e-4f735466cecf': 'f.4F43718FA93D6414267F90606F9738F8.d.4124141701B4037D5393CDA2E347394A.e.694'}]} (Line: 403) [remote_connection.py]
DEBUG (15/09/2026 09:14:36): http://localhost:62331 "POST /session/f81b76abdd2c93f3ee341da095e31ca1/execute/sync HTTP/1.1" 200 0 (Line: 544) [connectionpool.py]
DEBUG (15/09/2026 09:14:36): Remote response: status=200 | data={"value":"Алексей"} | headers=HTTPHeaderDict({'Content-Length': '26', 'Content-Type': 'application/json; charset=utf-8', 'cache-control': 'no-cache'}) (Line: 436) [remote_connection.py]
DEBUG (15/09/2026 09:14:36): Finished Request (Line: 465) [remote_connection.py]
DEBUG (15/09/2026 09:14:36): POST http://localhost:62331/session/f81b76abdd2c93f3ee341da095e31ca1/element/f.4F43718FA93D6414267F90606F9738F8.d.4124141701B4037D5393CDA2E347394A.e.629/element {'using': 'css selector', 'value': '.business-review-view__date span'} (Line: 403) [remote_connection.py]
DEBUG (15/09/2026 09:14:36): http://localhost:62331 "POST /session/f81b76abdd2c93f3ee341da095e31ca1/element/f.4F43718FA93D6414267F90606F9738F8.d.4124141701B4037D5393CDA2E347394A.e.629/element HTTP/1.1" 200 0 (Line: 544) [connectionpool.py]
DEBUG (15/09/2026 09:14:36): Remote response: status=200 | data={"value":{"element-6066-11e4-a52e-4f735466cecf":"f.4F43718FA93D6414267F90606F9738F8.d.4124141701B4037D5393CDA2E347394A.e.695"}} | headers=HTTPHeaderDict({'Content-Length': '127', 'Content-Type': 'application/json; charset=utf-8', 'cache-control': 'no-cache'}) (Line: 436) [remote_connection.py]
DEBUG (15/09/2026 09:14:36): Finished Request (Line: 465) [remote_connection.py]
DEBUG (15/09/2026 09:14:36): POST http://localhost:62331/session/f81b76abdd2c93f3ee341da095e31ca1/element/f.4F43718FA93D6414267F90606F9738F8.d.4124141701B4037D5393CDA2E347394A.e.629/element {'using': 'css selector', 'value': '.business-review-view__date span'} (Line: 403) [remote_connection.py]
DEBUG (15/09/2026 09:14:36): http://localhost:62331 "POST /session/f81b76abdd2c93f3ee341da095e31ca1/element/f.4F43718FA93D6414267F90606F9738F8.d.4124141701B4037D5393CDA2E347394A.e.629/element HTTP/1.1" 200 0 (Line: 544) [connectionpool.py]
DEBUG (15/09/2026 09:14:36): Remote response: status=200 | data={"value":{"element-6066-11e4-a52e-4f735466cecf":"f.4F43718FA93D6414267F90606F9738F8.d.4124141701B4037D5393CDA2E347394A.e.695"}} | headers=HTTPHeaderDict({'Content-Length': '127', 'Content-Type': 'application/json; charset=utf-8', 'cache-control': 'no-cache'}) (Line: 436) [remote_connection.py]
DEBUG (15/09/2026 09:14:36): Finished Request (Line: 465) [remote_connection.py]
DEBUG (15/09/2026 09:14:36): POST http://localhost:62331/session/f81b76abdd2c93f3ee341da095e31ca1/execute/sync {'script': 'return arguments[0].textContent.trim();', 'args': [{'element-6066-11e4-a52e-4f735466cecf': 'f.4F43718FA93D6414267F90606F9738F8.d.4124141701B4037D5393CDA2E347394A.e.695'}]} (Line: 403) [remote_connection.py]
DEBUG (15/09/2026 09:14:36): http://localhost:62331 "POST /session/f81b76abdd2c93f3ee341da095e31ca1/execute/sync HTTP/1.1" 200 0 (Line: 544) [connectionpool.py]
DEBUG (15/09/2026 09:14:36): Remote response: status=200 | data={"value":"6 ноября 2024"} | headers=HTTPHeaderDict({'Content-Length': '31', 'Content-Type': 'application/json; charset=utf-8', 'cache-control': 'no-cache'}) (Line: 436) [remote_connection.py]
DEBUG (15/09/2026 09:14:36): Finished Request (Line: 465) [remote_connection.py]
DEBUG (15/09/2026 09:14:36): POST http://localhost:62331/session/f81b76abdd2c93f3ee341da095e31ca1/element/f.4F43718FA93D6414267F90606F9738F8.d.4124141701B4037D5393CDA2E347394A.e.629/element {'using': 'css selector', 'value': '._full'} (Line: 403) [remote_connection.py]
DEBUG (15/09/2026 09:14:36): http://localhost:62331 "POST /session/f81b76abdd2c93f3ee341da095e31ca1/element/f.4F43718FA93D6414267F90606F9738F8.d.4124141701B4037D5393CDA2E347394A.e.629/element HTTP/1.1" 200 0 (Line: 544) [connectionpool.py]
DEBUG (15/09/2026 09:14:36): Remote response: status=200 | data={"value":{"element-6066-11e4-a52e-4f735466cecf":"f.4F43718FA93D6414267F90606F9738F8.d.4124141701B4037D5393CDA2E347394A.e.696"}} | headers=HTTPHeaderDict({'Content-Length': '127', 'Content-Type': 'application/json; charset=utf-8', 'cache-control': 'no-cache'}) (Line: 436) [remote_connection.py]
DEBUG (15/09/2026 09:14:36): Finished Request (Line: 465) [remote_connection.py]
DEBUG (15/09/2026 09:14:36): POST http://localhost:62331/session/f81b76abdd2c93f3ee341da095e31ca1/element/f.4F43718FA93D6414267F90606F9738F8.d.4124141701B4037D5393CDA2E347394A.e.629/elements {'using': 'css selector', 'value': '._full'} (Line: 403) [remote_connection.py]
DEBUG (15/09/2026 09:14:36): http://localhost:62331 "POST /session/f81b76abdd2c93f3ee341da095e31ca1/element/f.4F43718FA93D6414267F90606F9738F8.d.4124141701B4037D5393CDA2E347394A.e.629/elements HTTP/1.1" 200 0 (Line: 544) [connectionpool.py]
DEBUG (15/09/2026 09:14:36): Remote response: status=200 | data={"value":[{"element-6066-11e4-a52e-4f735466cecf":"f.4F43718FA93D6414267F90606F9738F8.d.4124141701B4037D5393CDA2E347394A.e.696"},{"element-6066-11e4-a52e-4f735466cecf":"f.4F43718FA93D6414267F90606F9738F8.d.4124141701B4037D5393CDA2E347394A.e.697"},{"element-6066-11e4-a52e-4f735466cecf":"f.4F43718FA93D6414267F90606F9738F8.d.4124141701B4037D5393CDA2E347394A.e.698"},{"element-6066-11e4-a52e-4f735466cecf":"f.4F43718FA93D6414267F90606F9738F8.d.4124141701B4037D5393CDA2E347394A.e.699"},{"element-6066-11e4-a52e-4f735466cecf":"f.4F43718FA93D6414267F90606F9738F8.d.4124141701B4037D5393CDA2E347394A.e.700"}]} | headers=HTTPHeaderDict({'Content-Length': '601', 'Content-Type': 'application/json; charset=utf-8', 'cache-control': 'no-cache'}) (Line: 436) [remote_connection.py]
DEBUG (15/09/2026 09:14:36): Finished Request (Line: 465) [remote_connection.py]
DEBUG (15/09/2026 09:14:36): POST http://localhost:62331/session/f81b76abdd2c93f3ee341da095e31ca1/element/f.4F43718FA93D6414267F90606F9738F8.d.4124141701B4037D5393CDA2E347394A.e.629/element {'using': 'css selector', 'value': '.spoiler-view__text-container'} (Line: 403) [remote_connection.py]
DEBUG (15/09/2026 09:14:36): http://localhost:62331 "POST /session/f81b76abdd2c93f3ee341da095e31ca1/element/f.4F43718FA93D6414267F90606F9738F8.d.4124141701B4037D5393CDA2E347394A.e.629/element HTTP/1.1" 200 0 (Line: 544) [connectionpool.py]
DEBUG (15/09/2026 09:14:36): Remote response: status=200 | data={"value":{"element-6066-11e4-a52e-4f735466cecf":"f.4F43718FA93D6414267F90606F9738F8.d.4124141701B4037D5393CDA2E347394A.e.701"}} | headers=HTTPHeaderDict({'Content-Length': '127', 'Content-Type': 'application/json; charset=utf-8', 'cache-control': 'no-cache'}) (Line: 436) [remote_connection.py]
DEBUG (15/09/2026 09:14:36): Finished Request (Line: 465) [remote_connection.py]
DEBUG (15/09/2026 09:14:36): POST http://localhost:62331/session/f81b76abdd2c93f3ee341da095e31ca1/element/f.4F43718FA93D6414267F90606F9738F8.d.4124141701B4037D5393CDA2E347394A.e.629/element {'using': 'css selector', 'value': '.spoiler-view__text-container'} (Line: 403) [remote_connection.py]
DEBUG (15/09/2026 09:14:36): http://localhost:62331 "POST /session/f81b76abdd2c93f3ee341da095e31ca1/element/f.4F43718FA93D6414267F90606F9738F8.d.4124141701B4037D5393CDA2E347394A.e.629/element HTTP/1.1" 200 0 (Line: 544) [connectionpool.py]
DEBUG (15/09/2026 09:14:36): Remote response: status=200 | data={"value":{"element-6066-11e4-a52e-4f735466cecf":"f.4F43718FA93D6414267F90606F9738F8.d.4124141701B4037D5393CDA2E347394A.e.701"}} | headers=HTTPHeaderDict({'Content-Length': '127', 'Content-Type': 'application/json; charset=utf-8', 'cache-control': 'no-cache'}) (Line: 436) [remote_connection.py]
DEBUG (15/09/2026 09:14:36): Finished Request (Line: 465) [remote_connection.py]
DEBUG (15/09/2026 09:14:36): POST http://localhost:62331/session/f81b76abdd2c93f3ee341da095e31ca1/execute/sync {'script': 'return arguments[0].textContent.trim();', 'args': [{'element-6066-11e4-a52e-4f735466cecf': 'f.4F43718FA93D6414267F90606F9738F8.d.4124141701B4037D5393CDA2E347394A.e.701'}]} (Line: 403) [remote_connection.py]
DEBUG (15/09/2026 09:14:36): http://localhost:62331 "POST /session/f81b76abdd2c93f3ee341da095e31ca1/execute/sync HTTP/1.1" 200 0 (Line: 544) [connectionpool.py]
DEBUG (15/09/2026 09:14:36): Remote response: status=200 | data={"value":"Обслуживание отличное! Консультанты были не только вежливыми, но и хорошо осведомленными. Они с легкостью ответили на все мои вопросы и помогли в выборе запчастей, что существенно упростило весь процесс. что приятно удивило. Я ожидал, что придётся подождать несколько дней…"} | headers=HTTPHeaderDict({'Content-Length': '514', 'Content-Type': 'application/json; charset=utf-8', 'cache-control': 'no-cache'}) (Line: 436) [remote_connection.py]
DEBUG (15/09/2026 09:14:36): Finished Request (Line: 465) [remote_connection.py]
DEBUG (15/09/2026 09:14:36): POST http://localhost:62331/session/f81b76abdd2c93f3ee341da095e31ca1/element/f.4F43718FA93D6414267F90606F9738F8.d.4124141701B4037D5393CDA2E347394A.e.629/element {'using': 'css selector', 'value': '.business-review-comment-content__date'} (Line: 403) [remote_connection.py]
DEBUG (15/09/2026 09:14:36): http://localhost:62331 "POST /session/f81b76abdd2c93f3ee341da095e31ca1/element/f.4F43718FA93D6414267F90606F9738F8.d.4124141701B4037D5393CDA2E347394A.e.629/element HTTP/1.1" 200 0 (Line: 544) [connectionpool.py]
DEBUG (15/09/2026 09:14:36): Remote response: status=200 | data={"value":{"element-6066-11e4-a52e-4f735466cecf":"f.4F43718FA93D6414267F90606F9738F8.d.4124141701B4037D5393CDA2E347394A.e.702"}} | headers=HTTPHeaderDict({'Content-Length': '127', 'Content-Type': 'application/json; charset=utf-8', 'cache-control': 'no-cache'}) (Line: 436) [remote_connection.py]
DEBUG (15/09/2026 09:14:36): Finished Request (Line: 465) [remote_connection.py]
DEBUG (15/09/2026 09:14:36): POST http://localhost:62331/session/f81b76abdd2c93f3ee341da095e31ca1/element/f.4F43718FA93D6414267F90606F9738F8.d.4124141701B4037D5393CDA2E347394A.e.629/element {'using': 'css selector', 'value': '.business-review-comment-content__date'} (Line: 403) [remote_connection.py]
DEBUG (15/09/2026 09:14:36): http://localhost:62331 "POST /session/f81b76abdd2c93f3ee341da095e31ca1/element/f.4F43718FA93D6414267F90606F9738F8.d.4124141701B4037D5393CDA2E347394A.e.629/element HTTP/1.1" 200 0 (Line: 544) [connectionpool.py]
DEBUG (15/09/2026 09:14:36): Remote response: status=200 | data={"value":{"element-6066-11e4-a52e-4f735466cecf":"f.4F43718FA93D6414267F90606F9738F8.d.4124141701B4037D5393CDA2E347394A.e.702"}} | headers=HTTPHeaderDict({'Content-Length': '127', 'Content-Type': 'application/json; charset=utf-8', 'cache-control': 'no-cache'}) (Line: 436) [remote_connection.py]
DEBUG (15/09/2026 09:14:36): Finished Request (Line: 465) [remote_connection.py]
DEBUG (15/09/2026 09:14:36): POST http://localhost:62331/session/f81b76abdd2c93f3ee341da095e31ca1/execute/sync {'script': 'return arguments[0].textContent.trim();', 'args': [{'element-6066-11e4-a52e-4f735466cecf': 'f.4F43718FA93D6414267F90606F9738F8.d.4124141701B4037D5393CDA2E347394A.e.702'}]} (Line: 403) [remote_connection.py]
DEBUG (15/09/2026 09:14:36): http://localhost:62331 "POST /session/f81b76abdd2c93f3ee341da095e31ca1/execute/sync HTTP/1.1" 200 0 (Line: 544) [connectionpool.py]
DEBUG (15/09/2026 09:14:36): Remote response: status=200 | data={"value":"13 ноября 2024"} | headers=HTTPHeaderDict({'Content-Length': '32', 'Content-Type': 'application/json; charset=utf-8', 'cache-control': 'no-cache'}) (Line: 436) [remote_connection.py]
DEBUG (15/09/2026 09:14:36): Finished Request (Line: 465) [remote_connection.py]
DEBUG (15/09/2026 09:14:36): POST http://localhost:62331/session/f81b76abdd2c93f3ee341da095e31ca1/element/f.4F43718FA93D6414267F90606F9738F8.d.4124141701B4037D5393CDA2E347394A.e.629/element {'using': 'css selector', 'value': '.business-review-comment-content__bubble'} (Line: 403) [remote_connection.py]
DEBUG (15/09/2026 09:14:36): http://localhost:62331 "POST /session/f81b76abdd2c93f3ee341da095e31ca1/element/f.4F43718FA93D6414267F90606F9738F8.d.4124141701B4037D5393CDA2E347394A.e.629/element HTTP/1.1" 200 0 (Line: 544) [connectionpool.py]
DEBUG (15/09/2026 09:14:36): Remote response: status=200 | data={"value":{"element-6066-11e4-a52e-4f735466cecf":"f.4F43718FA93D6414267F90606F9738F8.d.4124141701B4037D5393CDA2E347394A.e.703"}} | headers=HTTPHeaderDict({'Content-Length': '127', 'Content-Type': 'application/json; charset=utf-8', 'cache-control': 'no-cache'}) (Line: 436) [remote_connection.py]
DEBUG (15/09/2026 09:14:36): Finished Request (Line: 465) [remote_connection.py]
DEBUG (15/09/2026 09:14:36): POST http://localhost:62331/session/f81b76abdd2c93f3ee341da095e31ca1/element/f.4F43718FA93D6414267F90606F9738F8.d.4124141701B4037D5393CDA2E347394A.e.629/element {'using': 'css selector', 'value': '.business-review-comment-content__bubble'} (Line: 403) [remote_connection.py]
DEBUG (15/09/2026 09:14:36): http://localhost:62331 "POST /session/f81b76abdd2c93f3ee341da095e31ca1/element/f.4F43718FA93D6414267F90606F9738F8.d.4124141701B4037D5393CDA2E347394A.e.629/element HTTP/1.1" 200 0 (Line: 544) [connectionpool.py]
DEBUG (15/09/2026 09:14:36): Remote response: status=200 | data={"value":{"element-6066-11e4-a52e-4f735466cecf":"f.4F43718FA93D6414267F90606F9738F8.d.4124141701B4037D5393CDA2E347394A.e.703"}} | headers=HTTPHeaderDict({'Content-Length': '127', 'Content-Type': 'application/json; charset=utf-8', 'cache-control': 'no-cache'}) (Line: 436) [remote_connection.py]
DEBUG (15/09/2026 09:14:36): Finished Request (Line: 465) [remote_connection.py]
DEBUG (15/09/2026 09:14:36): POST http://localhost:62331/session/f81b76abdd2c93f3ee341da095e31ca1/execute/sync {'script': 'return arguments[0].textContent.trim();', 'args': [{'element-6066-11e4-a52e-4f735466cecf': 'f.4F43718FA93D6414267F90606F9738F8.d.4124141701B4037D5393CDA2E347394A.e.703'}]} (Line: 403) [remote_connection.py]
DEBUG (15/09/2026 09:14:36): http://localhost:62331 "POST /session/f81b76abdd2c93f3ee341da095e31ca1/execute/sync HTTP/1.1" 200 0 (Line: 544) [connectionpool.py]
DEBUG (15/09/2026 09:14:36): Remote response: status=200 | data={"value":"Благодарим вас за отзыв! Мы рады, что смогли помочь вам с выбором и быстро доставить заказ. Мы всегда стараемся обеспечить высокий уровень сервиса для наших клиентов. Будем рады видеть вас снова и помочь вам с новыми покупками. Спасибо за рекомендацию!\nС уважением, коллектив ООО \"АвтоДизельПарт\"."} | headers=HTTPHeaderDict({'Content-Length': '555', 'Content-Type': 'application/json; charset=utf-8', 'cache-control': 'no-cache'}) (Line: 436) [remote_connection.py]
DEBUG (15/09/2026 09:14:36): Finished Request (Line: 465) [remote_connection.py]
DEBUG (15/09/2026 09:14:37): POST http://localhost:62331/session/f81b76abdd2c93f3ee341da095e31ca1/element/f.4F43718FA93D6414267F90606F9738F8.d.4124141701B4037D5393CDA2E347394A.e.630/element {'using': 'css selector', 'value': '.business-review-comment-expandable-view__expand'} (Line: 403) [remote_connection.py]
DEBUG (15/09/2026 09:14:37): http://localhost:62331 "POST /session/f81b76abdd2c93f3ee341da095e31ca1/element/f.4F43718FA93D6414267F90606F9738F8.d.4124141701B4037D5393CDA2E347394A.e.630/element HTTP/1.1" 200 0 (Line: 544) [connectionpool.py]
DEBUG (15/09/2026 09:14:37): Remote response: status=200 | data={"value":{"element-6066-11e4-a52e-4f735466cecf":"f.4F43718FA93D6414267F90606F9738F8.d.4124141701B4037D5393CDA2E347394A.e.651"}} | headers=HTTPHeaderDict({'Content-Length': '127', 'Content-Type': 'application/json; charset=utf-8', 'cache-control': 'no-cache'}) (Line: 436) [remote_connection.py]
DEBUG (15/09/2026 09:14:37): Finished Request (Line: 465) [remote_connection.py]
DEBUG (15/09/2026 09:14:37): POST http://localhost:62331/session/f81b76abdd2c93f3ee341da095e31ca1/element/f.4F43718FA93D6414267F90606F9738F8.d.4124141701B4037D5393CDA2E347394A.e.630/element {'using': 'css selector', 'value': '.business-review-view__author-name span'} (Line: 403) [remote_connection.py]
DEBUG (15/09/2026 09:14:37): http://localhost:62331 "POST /session/f81b76abdd2c93f3ee341da095e31ca1/element/f.4F43718FA93D6414267F90606F9738F8.d.4124141701B4037D5393CDA2E347394A.e.630/element HTTP/1.1" 200 0 (Line: 544) [connectionpool.py]
DEBUG (15/09/2026 09:14:37): Remote response: status=200 | data={"value":{"element-6066-11e4-a52e-4f735466cecf":"f.4F43718FA93D6414267F90606F9738F8.d.4124141701B4037D5393CDA2E347394A.e.704"}} | headers=HTTPHeaderDict({'Content-Length': '127', 'Content-Type': 'application/json; charset=utf-8', 'cache-control': 'no-cache'}) (Line: 436) [remote_connection.py]
DEBUG (15/09/2026 09:14:37): Finished Request (Line: 465) [remote_connection.py]
DEBUG (15/09/2026 09:14:37): POST http://localhost:62331/session/f81b76abdd2c93f3ee341da095e31ca1/element/f.4F43718FA93D6414267F90606F9738F8.d.4124141701B4037D5393CDA2E347394A.e.630/element {'using': 'css selector', 'value': '.business-review-view__author-name span'} (Line: 403) [remote_connection.py]
DEBUG (15/09/2026 09:14:37): http://localhost:62331 "POST /session/f81b76abdd2c93f3ee341da095e31ca1/element/f.4F43718FA93D6414267F90606F9738F8.d.4124141701B4037D5393CDA2E347394A.e.630/element HTTP/1.1" 200 0 (Line: 544) [connectionpool.py]
DEBUG (15/09/2026 09:14:37): Remote response: status=200 | data={"value":{"element-6066-11e4-a52e-4f735466cecf":"f.4F43718FA93D6414267F90606F9738F8.d.4124141701B4037D5393CDA2E347394A.e.704"}} | headers=HTTPHeaderDict({'Content-Length': '127', 'Content-Type': 'application/json; charset=utf-8', 'cache-control': 'no-cache'}) (Line: 436) [remote_connection.py]
DEBUG (15/09/2026 09:14:37): Finished Request (Line: 465) [remote_connection.py]
DEBUG (15/09/2026 09:14:37): POST http://localhost:62331/session/f81b76abdd2c93f3ee341da095e31ca1/execute/sync {'script': 'return arguments[0].textContent.trim();', 'args': [{'element-6066-11e4-a52e-4f735466cecf': 'f.4F43718FA93D6414267F90606F9738F8.d.4124141701B4037D5393CDA2E347394A.e.704'}]} (Line: 403) [remote_connection.py]
DEBUG (15/09/2026 09:14:37): http://localhost:62331 "POST /session/f81b76abdd2c93f3ee341da095e31ca1/execute/sync HTTP/1.1" 200 0 (Line: 544) [connectionpool.py]
DEBUG (15/09/2026 09:14:37): Remote response: status=200 | data={"value":"Инкогнито 2281"} | headers=HTTPHeaderDict({'Content-Length': '35', 'Content-Type': 'application/json; charset=utf-8', 'cache-control': 'no-cache'}) (Line: 436) [remote_connection.py]
DEBUG (15/09/2026 09:14:37): Finished Request (Line: 465) [remote_connection.py]
DEBUG (15/09/2026 09:14:37): POST http://localhost:62331/session/f81b76abdd2c93f3ee341da095e31ca1/element/f.4F43718FA93D6414267F90606F9738F8.d.4124141701B4037D5393CDA2E347394A.e.630/element {'using': 'css selector', 'value': '.business-review-view__date span'} (Line: 403) [remote_connection.py]
DEBUG (15/09/2026 09:14:37): http://localhost:62331 "POST /session/f81b76abdd2c93f3ee341da095e31ca1/element/f.4F43718FA93D6414267F90606F9738F8.d.4124141701B4037D5393CDA2E347394A.e.630/element HTTP/1.1" 200 0 (Line: 544) [connectionpool.py]
DEBUG (15/09/2026 09:14:37): Remote response: status=200 | data={"value":{"element-6066-11e4-a52e-4f735466cecf":"f.4F43718FA93D6414267F90606F9738F8.d.4124141701B4037D5393CDA2E347394A.e.705"}} | headers=HTTPHeaderDict({'Content-Length': '127', 'Content-Type': 'application/json; charset=utf-8', 'cache-control': 'no-cache'}) (Line: 436) [remote_connection.py]
DEBUG (15/09/2026 09:14:37): Finished Request (Line: 465) [remote_connection.py]
DEBUG (15/09/2026 09:14:37): POST http://localhost:62331/session/f81b76abdd2c93f3ee341da095e31ca1/element/f.4F43718FA93D6414267F90606F9738F8.d.4124141701B4037D5393CDA2E347394A.e.630/element {'using': 'css selector', 'value': '.business-review-view__date span'} (Line: 403) [remote_connection.py]
DEBUG (15/09/2026 09:14:37): http://localhost:62331 "POST /session/f81b76abdd2c93f3ee341da095e31ca1/element/f.4F43718FA93D6414267F90606F9738F8.d.4124141701B4037D5393CDA2E347394A.e.630/element HTTP/1.1" 200 0 (Line: 544) [connectionpool.py]
DEBUG (15/09/2026 09:14:37): Remote response: status=200 | data={"value":{"element-6066-11e4-a52e-4f735466cecf":"f.4F43718FA93D6414267F90606F9738F8.d.4124141701B4037D5393CDA2E347394A.e.705"}} | headers=HTTPHeaderDict({'Content-Length': '127', 'Content-Type': 'application/json; charset=utf-8', 'cache-control': 'no-cache'}) (Line: 436) [remote_connection.py]
DEBUG (15/09/2026 09:14:37): Finished Request (Line: 465) [remote_connection.py]
DEBUG (15/09/2026 09:14:37): POST http://localhost:62331/session/f81b76abdd2c93f3ee341da095e31ca1/execute/sync {'script': 'return arguments[0].textContent.trim();', 'args': [{'element-6066-11e4-a52e-4f735466cecf': 'f.4F43718FA93D6414267F90606F9738F8.d.4124141701B4037D5393CDA2E347394A.e.705'}]} (Line: 403) [remote_connection.py]
DEBUG (15/09/2026 09:14:37): http://localhost:62331 "POST /session/f81b76abdd2c93f3ee341da095e31ca1/execute/sync HTTP/1.1" 200 0 (Line: 544) [connectionpool.py]
DEBUG (15/09/2026 09:14:37): Remote response: status=200 | data={"value":"6 ноября 2024"} | headers=HTTPHeaderDict({'Content-Length': '31', 'Content-Type': 'application/json; charset=utf-8', 'cache-control': 'no-cache'}) (Line: 436) [remote_connection.py]
DEBUG (15/09/2026 09:14:37): Finished Request (Line: 465) [remote_connection.py]
DEBUG (15/09/2026 09:14:37): POST http://localhost:62331/session/f81b76abdd2c93f3ee341da095e31ca1/element/f.4F43718FA93D6414267F90606F9738F8.d.4124141701B4037D5393CDA2E347394A.e.630/element {'using': 'css selector', 'value': '._full'} (Line: 403) [remote_connection.py]
DEBUG (15/09/2026 09:14:37): http://localhost:62331 "POST /session/f81b76abdd2c93f3ee341da095e31ca1/element/f.4F43718FA93D6414267F90606F9738F8.d.4124141701B4037D5393CDA2E347394A.e.630/element HTTP/1.1" 200 0 (Line: 544) [connectionpool.py]
DEBUG (15/09/2026 09:14:37): Remote response: status=200 | data={"value":{"element-6066-11e4-a52e-4f735466cecf":"f.4F43718FA93D6414267F90606F9738F8.d.4124141701B4037D5393CDA2E347394A.e.706"}} | headers=HTTPHeaderDict({'Content-Length': '127', 'Content-Type': 'application/json; charset=utf-8', 'cache-control': 'no-cache'}) (Line: 436) [remote_connection.py]
DEBUG (15/09/2026 09:14:37): Finished Request (Line: 465) [remote_connection.py]
DEBUG (15/09/2026 09:14:37): POST http://localhost:62331/session/f81b76abdd2c93f3ee341da095e31ca1/element/f.4F43718FA93D6414267F90606F9738F8.d.4124141701B4037D5393CDA2E347394A.e.630/elements {'using': 'css selector', 'value': '._full'} (Line: 403) [remote_connection.py]
DEBUG (15/09/2026 09:14:37): http://localhost:62331 "POST /session/f81b76abdd2c93f3ee341da095e31ca1/element/f.4F43718FA93D6414267F90606F9738F8.d.4124141701B4037D5393CDA2E347394A.e.630/elements HTTP/1.1" 200 0 (Line: 544) [connectionpool.py]
DEBUG (15/09/2026 09:14:37): Remote response: status=200 | data={"value":[{"element-6066-11e4-a52e-4f735466cecf":"f.4F43718FA93D6414267F90606F9738F8.d.4124141701B4037D5393CDA2E347394A.e.706"},{"element-6066-11e4-a52e-4f735466cecf":"f.4F43718FA93D6414267F90606F9738F8.d.4124141701B4037D5393CDA2E347394A.e.707"},{"element-6066-11e4-a52e-4f735466cecf":"f.4F43718FA93D6414267F90606F9738F8.d.4124141701B4037D5393CDA2E347394A.e.708"},{"element-6066-11e4-a52e-4f735466cecf":"f.4F43718FA93D6414267F90606F9738F8.d.4124141701B4037D5393CDA2E347394A.e.709"},{"element-6066-11e4-a52e-4f735466cecf":"f.4F43718FA93D6414267F90606F9738F8.d.4124141701B4037D5393CDA2E347394A.e.710"}]} | headers=HTTPHeaderDict({'Content-Length': '601', 'Content-Type': 'application/json; charset=utf-8', 'cache-control': 'no-cache'}) (Line: 436) [remote_connection.py]
DEBUG (15/09/2026 09:14:37): Finished Request (Line: 465) [remote_connection.py]
DEBUG (15/09/2026 09:14:37): POST http://localhost:62331/session/f81b76abdd2c93f3ee341da095e31ca1/element/f.4F43718FA93D6414267F90606F9738F8.d.4124141701B4037D5393CDA2E347394A.e.630/element {'using': 'css selector', 'value': '.spoiler-view__text-container'} (Line: 403) [remote_connection.py]
DEBUG (15/09/2026 09:14:37): http://localhost:62331 "POST /session/f81b76abdd2c93f3ee341da095e31ca1/element/f.4F43718FA93D6414267F90606F9738F8.d.4124141701B4037D5393CDA2E347394A.e.630/element HTTP/1.1" 200 0 (Line: 544) [connectionpool.py]
DEBUG (15/09/2026 09:14:37): Remote response: status=200 | data={"value":{"element-6066-11e4-a52e-4f735466cecf":"f.4F43718FA93D6414267F90606F9738F8.d.4124141701B4037D5393CDA2E347394A.e.711"}} | headers=HTTPHeaderDict({'Content-Length': '127', 'Content-Type': 'application/json; charset=utf-8', 'cache-control': 'no-cache'}) (Line: 436) [remote_connection.py]
DEBUG (15/09/2026 09:14:37): Finished Request (Line: 465) [remote_connection.py]
DEBUG (15/09/2026 09:14:37): POST http://localhost:62331/session/f81b76abdd2c93f3ee341da095e31ca1/element/f.4F43718FA93D6414267F90606F9738F8.d.4124141701B4037D5393CDA2E347394A.e.630/element {'using': 'css selector', 'value': '.spoiler-view__text-container'} (Line: 403) [remote_connection.py]
DEBUG (15/09/2026 09:14:37): http://localhost:62331 "POST /session/f81b76abdd2c93f3ee341da095e31ca1/element/f.4F43718FA93D6414267F90606F9738F8.d.4124141701B4037D5393CDA2E347394A.e.630/element HTTP/1.1" 200 0 (Line: 544) [connectionpool.py]
DEBUG (15/09/2026 09:14:37): Remote response: status=200 | data={"value":{"element-6066-11e4-a52e-4f735466cecf":"f.4F43718FA93D6414267F90606F9738F8.d.4124141701B4037D5393CDA2E347394A.e.711"}} | headers=HTTPHeaderDict({'Content-Length': '127', 'Content-Type': 'application/json; charset=utf-8', 'cache-control': 'no-cache'}) (Line: 436) [remote_connection.py]
DEBUG (15/09/2026 09:14:37): Finished Request (Line: 465) [remote_connection.py]
DEBUG (15/09/2026 09:14:37): POST http://localhost:62331/session/f81b76abdd2c93f3ee341da095e31ca1/execute/sync {'script': 'return arguments[0].textContent.trim();', 'args': [{'element-6066-11e4-a52e-4f735466cecf': 'f.4F43718FA93D6414267F90606F9738F8.d.4124141701B4037D5393CDA2E347394A.e.711'}]} (Line: 403) [remote_connection.py]
DEBUG (15/09/2026 09:14:37): http://localhost:62331 "POST /session/f81b76abdd2c93f3ee341da095e31ca1/execute/sync HTTP/1.1" 200 0 (Line: 544) [connectionpool.py]
DEBUG (15/09/2026 09:14:37): Remote response: status=200 | data={"value":"Отличная компания. Сотрудничаем с 2013года. Хорошие цены , большой ассортимет запасных частей, высококвалифицированный персонал.\nОднозначно рекомендуем."} | headers=HTTPHeaderDict({'Content-Length': '292', 'Content-Type': 'application/json; charset=utf-8', 'cache-control': 'no-cache'}) (Line: 436) [remote_connection.py]
DEBUG (15/09/2026 09:14:37): Finished Request (Line: 465) [remote_connection.py]
DEBUG (15/09/2026 09:14:37): POST http://localhost:62331/session/f81b76abdd2c93f3ee341da095e31ca1/element/f.4F43718FA93D6414267F90606F9738F8.d.4124141701B4037D5393CDA2E347394A.e.630/element {'using': 'css selector', 'value': '.business-review-comment-content__date'} (Line: 403) [remote_connection.py]
DEBUG (15/09/2026 09:14:37): http://localhost:62331 "POST /session/f81b76abdd2c93f3ee341da095e31ca1/element/f.4F43718FA93D6414267F90606F9738F8.d.4124141701B4037D5393CDA2E347394A.e.630/element HTTP/1.1" 200 0 (Line: 544) [connectionpool.py]
DEBUG (15/09/2026 09:14:37): Remote response: status=200 | data={"value":{"element-6066-11e4-a52e-4f735466cecf":"f.4F43718FA93D6414267F90606F9738F8.d.4124141701B4037D5393CDA2E347394A.e.712"}} | headers=HTTPHeaderDict({'Content-Length': '127', 'Content-Type': 'application/json; charset=utf-8', 'cache-control': 'no-cache'}) (Line: 436) [remote_connection.py]
DEBUG (15/09/2026 09:14:37): Finished Request (Line: 465) [remote_connection.py]
DEBUG (15/09/2026 09:14:37): POST http://localhost:62331/session/f81b76abdd2c93f3ee341da095e31ca1/element/f.4F43718FA93D6414267F90606F9738F8.d.4124141701B4037D5393CDA2E347394A.e.630/element {'using': 'css selector', 'value': '.business-review-comment-content__date'} (Line: 403) [remote_connection.py]
DEBUG (15/09/2026 09:14:37): http://localhost:62331 "POST /session/f81b76abdd2c93f3ee341da095e31ca1/element/f.4F43718FA93D6414267F90606F9738F8.d.4124141701B4037D5393CDA2E347394A.e.630/element HTTP/1.1" 200 0 (Line: 544) [connectionpool.py]
DEBUG (15/09/2026 09:14:37): Remote response: status=200 | data={"value":{"element-6066-11e4-a52e-4f735466cecf":"f.4F43718FA93D6414267F90606F9738F8.d.4124141701B4037D5393CDA2E347394A.e.712"}} | headers=HTTPHeaderDict({'Content-Length': '127', 'Content-Type': 'application/json; charset=utf-8', 'cache-control': 'no-cache'}) (Line: 436) [remote_connection.py]
DEBUG (15/09/2026 09:14:37): Finished Request (Line: 465) [remote_connection.py]
DEBUG (15/09/2026 09:14:37): POST http://localhost:62331/session/f81b76abdd2c93f3ee341da095e31ca1/execute/sync {'script': 'return arguments[0].textContent.trim();', 'args': [{'element-6066-11e4-a52e-4f735466cecf': 'f.4F43718FA93D6414267F90606F9738F8.d.4124141701B4037D5393CDA2E347394A.e.712'}]} (Line: 403) [remote_connection.py]
DEBUG (15/09/2026 09:14:37): http://localhost:62331 "POST /session/f81b76abdd2c93f3ee341da095e31ca1/execute/sync HTTP/1.1" 200 0 (Line: 544) [connectionpool.py]
DEBUG (15/09/2026 09:14:37): Remote response: status=200 | data={"value":"13 ноября 2024"} | headers=HTTPHeaderDict({'Content-Length': '32', 'Content-Type': 'application/json; charset=utf-8', 'cache-control': 'no-cache'}) (Line: 436) [remote_connection.py]
DEBUG (15/09/2026 09:14:37): Finished Request (Line: 465) [remote_connection.py]
DEBUG (15/09/2026 09:14:37): POST http://localhost:62331/session/f81b76abdd2c93f3ee341da095e31ca1/element/f.4F43718FA93D6414267F90606F9738F8.d.4124141701B4037D5393CDA2E347394A.e.630/element {'using': 'css selector', 'value': '.business-review-comment-content__bubble'} (Line: 403) [remote_connection.py]
DEBUG (15/09/2026 09:14:37): http://localhost:62331 "POST /session/f81b76abdd2c93f3ee341da095e31ca1/element/f.4F43718FA93D6414267F90606F9738F8.d.4124141701B4037D5393CDA2E347394A.e.630/element HTTP/1.1" 200 0 (Line: 544) [connectionpool.py]
DEBUG (15/09/2026 09:14:37): Remote response: status=200 | data={"value":{"element-6066-11e4-a52e-4f735466cecf":"f.4F43718FA93D6414267F90606F9738F8.d.4124141701B4037D5393CDA2E347394A.e.713"}} | headers=HTTPHeaderDict({'Content-Length': '127', 'Content-Type': 'application/json; charset=utf-8', 'cache-control': 'no-cache'}) (Line: 436) [remote_connection.py]
DEBUG (15/09/2026 09:14:37): Finished Request (Line: 465) [remote_connection.py]
DEBUG (15/09/2026 09:14:37): POST http://localhost:62331/session/f81b76abdd2c93f3ee341da095e31ca1/element/f.4F43718FA93D6414267F90606F9738F8.d.4124141701B4037D5393CDA2E347394A.e.630/element {'using': 'css selector', 'value': '.business-review-comment-content__bubble'} (Line: 403) [remote_connection.py]
DEBUG (15/09/2026 09:14:37): http://localhost:62331 "POST /session/f81b76abdd2c93f3ee341da095e31ca1/element/f.4F43718FA93D6414267F90606F9738F8.d.4124141701B4037D5393CDA2E347394A.e.630/element HTTP/1.1" 200 0 (Line: 544) [connectionpool.py]
DEBUG (15/09/2026 09:14:37): Remote response: status=200 | data={"value":{"element-6066-11e4-a52e-4f735466cecf":"f.4F43718FA93D6414267F90606F9738F8.d.4124141701B4037D5393CDA2E347394A.e.713"}} | headers=HTTPHeaderDict({'Content-Length': '127', 'Content-Type': 'application/json; charset=utf-8', 'cache-control': 'no-cache'}) (Line: 436) [remote_connection.py]
DEBUG (15/09/2026 09:14:37): Finished Request (Line: 465) [remote_connection.py]
DEBUG (15/09/2026 09:14:37): POST http://localhost:62331/session/f81b76abdd2c93f3ee341da095e31ca1/execute/sync {'script': 'return arguments[0].textContent.trim();', 'args': [{'element-6066-11e4-a52e-4f735466cecf': 'f.4F43718FA93D6414267F90606F9738F8.d.4124141701B4037D5393CDA2E347394A.e.713'}]} (Line: 403) [remote_connection.py]
DEBUG (15/09/2026 09:14:37): http://localhost:62331 "POST /session/f81b76abdd2c93f3ee341da095e31ca1/execute/sync HTTP/1.1" 200 0 (Line: 544) [connectionpool.py]
DEBUG (15/09/2026 09:14:37): Remote response: status=200 | data={"value":"Благодарим за ваш отзыв! Мы очень рады, что вы остаетесь довольны нашими услугами. Будем рады продолжить сотрудничество с вами и в дальнейшем. Спасибо за рекомендацию!\nС уважением, коллектив ООО \"АвтоДизельПарт\"."} | headers=HTTPHeaderDict({'Content-Length': '401', 'Content-Type': 'application/json; charset=utf-8', 'cache-control': 'no-cache'}) (Line: 436) [remote_connection.py]
DEBUG (15/09/2026 09:14:37): Finished Request (Line: 465) [remote_connection.py]
DEBUG (15/09/2026 09:14:37): POST http://localhost:62331/session/f81b76abdd2c93f3ee341da095e31ca1/element/f.4F43718FA93D6414267F90606F9738F8.d.4124141701B4037D5393CDA2E347394A.e.631/element {'using': 'css selector', 'value': '.business-review-comment-expandable-view__expand'} (Line: 403) [remote_connection.py]
DEBUG (15/09/2026 09:14:37): http://localhost:62331 "POST /session/f81b76abdd2c93f3ee341da095e31ca1/element/f.4F43718FA93D6414267F90606F9738F8.d.4124141701B4037D5393CDA2E347394A.e.631/element HTTP/1.1" 200 0 (Line: 544) [connectionpool.py]
DEBUG (15/09/2026 09:14:37): Remote response: status=200 | data={"value":{"element-6066-11e4-a52e-4f735466cecf":"f.4F43718FA93D6414267F90606F9738F8.d.4124141701B4037D5393CDA2E347394A.e.652"}} | headers=HTTPHeaderDict({'Content-Length': '127', 'Content-Type': 'application/json; charset=utf-8', 'cache-control': 'no-cache'}) (Line: 436) [remote_connection.py]
DEBUG (15/09/2026 09:14:37): Finished Request (Line: 465) [remote_connection.py]
DEBUG (15/09/2026 09:14:37): POST http://localhost:62331/session/f81b76abdd2c93f3ee341da095e31ca1/element/f.4F43718FA93D6414267F90606F9738F8.d.4124141701B4037D5393CDA2E347394A.e.631/element {'using': 'css selector', 'value': '.business-review-view__author-name span'} (Line: 403) [remote_connection.py]
DEBUG (15/09/2026 09:14:37): http://localhost:62331 "POST /session/f81b76abdd2c93f3ee341da095e31ca1/element/f.4F43718FA93D6414267F90606F9738F8.d.4124141701B4037D5393CDA2E347394A.e.631/element HTTP/1.1" 200 0 (Line: 544) [connectionpool.py]
DEBUG (15/09/2026 09:14:37): Remote response: status=200 | data={"value":{"element-6066-11e4-a52e-4f735466cecf":"f.4F43718FA93D6414267F90606F9738F8.d.4124141701B4037D5393CDA2E347394A.e.714"}} | headers=HTTPHeaderDict({'Content-Length': '127', 'Content-Type': 'application/json; charset=utf-8', 'cache-control': 'no-cache'}) (Line: 436) [remote_connection.py]
DEBUG (15/09/2026 09:14:37): Finished Request (Line: 465) [remote_connection.py]
DEBUG (15/09/2026 09:14:37): POST http://localhost:62331/session/f81b76abdd2c93f3ee341da095e31ca1/element/f.4F43718FA93D6414267F90606F9738F8.d.4124141701B4037D5393CDA2E347394A.e.631/element {'using': 'css selector', 'value': '.business-review-view__author-name span'} (Line: 403) [remote_connection.py]
DEBUG (15/09/2026 09:14:37): http://localhost:62331 "POST /session/f81b76abdd2c93f3ee341da095e31ca1/element/f.4F43718FA93D6414267F90606F9738F8.d.4124141701B4037D5393CDA2E347394A.e.631/element HTTP/1.1" 200 0 (Line: 544) [connectionpool.py]
DEBUG (15/09/2026 09:14:37): Remote response: status=200 | data={"value":{"element-6066-11e4-a52e-4f735466cecf":"f.4F43718FA93D6414267F90606F9738F8.d.4124141701B4037D5393CDA2E347394A.e.714"}} | headers=HTTPHeaderDict({'Content-Length': '127', 'Content-Type': 'application/json; charset=utf-8', 'cache-control': 'no-cache'}) (Line: 436) [remote_connection.py]
DEBUG (15/09/2026 09:14:37): Finished Request (Line: 465) [remote_connection.py]
DEBUG (15/09/2026 09:14:37): POST http://localhost:62331/session/f81b76abdd2c93f3ee341da095e31ca1/execute/sync {'script': 'return arguments[0].textContent.trim();', 'args': [{'element-6066-11e4-a52e-4f735466cecf': 'f.4F43718FA93D6414267F90606F9738F8.d.4124141701B4037D5393CDA2E347394A.e.714'}]} (Line: 403) [remote_connection.py]
DEBUG (15/09/2026 09:14:37): http://localhost:62331 "POST /session/f81b76abdd2c93f3ee341da095e31ca1/execute/sync HTTP/1.1" 200 0 (Line: 544) [connectionpool.py]
DEBUG (15/09/2026 09:14:37): Remote response: status=200 | data={"value":"I.T."} | headers=HTTPHeaderDict({'Content-Length': '16', 'Content-Type': 'application/json; charset=utf-8', 'cache-control': 'no-cache'}) (Line: 436) [remote_connection.py]
DEBUG (15/09/2026 09:14:37): Finished Request (Line: 465) [remote_connection.py]
DEBUG (15/09/2026 09:14:37): POST http://localhost:62331/session/f81b76abdd2c93f3ee341da095e31ca1/element/f.4F43718FA93D6414267F90606F9738F8.d.4124141701B4037D5393CDA2E347394A.e.631/element {'using': 'css selector', 'value': '.business-review-view__date span'} (Line: 403) [remote_connection.py]
DEBUG (15/09/2026 09:14:37): http://localhost:62331 "POST /session/f81b76abdd2c93f3ee341da095e31ca1/element/f.4F43718FA93D6414267F90606F9738F8.d.4124141701B4037D5393CDA2E347394A.e.631/element HTTP/1.1" 200 0 (Line: 544) [connectionpool.py]
DEBUG (15/09/2026 09:14:37): Remote response: status=200 | data={"value":{"element-6066-11e4-a52e-4f735466cecf":"f.4F43718FA93D6414267F90606F9738F8.d.4124141701B4037D5393CDA2E347394A.e.715"}} | headers=HTTPHeaderDict({'Content-Length': '127', 'Content-Type': 'application/json; charset=utf-8', 'cache-control': 'no-cache'}) (Line: 436) [remote_connection.py]
DEBUG (15/09/2026 09:14:37): Finished Request (Line: 465) [remote_connection.py]
DEBUG (15/09/2026 09:14:37): POST http://localhost:62331/session/f81b76abdd2c93f3ee341da095e31ca1/element/f.4F43718FA93D6414267F90606F9738F8.d.4124141701B4037D5393CDA2E347394A.e.631/element {'using': 'css selector', 'value': '.business-review-view__date span'} (Line: 403) [remote_connection.py]
DEBUG (15/09/2026 09:14:37): http://localhost:62331 "POST /session/f81b76abdd2c93f3ee341da095e31ca1/element/f.4F43718FA93D6414267F90606F9738F8.d.4124141701B4037D5393CDA2E347394A.e.631/element HTTP/1.1" 200 0 (Line: 544) [connectionpool.py]
DEBUG (15/09/2026 09:14:37): Remote response: status=200 | data={"value":{"element-6066-11e4-a52e-4f735466cecf":"f.4F43718FA93D6414267F90606F9738F8.d.4124141701B4037D5393CDA2E347394A.e.715"}} | headers=HTTPHeaderDict({'Content-Length': '127', 'Content-Type': 'application/json; charset=utf-8', 'cache-control': 'no-cache'}) (Line: 436) [remote_connection.py]
DEBUG (15/09/2026 09:14:37): Finished Request (Line: 465) [remote_connection.py]
DEBUG (15/09/2026 09:14:37): POST http://localhost:62331/session/f81b76abdd2c93f3ee341da095e31ca1/execute/sync {'script': 'return arguments[0].textContent.trim();', 'args': [{'element-6066-11e4-a52e-4f735466cecf': 'f.4F43718FA93D6414267F90606F9738F8.d.4124141701B4037D5393CDA2E347394A.e.715'}]} (Line: 403) [remote_connection.py]
DEBUG (15/09/2026 09:14:37): http://localhost:62331 "POST /session/f81b76abdd2c93f3ee341da095e31ca1/execute/sync HTTP/1.1" 200 0 (Line: 544) [connectionpool.py]
DEBUG (15/09/2026 09:14:37): Remote response: status=200 | data={"value":"6 ноября 2024"} | headers=HTTPHeaderDict({'Content-Length': '31', 'Content-Type': 'application/json; charset=utf-8', 'cache-control': 'no-cache'}) (Line: 436) [remote_connection.py]
DEBUG (15/09/2026 09:14:37): Finished Request (Line: 465) [remote_connection.py]
DEBUG (15/09/2026 09:14:37): POST http://localhost:62331/session/f81b76abdd2c93f3ee341da095e31ca1/element/f.4F43718FA93D6414267F90606F9738F8.d.4124141701B4037D5393CDA2E347394A.e.631/element {'using': 'css selector', 'value': '._full'} (Line: 403) [remote_connection.py]
DEBUG (15/09/2026 09:14:37): http://localhost:62331 "POST /session/f81b76abdd2c93f3ee341da095e31ca1/element/f.4F43718FA93D6414267F90606F9738F8.d.4124141701B4037D5393CDA2E347394A.e.631/element HTTP/1.1" 200 0 (Line: 544) [connectionpool.py]
DEBUG (15/09/2026 09:14:37): Remote response: status=200 | data={"value":{"element-6066-11e4-a52e-4f735466cecf":"f.4F43718FA93D6414267F90606F9738F8.d.4124141701B4037D5393CDA2E347394A.e.716"}} | headers=HTTPHeaderDict({'Content-Length': '127', 'Content-Type': 'application/json; charset=utf-8', 'cache-control': 'no-cache'}) (Line: 436) [remote_connection.py]
DEBUG (15/09/2026 09:14:37): Finished Request (Line: 465) [remote_connection.py]
DEBUG (15/09/2026 09:14:37): POST http://localhost:62331/session/f81b76abdd2c93f3ee341da095e31ca1/element/f.4F43718FA93D6414267F90606F9738F8.d.4124141701B4037D5393CDA2E347394A.e.631/elements {'using': 'css selector', 'value': '._full'} (Line: 403) [remote_connection.py]
DEBUG (15/09/2026 09:14:37): http://localhost:62331 "POST /session/f81b76abdd2c93f3ee341da095e31ca1/element/f.4F43718FA93D6414267F90606F9738F8.d.4124141701B4037D5393CDA2E347394A.e.631/elements HTTP/1.1" 200 0 (Line: 544) [connectionpool.py]
DEBUG (15/09/2026 09:14:37): Remote response: status=200 | data={"value":[{"element-6066-11e4-a52e-4f735466cecf":"f.4F43718FA93D6414267F90606F9738F8.d.4124141701B4037D5393CDA2E347394A.e.716"},{"element-6066-11e4-a52e-4f735466cecf":"f.4F43718FA93D6414267F90606F9738F8.d.4124141701B4037D5393CDA2E347394A.e.717"},{"element-6066-11e4-a52e-4f735466cecf":"f.4F43718FA93D6414267F90606F9738F8.d.4124141701B4037D5393CDA2E347394A.e.718"},{"element-6066-11e4-a52e-4f735466cecf":"f.4F43718FA93D6414267F90606F9738F8.d.4124141701B4037D5393CDA2E347394A.e.719"},{"element-6066-11e4-a52e-4f735466cecf":"f.4F43718FA93D6414267F90606F9738F8.d.4124141701B4037D5393CDA2E347394A.e.720"}]} | headers=HTTPHeaderDict({'Content-Length': '601', 'Content-Type': 'application/json; charset=utf-8', 'cache-control': 'no-cache'}) (Line: 436) [remote_connection.py]
DEBUG (15/09/2026 09:14:37): Finished Request (Line: 465) [remote_connection.py]
DEBUG (15/09/2026 09:14:37): POST http://localhost:62331/session/f81b76abdd2c93f3ee341da095e31ca1/element/f.4F43718FA93D6414267F90606F9738F8.d.4124141701B4037D5393CDA2E347394A.e.631/element {'using': 'css selector', 'value': '.spoiler-view__text-container'} (Line: 403) [remote_connection.py]
DEBUG (15/09/2026 09:14:37): http://localhost:62331 "POST /session/f81b76abdd2c93f3ee341da095e31ca1/element/f.4F43718FA93D6414267F90606F9738F8.d.4124141701B4037D5393CDA2E347394A.e.631/element HTTP/1.1" 200 0 (Line: 544) [connectionpool.py]
DEBUG (15/09/2026 09:14:37): Remote response: status=200 | data={"value":{"element-6066-11e4-a52e-4f735466cecf":"f.4F43718FA93D6414267F90606F9738F8.d.4124141701B4037D5393CDA2E347394A.e.721"}} | headers=HTTPHeaderDict({'Content-Length': '127', 'Content-Type': 'application/json; charset=utf-8', 'cache-control': 'no-cache'}) (Line: 436) [remote_connection.py]
DEBUG (15/09/2026 09:14:37): Finished Request (Line: 465) [remote_connection.py]
DEBUG (15/09/2026 09:14:37): POST http://localhost:62331/session/f81b76abdd2c93f3ee341da095e31ca1/element/f.4F43718FA93D6414267F90606F9738F8.d.4124141701B4037D5393CDA2E347394A.e.631/element {'using': 'css selector', 'value': '.spoiler-view__text-container'} (Line: 403) [remote_connection.py]
DEBUG (15/09/2026 09:14:37): http://localhost:62331 "POST /session/f81b76abdd2c93f3ee341da095e31ca1/element/f.4F43718FA93D6414267F90606F9738F8.d.4124141701B4037D5393CDA2E347394A.e.631/element HTTP/1.1" 200 0 (Line: 544) [connectionpool.py]
DEBUG (15/09/2026 09:14:37): Remote response: status=200 | data={"value":{"element-6066-11e4-a52e-4f735466cecf":"f.4F43718FA93D6414267F90606F9738F8.d.4124141701B4037D5393CDA2E347394A.e.721"}} | headers=HTTPHeaderDict({'Content-Length': '127', 'Content-Type': 'application/json; charset=utf-8', 'cache-control': 'no-cache'}) (Line: 436) [remote_connection.py]
DEBUG (15/09/2026 09:14:37): Finished Request (Line: 465) [remote_connection.py]
DEBUG (15/09/2026 09:14:37): POST http://localhost:62331/session/f81b76abdd2c93f3ee341da095e31ca1/execute/sync {'script': 'return arguments[0].textContent.trim();', 'args': [{'element-6066-11e4-a52e-4f735466cecf': 'f.4F43718FA93D6414267F90606F9738F8.d.4124141701B4037D5393CDA2E347394A.e.721'}]} (Line: 403) [remote_connection.py]
DEBUG (15/09/2026 09:14:37): http://localhost:62331 "POST /session/f81b76abdd2c93f3ee341da095e31ca1/execute/sync HTTP/1.1" 200 0 (Line: 544) [connectionpool.py]
DEBUG (15/09/2026 09:14:37): Remote response: status=200 | data={"value":"Работаем не первый год. Ассортиментом,ценами и отношением абсолютно довольны. Посылки упаковываются качественно. Доставка разными транспортными компаниями."} | headers=HTTPHeaderDict({'Content-Length': '302', 'Content-Type': 'application/json; charset=utf-8', 'cache-control': 'no-cache'}) (Line: 436) [remote_connection.py]
DEBUG (15/09/2026 09:14:37): Finished Request (Line: 465) [remote_connection.py]
DEBUG (15/09/2026 09:14:37): POST http://localhost:62331/session/f81b76abdd2c93f3ee341da095e31ca1/element/f.4F43718FA93D6414267F90606F9738F8.d.4124141701B4037D5393CDA2E347394A.e.631/element {'using': 'css selector', 'value': '.business-review-comment-content__date'} (Line: 403) [remote_connection.py]
DEBUG (15/09/2026 09:14:37): http://localhost:62331 "POST /session/f81b76abdd2c93f3ee341da095e31ca1/element/f.4F43718FA93D6414267F90606F9738F8.d.4124141701B4037D5393CDA2E347394A.e.631/element HTTP/1.1" 200 0 (Line: 544) [connectionpool.py]
DEBUG (15/09/2026 09:14:37): Remote response: status=200 | data={"value":{"element-6066-11e4-a52e-4f735466cecf":"f.4F43718FA93D6414267F90606F9738F8.d.4124141701B4037D5393CDA2E347394A.e.722"}} | headers=HTTPHeaderDict({'Content-Length': '127', 'Content-Type': 'application/json; charset=utf-8', 'cache-control': 'no-cache'}) (Line: 436) [remote_connection.py]
DEBUG (15/09/2026 09:14:37): Finished Request (Line: 465) [remote_connection.py]
DEBUG (15/09/2026 09:14:37): POST http://localhost:62331/session/f81b76abdd2c93f3ee341da095e31ca1/element/f.4F43718FA93D6414267F90606F9738F8.d.4124141701B4037D5393CDA2E347394A.e.631/element {'using': 'css selector', 'value': '.business-review-comment-content__date'} (Line: 403) [remote_connection.py]
DEBUG (15/09/2026 09:14:37): http://localhost:62331 "POST /session/f81b76abdd2c93f3ee341da095e31ca1/element/f.4F43718FA93D6414267F90606F9738F8.d.4124141701B4037D5393CDA2E347394A.e.631/element HTTP/1.1" 200 0 (Line: 544) [connectionpool.py]
DEBUG (15/09/2026 09:14:37): Remote response: status=200 | data={"value":{"element-6066-11e4-a52e-4f735466cecf":"f.4F43718FA93D6414267F90606F9738F8.d.4124141701B4037D5393CDA2E347394A.e.722"}} | headers=HTTPHeaderDict({'Content-Length': '127', 'Content-Type': 'application/json; charset=utf-8', 'cache-control': 'no-cache'}) (Line: 436) [remote_connection.py]
DEBUG (15/09/2026 09:14:37): Finished Request (Line: 465) [remote_connection.py]
DEBUG (15/09/2026 09:14:37): POST http://localhost:62331/session/f81b76abdd2c93f3ee341da095e31ca1/execute/sync {'script': 'return arguments[0].textContent.trim();', 'args': [{'element-6066-11e4-a52e-4f735466cecf': 'f.4F43718FA93D6414267F90606F9738F8.d.4124141701B4037D5393CDA2E347394A.e.722'}]} (Line: 403) [remote_connection.py]
DEBUG (15/09/2026 09:14:37): http://localhost:62331 "POST /session/f81b76abdd2c93f3ee341da095e31ca1/execute/sync HTTP/1.1" 200 0 (Line: 544) [connectionpool.py]
DEBUG (15/09/2026 09:14:37): Remote response: status=200 | data={"value":"13 ноября 2024"} | headers=HTTPHeaderDict({'Content-Length': '32', 'Content-Type': 'application/json; charset=utf-8', 'cache-control': 'no-cache'}) (Line: 436) [remote_connection.py]
DEBUG (15/09/2026 09:14:37): Finished Request (Line: 465) [remote_connection.py]
DEBUG (15/09/2026 09:14:37): POST http://localhost:62331/session/f81b76abdd2c93f3ee341da095e31ca1/element/f.4F43718FA93D6414267F90606F9738F8.d.4124141701B4037D5393CDA2E347394A.e.631/element {'using': 'css selector', 'value': '.business-review-comment-content__bubble'} (Line: 403) [remote_connection.py]
DEBUG (15/09/2026 09:14:37): http://localhost:62331 "POST /session/f81b76abdd2c93f3ee341da095e31ca1/element/f.4F43718FA93D6414267F90606F9738F8.d.4124141701B4037D5393CDA2E347394A.e.631/element HTTP/1.1" 200 0 (Line: 544) [connectionpool.py]
DEBUG (15/09/2026 09:14:37): Remote response: status=200 | data={"value":{"element-6066-11e4-a52e-4f735466cecf":"f.4F43718FA93D6414267F90606F9738F8.d.4124141701B4037D5393CDA2E347394A.e.723"}} | headers=HTTPHeaderDict({'Content-Length': '127', 'Content-Type': 'application/json; charset=utf-8', 'cache-control': 'no-cache'}) (Line: 436) [remote_connection.py]
DEBUG (15/09/2026 09:14:37): Finished Request (Line: 465) [remote_connection.py]
DEBUG (15/09/2026 09:14:37): POST http://localhost:62331/session/f81b76abdd2c93f3ee341da095e31ca1/element/f.4F43718FA93D6414267F90606F9738F8.d.4124141701B4037D5393CDA2E347394A.e.631/element {'using': 'css selector', 'value': '.business-review-comment-content__bubble'} (Line: 403) [remote_connection.py]
DEBUG (15/09/2026 09:14:37): http://localhost:62331 "POST /session/f81b76abdd2c93f3ee341da095e31ca1/element/f.4F43718FA93D6414267F90606F9738F8.d.4124141701B4037D5393CDA2E347394A.e.631/element HTTP/1.1" 200 0 (Line: 544) [connectionpool.py]
DEBUG (15/09/2026 09:14:37): Remote response: status=200 | data={"value":{"element-6066-11e4-a52e-4f735466cecf":"f.4F43718FA93D6414267F90606F9738F8.d.4124141701B4037D5393CDA2E347394A.e.723"}} | headers=HTTPHeaderDict({'Content-Length': '127', 'Content-Type': 'application/json; charset=utf-8', 'cache-control': 'no-cache'}) (Line: 436) [remote_connection.py]
DEBUG (15/09/2026 09:14:37): Finished Request (Line: 465) [remote_connection.py]
DEBUG (15/09/2026 09:14:37): POST http://localhost:62331/session/f81b76abdd2c93f3ee341da095e31ca1/execute/sync {'script': 'return arguments[0].textContent.trim();', 'args': [{'element-6066-11e4-a52e-4f735466cecf': 'f.4F43718FA93D6414267F90606F9738F8.d.4124141701B4037D5393CDA2E347394A.e.723'}]} (Line: 403) [remote_connection.py]
DEBUG (15/09/2026 09:14:37): http://localhost:62331 "POST /session/f81b76abdd2c93f3ee341da095e31ca1/execute/sync HTTP/1.1" 200 0 (Line: 544) [connectionpool.py]
DEBUG (15/09/2026 09:14:37): Remote response: status=200 | data={"value":"Благодарим вас за отзыв! Мы рады, что вас устраивает наш ассортимент, цены и качество обслуживания. Мы стараемся обеспечить качественную упаковку посылок и выбираем надежные транспортные компании для доставки. Благодарим за ваш выбор и надеемся на долгосрочное сотрудничество!\nС уважением, коллектив ООО \"АвтоДизельПарт\"."} | headers=HTTPHeaderDict({'Content-Length': '606', 'Content-Type': 'application/json; charset=utf-8', 'cache-control': 'no-cache'}) (Line: 436) [remote_connection.py]
DEBUG (15/09/2026 09:14:37): Finished Request (Line: 465) [remote_connection.py]
DEBUG (15/09/2026 09:14:37): POST http://localhost:62331/session/f81b76abdd2c93f3ee341da095e31ca1/element/f.4F43718FA93D6414267F90606F9738F8.d.4124141701B4037D5393CDA2E347394A.e.632/element {'using': 'css selector', 'value': '.business-review-comment-expandable-view__expand'} (Line: 403) [remote_connection.py]
DEBUG (15/09/2026 09:14:37): http://localhost:62331 "POST /session/f81b76abdd2c93f3ee341da095e31ca1/element/f.4F43718FA93D6414267F90606F9738F8.d.4124141701B4037D5393CDA2E347394A.e.632/element HTTP/1.1" 200 0 (Line: 544) [connectionpool.py]
DEBUG (15/09/2026 09:14:37): Remote response: status=200 | data={"value":{"element-6066-11e4-a52e-4f735466cecf":"f.4F43718FA93D6414267F90606F9738F8.d.4124141701B4037D5393CDA2E347394A.e.653"}} | headers=HTTPHeaderDict({'Content-Length': '127', 'Content-Type': 'application/json; charset=utf-8', 'cache-control': 'no-cache'}) (Line: 436) [remote_connection.py]
DEBUG (15/09/2026 09:14:37): Finished Request (Line: 465) [remote_connection.py]
DEBUG (15/09/2026 09:14:37): POST http://localhost:62331/session/f81b76abdd2c93f3ee341da095e31ca1/element/f.4F43718FA93D6414267F90606F9738F8.d.4124141701B4037D5393CDA2E347394A.e.632/element {'using': 'css selector', 'value': '.business-review-view__author-name span'} (Line: 403) [remote_connection.py]
DEBUG (15/09/2026 09:14:37): http://localhost:62331 "POST /session/f81b76abdd2c93f3ee341da095e31ca1/element/f.4F43718FA93D6414267F90606F9738F8.d.4124141701B4037D5393CDA2E347394A.e.632/element HTTP/1.1" 200 0 (Line: 544) [connectionpool.py]
DEBUG (15/09/2026 09:14:37): Remote response: status=200 | data={"value":{"element-6066-11e4-a52e-4f735466cecf":"f.4F43718FA93D6414267F90606F9738F8.d.4124141701B4037D5393CDA2E347394A.e.724"}} | headers=HTTPHeaderDict({'Content-Length': '127', 'Content-Type': 'application/json; charset=utf-8', 'cache-control': 'no-cache'}) (Line: 436) [remote_connection.py]
DEBUG (15/09/2026 09:14:37): Finished Request (Line: 465) [remote_connection.py]
DEBUG (15/09/2026 09:14:37): POST http://localhost:62331/session/f81b76abdd2c93f3ee341da095e31ca1/element/f.4F43718FA93D6414267F90606F9738F8.d.4124141701B4037D5393CDA2E347394A.e.632/element {'using': 'css selector', 'value': '.business-review-view__author-name span'} (Line: 403) [remote_connection.py]
DEBUG (15/09/2026 09:14:37): http://localhost:62331 "POST /session/f81b76abdd2c93f3ee341da095e31ca1/element/f.4F43718FA93D6414267F90606F9738F8.d.4124141701B4037D5393CDA2E347394A.e.632/element HTTP/1.1" 200 0 (Line: 544) [connectionpool.py]
DEBUG (15/09/2026 09:14:37): Remote response: status=200 | data={"value":{"element-6066-11e4-a52e-4f735466cecf":"f.4F43718FA93D6414267F90606F9738F8.d.4124141701B4037D5393CDA2E347394A.e.724"}} | headers=HTTPHeaderDict({'Content-Length': '127', 'Content-Type': 'application/json; charset=utf-8', 'cache-control': 'no-cache'}) (Line: 436) [remote_connection.py]
DEBUG (15/09/2026 09:14:37): Finished Request (Line: 465) [remote_connection.py]
DEBUG (15/09/2026 09:14:37): POST http://localhost:62331/session/f81b76abdd2c93f3ee341da095e31ca1/execute/sync {'script': 'return arguments[0].textContent.trim();', 'args': [{'element-6066-11e4-a52e-4f735466cecf': 'f.4F43718FA93D6414267F90606F9738F8.d.4124141701B4037D5393CDA2E347394A.e.724'}]} (Line: 403) [remote_connection.py]
DEBUG (15/09/2026 09:14:37): http://localhost:62331 "POST /session/f81b76abdd2c93f3ee341da095e31ca1/execute/sync HTTP/1.1" 200 0 (Line: 544) [connectionpool.py]
DEBUG (15/09/2026 09:14:37): Remote response: status=200 | data={"value":"Сергей Корнеев"} | headers=HTTPHeaderDict({'Content-Length': '39', 'Content-Type': 'application/json; charset=utf-8', 'cache-control': 'no-cache'}) (Line: 436) [remote_connection.py]
DEBUG (15/09/2026 09:14:37): Finished Request (Line: 465) [remote_connection.py]
DEBUG (15/09/2026 09:14:37): POST http://localhost:62331/session/f81b76abdd2c93f3ee341da095e31ca1/element/f.4F43718FA93D6414267F90606F9738F8.d.4124141701B4037D5393CDA2E347394A.e.632/element {'using': 'css selector', 'value': '.business-review-view__date span'} (Line: 403) [remote_connection.py]
DEBUG (15/09/2026 09:14:37): http://localhost:62331 "POST /session/f81b76abdd2c93f3ee341da095e31ca1/element/f.4F43718FA93D6414267F90606F9738F8.d.4124141701B4037D5393CDA2E347394A.e.632/element HTTP/1.1" 200 0 (Line: 544) [connectionpool.py]
DEBUG (15/09/2026 09:14:37): Remote response: status=200 | data={"value":{"element-6066-11e4-a52e-4f735466cecf":"f.4F43718FA93D6414267F90606F9738F8.d.4124141701B4037D5393CDA2E347394A.e.725"}} | headers=HTTPHeaderDict({'Content-Length': '127', 'Content-Type': 'application/json; charset=utf-8', 'cache-control': 'no-cache'}) (Line: 436) [remote_connection.py]
DEBUG (15/09/2026 09:14:37): Finished Request (Line: 465) [remote_connection.py]
DEBUG (15/09/2026 09:14:37): POST http://localhost:62331/session/f81b76abdd2c93f3ee341da095e31ca1/element/f.4F43718FA93D6414267F90606F9738F8.d.4124141701B4037D5393CDA2E347394A.e.632/element {'using': 'css selector', 'value': '.business-review-view__date span'} (Line: 403) [remote_connection.py]
DEBUG (15/09/2026 09:14:37): http://localhost:62331 "POST /session/f81b76abdd2c93f3ee341da095e31ca1/element/f.4F43718FA93D6414267F90606F9738F8.d.4124141701B4037D5393CDA2E347394A.e.632/element HTTP/1.1" 200 0 (Line: 544) [connectionpool.py]
DEBUG (15/09/2026 09:14:37): Remote response: status=200 | data={"value":{"element-6066-11e4-a52e-4f735466cecf":"f.4F43718FA93D6414267F90606F9738F8.d.4124141701B4037D5393CDA2E347394A.e.725"}} | headers=HTTPHeaderDict({'Content-Length': '127', 'Content-Type': 'application/json; charset=utf-8', 'cache-control': 'no-cache'}) (Line: 436) [remote_connection.py]
DEBUG (15/09/2026 09:14:37): Finished Request (Line: 465) [remote_connection.py]
DEBUG (15/09/2026 09:14:37): POST http://localhost:62331/session/f81b76abdd2c93f3ee341da095e31ca1/execute/sync {'script': 'return arguments[0].textContent.trim();', 'args': [{'element-6066-11e4-a52e-4f735466cecf': 'f.4F43718FA93D6414267F90606F9738F8.d.4124141701B4037D5393CDA2E347394A.e.725'}]} (Line: 403) [remote_connection.py]
DEBUG (15/09/2026 09:14:37): http://localhost:62331 "POST /session/f81b76abdd2c93f3ee341da095e31ca1/execute/sync HTTP/1.1" 200 0 (Line: 544) [connectionpool.py]
DEBUG (15/09/2026 09:14:37): Remote response: status=200 | data={"value":"25 октября 2024"} | headers=HTTPHeaderDict({'Content-Length': '34', 'Content-Type': 'application/json; charset=utf-8', 'cache-control': 'no-cache'}) (Line: 436) [remote_connection.py]
DEBUG (15/09/2026 09:14:37): Finished Request (Line: 465) [remote_connection.py]
DEBUG (15/09/2026 09:14:37): POST http://localhost:62331/session/f81b76abdd2c93f3ee341da095e31ca1/element/f.4F43718FA93D6414267F90606F9738F8.d.4124141701B4037D5393CDA2E347394A.e.632/element {'using': 'css selector', 'value': '._full'} (Line: 403) [remote_connection.py]
DEBUG (15/09/2026 09:14:37): http://localhost:62331 "POST /session/f81b76abdd2c93f3ee341da095e31ca1/element/f.4F43718FA93D6414267F90606F9738F8.d.4124141701B4037D5393CDA2E347394A.e.632/element HTTP/1.1" 200 0 (Line: 544) [connectionpool.py]
DEBUG (15/09/2026 09:14:37): Remote response: status=200 | data={"value":{"element-6066-11e4-a52e-4f735466cecf":"f.4F43718FA93D6414267F90606F9738F8.d.4124141701B4037D5393CDA2E347394A.e.726"}} | headers=HTTPHeaderDict({'Content-Length': '127', 'Content-Type': 'application/json; charset=utf-8', 'cache-control': 'no-cache'}) (Line: 436) [remote_connection.py]
DEBUG (15/09/2026 09:14:37): Finished Request (Line: 465) [remote_connection.py]
DEBUG (15/09/2026 09:14:37): POST http://localhost:62331/session/f81b76abdd2c93f3ee341da095e31ca1/element/f.4F43718FA93D6414267F90606F9738F8.d.4124141701B4037D5393CDA2E347394A.e.632/elements {'using': 'css selector', 'value': '._full'} (Line: 403) [remote_connection.py]
DEBUG (15/09/2026 09:14:37): http://localhost:62331 "POST /session/f81b76abdd2c93f3ee341da095e31ca1/element/f.4F43718FA93D6414267F90606F9738F8.d.4124141701B4037D5393CDA2E347394A.e.632/elements HTTP/1.1" 200 0 (Line: 544) [connectionpool.py]
DEBUG (15/09/2026 09:14:37): Remote response: status=200 | data={"value":[{"element-6066-11e4-a52e-4f735466cecf":"f.4F43718FA93D6414267F90606F9738F8.d.4124141701B4037D5393CDA2E347394A.e.726"},{"element-6066-11e4-a52e-4f735466cecf":"f.4F43718FA93D6414267F90606F9738F8.d.4124141701B4037D5393CDA2E347394A.e.727"},{"element-6066-11e4-a52e-4f735466cecf":"f.4F43718FA93D6414267F90606F9738F8.d.4124141701B4037D5393CDA2E347394A.e.728"},{"element-6066-11e4-a52e-4f735466cecf":"f.4F43718FA93D6414267F90606F9738F8.d.4124141701B4037D5393CDA2E347394A.e.729"},{"element-6066-11e4-a52e-4f735466cecf":"f.4F43718FA93D6414267F90606F9738F8.d.4124141701B4037D5393CDA2E347394A.e.730"}]} | headers=HTTPHeaderDict({'Content-Length': '601', 'Content-Type': 'application/json; charset=utf-8', 'cache-control': 'no-cache'}) (Line: 436) [remote_connection.py]
DEBUG (15/09/2026 09:14:37): Finished Request (Line: 465) [remote_connection.py]
DEBUG (15/09/2026 09:14:37): POST http://localhost:62331/session/f81b76abdd2c93f3ee341da095e31ca1/element/f.4F43718FA93D6414267F90606F9738F8.d.4124141701B4037D5393CDA2E347394A.e.632/element {'using': 'css selector', 'value': '.spoiler-view__text-container'} (Line: 403) [remote_connection.py]
DEBUG (15/09/2026 09:14:37): http://localhost:62331 "POST /session/f81b76abdd2c93f3ee341da095e31ca1/element/f.4F43718FA93D6414267F90606F9738F8.d.4124141701B4037D5393CDA2E347394A.e.632/element HTTP/1.1" 200 0 (Line: 544) [connectionpool.py]
DEBUG (15/09/2026 09:14:37): Remote response: status=200 | data={"value":{"element-6066-11e4-a52e-4f735466cecf":"f.4F43718FA93D6414267F90606F9738F8.d.4124141701B4037D5393CDA2E347394A.e.731"}} | headers=HTTPHeaderDict({'Content-Length': '127', 'Content-Type': 'application/json; charset=utf-8', 'cache-control': 'no-cache'}) (Line: 436) [remote_connection.py]
DEBUG (15/09/2026 09:14:37): Finished Request (Line: 465) [remote_connection.py]
DEBUG (15/09/2026 09:14:37): POST http://localhost:62331/session/f81b76abdd2c93f3ee341da095e31ca1/element/f.4F43718FA93D6414267F90606F9738F8.d.4124141701B4037D5393CDA2E347394A.e.632/element {'using': 'css selector', 'value': '.spoiler-view__text-container'} (Line: 403) [remote_connection.py]
DEBUG (15/09/2026 09:14:37): http://localhost:62331 "POST /session/f81b76abdd2c93f3ee341da095e31ca1/element/f.4F43718FA93D6414267F90606F9738F8.d.4124141701B4037D5393CDA2E347394A.e.632/element HTTP/1.1" 200 0 (Line: 544) [connectionpool.py]
DEBUG (15/09/2026 09:14:37): Remote response: status=200 | data={"value":{"element-6066-11e4-a52e-4f735466cecf":"f.4F43718FA93D6414267F90606F9738F8.d.4124141701B4037D5393CDA2E347394A.e.731"}} | headers=HTTPHeaderDict({'Content-Length': '127', 'Content-Type': 'application/json; charset=utf-8', 'cache-control': 'no-cache'}) (Line: 436) [remote_connection.py]
DEBUG (15/09/2026 09:14:37): Finished Request (Line: 465) [remote_connection.py]
DEBUG (15/09/2026 09:14:37): POST http://localhost:62331/session/f81b76abdd2c93f3ee341da095e31ca1/execute/sync {'script': 'return arguments[0].textContent.trim();', 'args': [{'element-6066-11e4-a52e-4f735466cecf': 'f.4F43718FA93D6414267F90606F9738F8.d.4124141701B4037D5393CDA2E347394A.e.731'}]} (Line: 403) [remote_connection.py]
DEBUG (15/09/2026 09:14:37): http://localhost:62331 "POST /session/f81b76abdd2c93f3ee341da095e31ca1/execute/sync HTTP/1.1" 200 0 (Line: 544) [connectionpool.py]
DEBUG (15/09/2026 09:14:37): Remote response: status=200 | data={"value":"Общительные сотрудники, адекватные цены, а главное всегда помогут в подборе запчастей. И ещё один большой плюс, никогда не продавали контракт."} | headers=HTTPHeaderDict({'Content-Length': '272', 'Content-Type': 'application/json; charset=utf-8', 'cache-control': 'no-cache'}) (Line: 436) [remote_connection.py]
DEBUG (15/09/2026 09:14:37): Finished Request (Line: 465) [remote_connection.py]
DEBUG (15/09/2026 09:14:37): POST http://localhost:62331/session/f81b76abdd2c93f3ee341da095e31ca1/element/f.4F43718FA93D6414267F90606F9738F8.d.4124141701B4037D5393CDA2E347394A.e.632/element {'using': 'css selector', 'value': '.business-review-comment-content__date'} (Line: 403) [remote_connection.py]
DEBUG (15/09/2026 09:14:37): http://localhost:62331 "POST /session/f81b76abdd2c93f3ee341da095e31ca1/element/f.4F43718FA93D6414267F90606F9738F8.d.4124141701B4037D5393CDA2E347394A.e.632/element HTTP/1.1" 200 0 (Line: 544) [connectionpool.py]
DEBUG (15/09/2026 09:14:37): Remote response: status=200 | data={"value":{"element-6066-11e4-a52e-4f735466cecf":"f.4F43718FA93D6414267F90606F9738F8.d.4124141701B4037D5393CDA2E347394A.e.732"}} | headers=HTTPHeaderDict({'Content-Length': '127', 'Content-Type': 'application/json; charset=utf-8', 'cache-control': 'no-cache'}) (Line: 436) [remote_connection.py]
DEBUG (15/09/2026 09:14:37): Finished Request (Line: 465) [remote_connection.py]
DEBUG (15/09/2026 09:14:37): POST http://localhost:62331/session/f81b76abdd2c93f3ee341da095e31ca1/element/f.4F43718FA93D6414267F90606F9738F8.d.4124141701B4037D5393CDA2E347394A.e.632/element {'using': 'css selector', 'value': '.business-review-comment-content__date'} (Line: 403) [remote_connection.py]
DEBUG (15/09/2026 09:14:37): http://localhost:62331 "POST /session/f81b76abdd2c93f3ee341da095e31ca1/element/f.4F43718FA93D6414267F90606F9738F8.d.4124141701B4037D5393CDA2E347394A.e.632/element HTTP/1.1" 200 0 (Line: 544) [connectionpool.py]
DEBUG (15/09/2026 09:14:37): Remote response: status=200 | data={"value":{"element-6066-11e4-a52e-4f735466cecf":"f.4F43718FA93D6414267F90606F9738F8.d.4124141701B4037D5393CDA2E347394A.e.732"}} | headers=HTTPHeaderDict({'Content-Length': '127', 'Content-Type': 'application/json; charset=utf-8', 'cache-control': 'no-cache'}) (Line: 436) [remote_connection.py]
DEBUG (15/09/2026 09:14:37): Finished Request (Line: 465) [remote_connection.py]
DEBUG (15/09/2026 09:14:37): POST http://localhost:62331/session/f81b76abdd2c93f3ee341da095e31ca1/execute/sync {'script': 'return arguments[0].textContent.trim();', 'args': [{'element-6066-11e4-a52e-4f735466cecf': 'f.4F43718FA93D6414267F90606F9738F8.d.4124141701B4037D5393CDA2E347394A.e.732'}]} (Line: 403) [remote_connection.py]
DEBUG (15/09/2026 09:14:37): http://localhost:62331 "POST /session/f81b76abdd2c93f3ee341da095e31ca1/execute/sync HTTP/1.1" 200 0 (Line: 544) [connectionpool.py]
DEBUG (15/09/2026 09:14:37): Remote response: status=200 | data={"value":"29 октября 2024"} | headers=HTTPHeaderDict({'Content-Length': '34', 'Content-Type': 'application/json; charset=utf-8', 'cache-control': 'no-cache'}) (Line: 436) [remote_connection.py]
DEBUG (15/09/2026 09:14:37): Finished Request (Line: 465) [remote_connection.py]
DEBUG (15/09/2026 09:14:37): POST http://localhost:62331/session/f81b76abdd2c93f3ee341da095e31ca1/element/f.4F43718FA93D6414267F90606F9738F8.d.4124141701B4037D5393CDA2E347394A.e.632/element {'using': 'css selector', 'value': '.business-review-comment-content__bubble'} (Line: 403) [remote_connection.py]
DEBUG (15/09/2026 09:14:37): http://localhost:62331 "POST /session/f81b76abdd2c93f3ee341da095e31ca1/element/f.4F43718FA93D6414267F90606F9738F8.d.4124141701B4037D5393CDA2E347394A.e.632/element HTTP/1.1" 200 0 (Line: 544) [connectionpool.py]
DEBUG (15/09/2026 09:14:37): Remote response: status=200 | data={"value":{"element-6066-11e4-a52e-4f735466cecf":"f.4F43718FA93D6414267F90606F9738F8.d.4124141701B4037D5393CDA2E347394A.e.733"}} | headers=HTTPHeaderDict({'Content-Length': '127', 'Content-Type': 'application/json; charset=utf-8', 'cache-control': 'no-cache'}) (Line: 436) [remote_connection.py]
DEBUG (15/09/2026 09:14:37): Finished Request (Line: 465) [remote_connection.py]
DEBUG (15/09/2026 09:14:37): POST http://localhost:62331/session/f81b76abdd2c93f3ee341da095e31ca1/element/f.4F43718FA93D6414267F90606F9738F8.d.4124141701B4037D5393CDA2E347394A.e.632/element {'using': 'css selector', 'value': '.business-review-comment-content__bubble'} (Line: 403) [remote_connection.py]
DEBUG (15/09/2026 09:14:37): http://localhost:62331 "POST /session/f81b76abdd2c93f3ee341da095e31ca1/element/f.4F43718FA93D6414267F90606F9738F8.d.4124141701B4037D5393CDA2E347394A.e.632/element HTTP/1.1" 200 0 (Line: 544) [connectionpool.py]
DEBUG (15/09/2026 09:14:37): Remote response: status=200 | data={"value":{"element-6066-11e4-a52e-4f735466cecf":"f.4F43718FA93D6414267F90606F9738F8.d.4124141701B4037D5393CDA2E347394A.e.733"}} | headers=HTTPHeaderDict({'Content-Length': '127', 'Content-Type': 'application/json; charset=utf-8', 'cache-control': 'no-cache'}) (Line: 436) [remote_connection.py]
DEBUG (15/09/2026 09:14:37): Finished Request (Line: 465) [remote_connection.py]
DEBUG (15/09/2026 09:14:37): POST http://localhost:62331/session/f81b76abdd2c93f3ee341da095e31ca1/execute/sync {'script': 'return arguments[0].textContent.trim();', 'args': [{'element-6066-11e4-a52e-4f735466cecf': 'f.4F43718FA93D6414267F90606F9738F8.d.4124141701B4037D5393CDA2E347394A.e.733'}]} (Line: 403) [remote_connection.py]
DEBUG (15/09/2026 09:14:37): http://localhost:62331 "POST /session/f81b76abdd2c93f3ee341da095e31ca1/execute/sync HTTP/1.1" 200 0 (Line: 544) [connectionpool.py]
DEBUG (15/09/2026 09:14:37): Remote response: status=200 | data={"value":"Благодарим Вас за отзыв! Мы стараемся делать все возможное, чтобы наши клиенты были довольны не только качеством услуг, но и обслуживанием. Мы всегда готовы помочь вам подобрать необходимые запчасти и обеспечить высокий уровень сервиса.\nС уважением, коллектив ООО \"АвтоДизельПарт\"."} | headers=HTTPHeaderDict({'Content-Length': '530', 'Content-Type': 'application/json; charset=utf-8', 'cache-control': 'no-cache'}) (Line: 436) [remote_connection.py]
DEBUG (15/09/2026 09:14:37): Finished Request (Line: 465) [remote_connection.py]
DEBUG (15/09/2026 09:14:37): POST http://localhost:62331/session/f81b76abdd2c93f3ee341da095e31ca1/element/f.4F43718FA93D6414267F90606F9738F8.d.4124141701B4037D5393CDA2E347394A.e.633/element {'using': 'css selector', 'value': '.business-review-comment-expandable-view__expand'} (Line: 403) [remote_connection.py]
DEBUG (15/09/2026 09:14:37): http://localhost:62331 "POST /session/f81b76abdd2c93f3ee341da095e31ca1/element/f.4F43718FA93D6414267F90606F9738F8.d.4124141701B4037D5393CDA2E347394A.e.633/element HTTP/1.1" 200 0 (Line: 544) [connectionpool.py]
DEBUG (15/09/2026 09:14:37): Remote response: status=200 | data={"value":{"element-6066-11e4-a52e-4f735466cecf":"f.4F43718FA93D6414267F90606F9738F8.d.4124141701B4037D5393CDA2E347394A.e.654"}} | headers=HTTPHeaderDict({'Content-Length': '127', 'Content-Type': 'application/json; charset=utf-8', 'cache-control': 'no-cache'}) (Line: 436) [remote_connection.py]
DEBUG (15/09/2026 09:14:37): Finished Request (Line: 465) [remote_connection.py]
DEBUG (15/09/2026 09:14:37): POST http://localhost:62331/session/f81b76abdd2c93f3ee341da095e31ca1/element/f.4F43718FA93D6414267F90606F9738F8.d.4124141701B4037D5393CDA2E347394A.e.633/element {'using': 'css selector', 'value': '.business-review-view__author-name span'} (Line: 403) [remote_connection.py]
DEBUG (15/09/2026 09:14:37): http://localhost:62331 "POST /session/f81b76abdd2c93f3ee341da095e31ca1/element/f.4F43718FA93D6414267F90606F9738F8.d.4124141701B4037D5393CDA2E347394A.e.633/element HTTP/1.1" 200 0 (Line: 544) [connectionpool.py]
DEBUG (15/09/2026 09:14:37): Remote response: status=200 | data={"value":{"element-6066-11e4-a52e-4f735466cecf":"f.4F43718FA93D6414267F90606F9738F8.d.4124141701B4037D5393CDA2E347394A.e.734"}} | headers=HTTPHeaderDict({'Content-Length': '127', 'Content-Type': 'application/json; charset=utf-8', 'cache-control': 'no-cache'}) (Line: 436) [remote_connection.py]
DEBUG (15/09/2026 09:14:37): Finished Request (Line: 465) [remote_connection.py]
DEBUG (15/09/2026 09:14:37): POST http://localhost:62331/session/f81b76abdd2c93f3ee341da095e31ca1/element/f.4F43718FA93D6414267F90606F9738F8.d.4124141701B4037D5393CDA2E347394A.e.633/element {'using': 'css selector', 'value': '.business-review-view__author-name span'} (Line: 403) [remote_connection.py]
DEBUG (15/09/2026 09:14:37): http://localhost:62331 "POST /session/f81b76abdd2c93f3ee341da095e31ca1/element/f.4F43718FA93D6414267F90606F9738F8.d.4124141701B4037D5393CDA2E347394A.e.633/element HTTP/1.1" 200 0 (Line: 544) [connectionpool.py]
DEBUG (15/09/2026 09:14:37): Remote response: status=200 | data={"value":{"element-6066-11e4-a52e-4f735466cecf":"f.4F43718FA93D6414267F90606F9738F8.d.4124141701B4037D5393CDA2E347394A.e.734"}} | headers=HTTPHeaderDict({'Content-Length': '127', 'Content-Type': 'application/json; charset=utf-8', 'cache-control': 'no-cache'}) (Line: 436) [remote_connection.py]
DEBUG (15/09/2026 09:14:37): Finished Request (Line: 465) [remote_connection.py]
DEBUG (15/09/2026 09:14:37): POST http://localhost:62331/session/f81b76abdd2c93f3ee341da095e31ca1/execute/sync {'script': 'return arguments[0].textContent.trim();', 'args': [{'element-6066-11e4-a52e-4f735466cecf': 'f.4F43718FA93D6414267F90606F9738F8.d.4124141701B4037D5393CDA2E347394A.e.734'}]} (Line: 403) [remote_connection.py]
DEBUG (15/09/2026 09:14:37): http://localhost:62331 "POST /session/f81b76abdd2c93f3ee341da095e31ca1/execute/sync HTTP/1.1" 200 0 (Line: 544) [connectionpool.py]
DEBUG (15/09/2026 09:14:37): Remote response: status=200 | data={"value":"Дмитрий Дизель"} | headers=HTTPHeaderDict({'Content-Length': '39', 'Content-Type': 'application/json; charset=utf-8', 'cache-control': 'no-cache'}) (Line: 436) [remote_connection.py]
DEBUG (15/09/2026 09:14:37): Finished Request (Line: 465) [remote_connection.py]
DEBUG (15/09/2026 09:14:37): POST http://localhost:62331/session/f81b76abdd2c93f3ee341da095e31ca1/element/f.4F43718FA93D6414267F90606F9738F8.d.4124141701B4037D5393CDA2E347394A.e.633/element {'using': 'css selector', 'value': '.business-review-view__date span'} (Line: 403) [remote_connection.py]
DEBUG (15/09/2026 09:14:37): http://localhost:62331 "POST /session/f81b76abdd2c93f3ee341da095e31ca1/element/f.4F43718FA93D6414267F90606F9738F8.d.4124141701B4037D5393CDA2E347394A.e.633/element HTTP/1.1" 200 0 (Line: 544) [connectionpool.py]
DEBUG (15/09/2026 09:14:37): Remote response: status=200 | data={"value":{"element-6066-11e4-a52e-4f735466cecf":"f.4F43718FA93D6414267F90606F9738F8.d.4124141701B4037D5393CDA2E347394A.e.735"}} | headers=HTTPHeaderDict({'Content-Length': '127', 'Content-Type': 'application/json; charset=utf-8', 'cache-control': 'no-cache'}) (Line: 436) [remote_connection.py]
DEBUG (15/09/2026 09:14:37): Finished Request (Line: 465) [remote_connection.py]
DEBUG (15/09/2026 09:14:37): POST http://localhost:62331/session/f81b76abdd2c93f3ee341da095e31ca1/element/f.4F43718FA93D6414267F90606F9738F8.d.4124141701B4037D5393CDA2E347394A.e.633/element {'using': 'css selector', 'value': '.business-review-view__date span'} (Line: 403) [remote_connection.py]
DEBUG (15/09/2026 09:14:37): http://localhost:62331 "POST /session/f81b76abdd2c93f3ee341da095e31ca1/element/f.4F43718FA93D6414267F90606F9738F8.d.4124141701B4037D5393CDA2E347394A.e.633/element HTTP/1.1" 200 0 (Line: 544) [connectionpool.py]
DEBUG (15/09/2026 09:14:37): Remote response: status=200 | data={"value":{"element-6066-11e4-a52e-4f735466cecf":"f.4F43718FA93D6414267F90606F9738F8.d.4124141701B4037D5393CDA2E347394A.e.735"}} | headers=HTTPHeaderDict({'Content-Length': '127', 'Content-Type': 'application/json; charset=utf-8', 'cache-control': 'no-cache'}) (Line: 436) [remote_connection.py]
DEBUG (15/09/2026 09:14:37): Finished Request (Line: 465) [remote_connection.py]
DEBUG (15/09/2026 09:14:37): POST http://localhost:62331/session/f81b76abdd2c93f3ee341da095e31ca1/execute/sync {'script': 'return arguments[0].textContent.trim();', 'args': [{'element-6066-11e4-a52e-4f735466cecf': 'f.4F43718FA93D6414267F90606F9738F8.d.4124141701B4037D5393CDA2E347394A.e.735'}]} (Line: 403) [remote_connection.py]
DEBUG (15/09/2026 09:14:37): http://localhost:62331 "POST /session/f81b76abdd2c93f3ee341da095e31ca1/execute/sync HTTP/1.1" 200 0 (Line: 544) [connectionpool.py]
DEBUG (15/09/2026 09:14:37): Remote response: status=200 | data={"value":"25 октября 2024"} | headers=HTTPHeaderDict({'Content-Length': '34', 'Content-Type': 'application/json; charset=utf-8', 'cache-control': 'no-cache'}) (Line: 436) [remote_connection.py]
DEBUG (15/09/2026 09:14:37): Finished Request (Line: 465) [remote_connection.py]
DEBUG (15/09/2026 09:14:37): POST http://localhost:62331/session/f81b76abdd2c93f3ee341da095e31ca1/element/f.4F43718FA93D6414267F90606F9738F8.d.4124141701B4037D5393CDA2E347394A.e.633/element {'using': 'css selector', 'value': '._full'} (Line: 403) [remote_connection.py]
DEBUG (15/09/2026 09:14:37): http://localhost:62331 "POST /session/f81b76abdd2c93f3ee341da095e31ca1/element/f.4F43718FA93D6414267F90606F9738F8.d.4124141701B4037D5393CDA2E347394A.e.633/element HTTP/1.1" 200 0 (Line: 544) [connectionpool.py]
DEBUG (15/09/2026 09:14:37): Remote response: status=200 | data={"value":{"element-6066-11e4-a52e-4f735466cecf":"f.4F43718FA93D6414267F90606F9738F8.d.4124141701B4037D5393CDA2E347394A.e.736"}} | headers=HTTPHeaderDict({'Content-Length': '127', 'Content-Type': 'application/json; charset=utf-8', 'cache-control': 'no-cache'}) (Line: 436) [remote_connection.py]
DEBUG (15/09/2026 09:14:37): Finished Request (Line: 465) [remote_connection.py]
DEBUG (15/09/2026 09:14:37): POST http://localhost:62331/session/f81b76abdd2c93f3ee341da095e31ca1/element/f.4F43718FA93D6414267F90606F9738F8.d.4124141701B4037D5393CDA2E347394A.e.633/elements {'using': 'css selector', 'value': '._full'} (Line: 403) [remote_connection.py]
DEBUG (15/09/2026 09:14:37): http://localhost:62331 "POST /session/f81b76abdd2c93f3ee341da095e31ca1/element/f.4F43718FA93D6414267F90606F9738F8.d.4124141701B4037D5393CDA2E347394A.e.633/elements HTTP/1.1" 200 0 (Line: 544) [connectionpool.py]
DEBUG (15/09/2026 09:14:37): Remote response: status=200 | data={"value":[{"element-6066-11e4-a52e-4f735466cecf":"f.4F43718FA93D6414267F90606F9738F8.d.4124141701B4037D5393CDA2E347394A.e.736"},{"element-6066-11e4-a52e-4f735466cecf":"f.4F43718FA93D6414267F90606F9738F8.d.4124141701B4037D5393CDA2E347394A.e.737"},{"element-6066-11e4-a52e-4f735466cecf":"f.4F43718FA93D6414267F90606F9738F8.d.4124141701B4037D5393CDA2E347394A.e.738"},{"element-6066-11e4-a52e-4f735466cecf":"f.4F43718FA93D6414267F90606F9738F8.d.4124141701B4037D5393CDA2E347394A.e.739"},{"element-6066-11e4-a52e-4f735466cecf":"f.4F43718FA93D6414267F90606F9738F8.d.4124141701B4037D5393CDA2E347394A.e.740"}]} | headers=HTTPHeaderDict({'Content-Length': '601', 'Content-Type': 'application/json; charset=utf-8', 'cache-control': 'no-cache'}) (Line: 436) [remote_connection.py]
DEBUG (15/09/2026 09:14:37): Finished Request (Line: 465) [remote_connection.py]
DEBUG (15/09/2026 09:14:37): POST http://localhost:62331/session/f81b76abdd2c93f3ee341da095e31ca1/element/f.4F43718FA93D6414267F90606F9738F8.d.4124141701B4037D5393CDA2E347394A.e.633/element {'using': 'css selector', 'value': '.spoiler-view__text-container'} (Line: 403) [remote_connection.py]
DEBUG (15/09/2026 09:14:37): http://localhost:62331 "POST /session/f81b76abdd2c93f3ee341da095e31ca1/element/f.4F43718FA93D6414267F90606F9738F8.d.4124141701B4037D5393CDA2E347394A.e.633/element HTTP/1.1" 200 0 (Line: 544) [connectionpool.py]
DEBUG (15/09/2026 09:14:37): Remote response: status=200 | data={"value":{"element-6066-11e4-a52e-4f735466cecf":"f.4F43718FA93D6414267F90606F9738F8.d.4124141701B4037D5393CDA2E347394A.e.741"}} | headers=HTTPHeaderDict({'Content-Length': '127', 'Content-Type': 'application/json; charset=utf-8', 'cache-control': 'no-cache'}) (Line: 436) [remote_connection.py]
DEBUG (15/09/2026 09:14:37): Finished Request (Line: 465) [remote_connection.py]
DEBUG (15/09/2026 09:14:37): POST http://localhost:62331/session/f81b76abdd2c93f3ee341da095e31ca1/element/f.4F43718FA93D6414267F90606F9738F8.d.4124141701B4037D5393CDA2E347394A.e.633/element {'using': 'css selector', 'value': '.spoiler-view__text-container'} (Line: 403) [remote_connection.py]
DEBUG (15/09/2026 09:14:37): http://localhost:62331 "POST /session/f81b76abdd2c93f3ee341da095e31ca1/element/f.4F43718FA93D6414267F90606F9738F8.d.4124141701B4037D5393CDA2E347394A.e.633/element HTTP/1.1" 200 0 (Line: 544) [connectionpool.py]
DEBUG (15/09/2026 09:14:37): Remote response: status=200 | data={"value":{"element-6066-11e4-a52e-4f735466cecf":"f.4F43718FA93D6414267F90606F9738F8.d.4124141701B4037D5393CDA2E347394A.e.741"}} | headers=HTTPHeaderDict({'Content-Length': '127', 'Content-Type': 'application/json; charset=utf-8', 'cache-control': 'no-cache'}) (Line: 436) [remote_connection.py]
DEBUG (15/09/2026 09:14:37): Finished Request (Line: 465) [remote_connection.py]
DEBUG (15/09/2026 09:14:37): POST http://localhost:62331/session/f81b76abdd2c93f3ee341da095e31ca1/execute/sync {'script': 'return arguments[0].textContent.trim();', 'args': [{'element-6066-11e4-a52e-4f735466cecf': 'f.4F43718FA93D6414267F90606F9738F8.d.4124141701B4037D5393CDA2E347394A.e.741'}]} (Line: 403) [remote_connection.py]
DEBUG (15/09/2026 09:14:37): http://localhost:62331 "POST /session/f81b76abdd2c93f3ee341da095e31ca1/execute/sync HTTP/1.1" 200 0 (Line: 544) [connectionpool.py]
DEBUG (15/09/2026 09:14:37): Remote response: status=200 | data={"value":"Работают Профессионалы, Оперативно, Информация по наличию и на Заказ, Всегда Правильное отношение к Оформлению документов и доставки товара, Минусов пока не нашёл."} | headers=HTTPHeaderDict({'Content-Length': '312', 'Content-Type': 'application/json; charset=utf-8', 'cache-control': 'no-cache'}) (Line: 436) [remote_connection.py]
DEBUG (15/09/2026 09:14:37): Finished Request (Line: 465) [remote_connection.py]
DEBUG (15/09/2026 09:14:37): POST http://localhost:62331/session/f81b76abdd2c93f3ee341da095e31ca1/element/f.4F43718FA93D6414267F90606F9738F8.d.4124141701B4037D5393CDA2E347394A.e.633/element {'using': 'css selector', 'value': '.business-review-comment-content__date'} (Line: 403) [remote_connection.py]
DEBUG (15/09/2026 09:14:37): http://localhost:62331 "POST /session/f81b76abdd2c93f3ee341da095e31ca1/element/f.4F43718FA93D6414267F90606F9738F8.d.4124141701B4037D5393CDA2E347394A.e.633/element HTTP/1.1" 200 0 (Line: 544) [connectionpool.py]
DEBUG (15/09/2026 09:14:37): Remote response: status=200 | data={"value":{"element-6066-11e4-a52e-4f735466cecf":"f.4F43718FA93D6414267F90606F9738F8.d.4124141701B4037D5393CDA2E347394A.e.742"}} | headers=HTTPHeaderDict({'Content-Length': '127', 'Content-Type': 'application/json; charset=utf-8', 'cache-control': 'no-cache'}) (Line: 436) [remote_connection.py]
DEBUG (15/09/2026 09:14:37): Finished Request (Line: 465) [remote_connection.py]
DEBUG (15/09/2026 09:14:37): POST http://localhost:62331/session/f81b76abdd2c93f3ee341da095e31ca1/element/f.4F43718FA93D6414267F90606F9738F8.d.4124141701B4037D5393CDA2E347394A.e.633/element {'using': 'css selector', 'value': '.business-review-comment-content__date'} (Line: 403) [remote_connection.py]
DEBUG (15/09/2026 09:14:37): http://localhost:62331 "POST /session/f81b76abdd2c93f3ee341da095e31ca1/element/f.4F43718FA93D6414267F90606F9738F8.d.4124141701B4037D5393CDA2E347394A.e.633/element HTTP/1.1" 200 0 (Line: 544) [connectionpool.py]
DEBUG (15/09/2026 09:14:37): Remote response: status=200 | data={"value":{"element-6066-11e4-a52e-4f735466cecf":"f.4F43718FA93D6414267F90606F9738F8.d.4124141701B4037D5393CDA2E347394A.e.742"}} | headers=HTTPHeaderDict({'Content-Length': '127', 'Content-Type': 'application/json; charset=utf-8', 'cache-control': 'no-cache'}) (Line: 436) [remote_connection.py]
DEBUG (15/09/2026 09:14:37): Finished Request (Line: 465) [remote_connection.py]
DEBUG (15/09/2026 09:14:37): POST http://localhost:62331/session/f81b76abdd2c93f3ee341da095e31ca1/execute/sync {'script': 'return arguments[0].textContent.trim();', 'args': [{'element-6066-11e4-a52e-4f735466cecf': 'f.4F43718FA93D6414267F90606F9738F8.d.4124141701B4037D5393CDA2E347394A.e.742'}]} (Line: 403) [remote_connection.py]
DEBUG (15/09/2026 09:14:37): http://localhost:62331 "POST /session/f81b76abdd2c93f3ee341da095e31ca1/execute/sync HTTP/1.1" 200 0 (Line: 544) [connectionpool.py]
DEBUG (15/09/2026 09:14:37): Remote response: status=200 | data={"value":"29 октября 2024"} | headers=HTTPHeaderDict({'Content-Length': '34', 'Content-Type': 'application/json; charset=utf-8', 'cache-control': 'no-cache'}) (Line: 436) [remote_connection.py]
DEBUG (15/09/2026 09:14:37): Finished Request (Line: 465) [remote_connection.py]
DEBUG (15/09/2026 09:14:37): POST http://localhost:62331/session/f81b76abdd2c93f3ee341da095e31ca1/element/f.4F43718FA93D6414267F90606F9738F8.d.4124141701B4037D5393CDA2E347394A.e.633/element {'using': 'css selector', 'value': '.business-review-comment-content__bubble'} (Line: 403) [remote_connection.py]
DEBUG (15/09/2026 09:14:37): http://localhost:62331 "POST /session/f81b76abdd2c93f3ee341da095e31ca1/element/f.4F43718FA93D6414267F90606F9738F8.d.4124141701B4037D5393CDA2E347394A.e.633/element HTTP/1.1" 200 0 (Line: 544) [connectionpool.py]
DEBUG (15/09/2026 09:14:37): Remote response: status=200 | data={"value":{"element-6066-11e4-a52e-4f735466cecf":"f.4F43718FA93D6414267F90606F9738F8.d.4124141701B4037D5393CDA2E347394A.e.743"}} | headers=HTTPHeaderDict({'Content-Length': '127', 'Content-Type': 'application/json; charset=utf-8', 'cache-control': 'no-cache'}) (Line: 436) [remote_connection.py]
DEBUG (15/09/2026 09:14:37): Finished Request (Line: 465) [remote_connection.py]
DEBUG (15/09/2026 09:14:37): POST http://localhost:62331/session/f81b76abdd2c93f3ee341da095e31ca1/element/f.4F43718FA93D6414267F90606F9738F8.d.4124141701B4037D5393CDA2E347394A.e.633/element {'using': 'css selector', 'value': '.business-review-comment-content__bubble'} (Line: 403) [remote_connection.py]
DEBUG (15/09/2026 09:14:37): http://localhost:62331 "POST /session/f81b76abdd2c93f3ee341da095e31ca1/element/f.4F43718FA93D6414267F90606F9738F8.d.4124141701B4037D5393CDA2E347394A.e.633/element HTTP/1.1" 200 0 (Line: 544) [connectionpool.py]
DEBUG (15/09/2026 09:14:37): Remote response: status=200 | data={"value":{"element-6066-11e4-a52e-4f735466cecf":"f.4F43718FA93D6414267F90606F9738F8.d.4124141701B4037D5393CDA2E347394A.e.743"}} | headers=HTTPHeaderDict({'Content-Length': '127', 'Content-Type': 'application/json; charset=utf-8', 'cache-control': 'no-cache'}) (Line: 436) [remote_connection.py]
DEBUG (15/09/2026 09:14:37): Finished Request (Line: 465) [remote_connection.py]
DEBUG (15/09/2026 09:14:37): POST http://localhost:62331/session/f81b76abdd2c93f3ee341da095e31ca1/execute/sync {'script': 'return arguments[0].textContent.trim();', 'args': [{'element-6066-11e4-a52e-4f735466cecf': 'f.4F43718FA93D6414267F90606F9738F8.d.4124141701B4037D5393CDA2E347394A.e.743'}]} (Line: 403) [remote_connection.py]
DEBUG (15/09/2026 09:14:37): http://localhost:62331 "POST /session/f81b76abdd2c93f3ee341da095e31ca1/execute/sync HTTP/1.1" 200 0 (Line: 544) [connectionpool.py]
DEBUG (15/09/2026 09:14:37): Remote response: status=200 | data={"value":"Благодарим за положительный отзыв! Мы всегда стараемся быть профессионалами и оперативно обрабатывать заказы наших клиентов. Нам приятно, что у вас остались только положительные впечатления от нашей работы.\nС уважением, коллектив ООО \"АвтоДизельПарт\"."} | headers=HTTPHeaderDict({'Content-Length': '478', 'Content-Type': 'application/json; charset=utf-8', 'cache-control': 'no-cache'}) (Line: 436) [remote_connection.py]
DEBUG (15/09/2026 09:14:37): Finished Request (Line: 465) [remote_connection.py]
DEBUG (15/09/2026 09:14:37): POST http://localhost:62331/session/f81b76abdd2c93f3ee341da095e31ca1/element/f.4F43718FA93D6414267F90606F9738F8.d.4124141701B4037D5393CDA2E347394A.e.634/element {'using': 'css selector', 'value': '.business-review-comment-expandable-view__expand'} (Line: 403) [remote_connection.py]
DEBUG (15/09/2026 09:14:37): http://localhost:62331 "POST /session/f81b76abdd2c93f3ee341da095e31ca1/element/f.4F43718FA93D6414267F90606F9738F8.d.4124141701B4037D5393CDA2E347394A.e.634/element HTTP/1.1" 200 0 (Line: 544) [connectionpool.py]
DEBUG (15/09/2026 09:14:37): Remote response: status=200 | data={"value":{"element-6066-11e4-a52e-4f735466cecf":"f.4F43718FA93D6414267F90606F9738F8.d.4124141701B4037D5393CDA2E347394A.e.655"}} | headers=HTTPHeaderDict({'Content-Length': '127', 'Content-Type': 'application/json; charset=utf-8', 'cache-control': 'no-cache'}) (Line: 436) [remote_connection.py]
DEBUG (15/09/2026 09:14:37): Finished Request (Line: 465) [remote_connection.py]
DEBUG (15/09/2026 09:14:37): POST http://localhost:62331/session/f81b76abdd2c93f3ee341da095e31ca1/element/f.4F43718FA93D6414267F90606F9738F8.d.4124141701B4037D5393CDA2E347394A.e.634/element {'using': 'css selector', 'value': '.business-review-view__author-name span'} (Line: 403) [remote_connection.py]
DEBUG (15/09/2026 09:14:37): http://localhost:62331 "POST /session/f81b76abdd2c93f3ee341da095e31ca1/element/f.4F43718FA93D6414267F90606F9738F8.d.4124141701B4037D5393CDA2E347394A.e.634/element HTTP/1.1" 200 0 (Line: 544) [connectionpool.py]
DEBUG (15/09/2026 09:14:37): Remote response: status=200 | data={"value":{"element-6066-11e4-a52e-4f735466cecf":"f.4F43718FA93D6414267F90606F9738F8.d.4124141701B4037D5393CDA2E347394A.e.744"}} | headers=HTTPHeaderDict({'Content-Length': '127', 'Content-Type': 'application/json; charset=utf-8', 'cache-control': 'no-cache'}) (Line: 436) [remote_connection.py]
DEBUG (15/09/2026 09:14:37): Finished Request (Line: 465) [remote_connection.py]
DEBUG (15/09/2026 09:14:37): POST http://localhost:62331/session/f81b76abdd2c93f3ee341da095e31ca1/element/f.4F43718FA93D6414267F90606F9738F8.d.4124141701B4037D5393CDA2E347394A.e.634/element {'using': 'css selector', 'value': '.business-review-view__author-name span'} (Line: 403) [remote_connection.py]
DEBUG (15/09/2026 09:14:37): http://localhost:62331 "POST /session/f81b76abdd2c93f3ee341da095e31ca1/element/f.4F43718FA93D6414267F90606F9738F8.d.4124141701B4037D5393CDA2E347394A.e.634/element HTTP/1.1" 200 0 (Line: 544) [connectionpool.py]
DEBUG (15/09/2026 09:14:37): Remote response: status=200 | data={"value":{"element-6066-11e4-a52e-4f735466cecf":"f.4F43718FA93D6414267F90606F9738F8.d.4124141701B4037D5393CDA2E347394A.e.744"}} | headers=HTTPHeaderDict({'Content-Length': '127', 'Content-Type': 'application/json; charset=utf-8', 'cache-control': 'no-cache'}) (Line: 436) [remote_connection.py]
DEBUG (15/09/2026 09:14:37): Finished Request (Line: 465) [remote_connection.py]
DEBUG (15/09/2026 09:14:37): POST http://localhost:62331/session/f81b76abdd2c93f3ee341da095e31ca1/execute/sync {'script': 'return arguments[0].textContent.trim();', 'args': [{'element-6066-11e4-a52e-4f735466cecf': 'f.4F43718FA93D6414267F90606F9738F8.d.4124141701B4037D5393CDA2E347394A.e.744'}]} (Line: 403) [remote_connection.py]
DEBUG (15/09/2026 09:14:37): http://localhost:62331 "POST /session/f81b76abdd2c93f3ee341da095e31ca1/execute/sync HTTP/1.1" 200 0 (Line: 544) [connectionpool.py]
DEBUG (15/09/2026 09:14:37): Remote response: status=200 | data={"value":"Павел С."} | headers=HTTPHeaderDict({'Content-Length': '26', 'Content-Type': 'application/json; charset=utf-8', 'cache-control': 'no-cache'}) (Line: 436) [remote_connection.py]
DEBUG (15/09/2026 09:14:37): Finished Request (Line: 465) [remote_connection.py]
DEBUG (15/09/2026 09:14:37): POST http://localhost:62331/session/f81b76abdd2c93f3ee341da095e31ca1/element/f.4F43718FA93D6414267F90606F9738F8.d.4124141701B4037D5393CDA2E347394A.e.634/element {'using': 'css selector', 'value': '.business-review-view__date span'} (Line: 403) [remote_connection.py]
DEBUG (15/09/2026 09:14:37): http://localhost:62331 "POST /session/f81b76abdd2c93f3ee341da095e31ca1/element/f.4F43718FA93D6414267F90606F9738F8.d.4124141701B4037D5393CDA2E347394A.e.634/element HTTP/1.1" 200 0 (Line: 544) [connectionpool.py]
DEBUG (15/09/2026 09:14:37): Remote response: status=200 | data={"value":{"element-6066-11e4-a52e-4f735466cecf":"f.4F43718FA93D6414267F90606F9738F8.d.4124141701B4037D5393CDA2E347394A.e.745"}} | headers=HTTPHeaderDict({'Content-Length': '127', 'Content-Type': 'application/json; charset=utf-8', 'cache-control': 'no-cache'}) (Line: 436) [remote_connection.py]
DEBUG (15/09/2026 09:14:37): Finished Request (Line: 465) [remote_connection.py]
DEBUG (15/09/2026 09:14:37): POST http://localhost:62331/session/f81b76abdd2c93f3ee341da095e31ca1/element/f.4F43718FA93D6414267F90606F9738F8.d.4124141701B4037D5393CDA2E347394A.e.634/element {'using': 'css selector', 'value': '.business-review-view__date span'} (Line: 403) [remote_connection.py]
DEBUG (15/09/2026 09:14:37): http://localhost:62331 "POST /session/f81b76abdd2c93f3ee341da095e31ca1/element/f.4F43718FA93D6414267F90606F9738F8.d.4124141701B4037D5393CDA2E347394A.e.634/element HTTP/1.1" 200 0 (Line: 544) [connectionpool.py]
DEBUG (15/09/2026 09:14:37): Remote response: status=200 | data={"value":{"element-6066-11e4-a52e-4f735466cecf":"f.4F43718FA93D6414267F90606F9738F8.d.4124141701B4037D5393CDA2E347394A.e.745"}} | headers=HTTPHeaderDict({'Content-Length': '127', 'Content-Type': 'application/json; charset=utf-8', 'cache-control': 'no-cache'}) (Line: 436) [remote_connection.py]
DEBUG (15/09/2026 09:14:37): Finished Request (Line: 465) [remote_connection.py]
DEBUG (15/09/2026 09:14:37): POST http://localhost:62331/session/f81b76abdd2c93f3ee341da095e31ca1/execute/sync {'script': 'return arguments[0].textContent.trim();', 'args': [{'element-6066-11e4-a52e-4f735466cecf': 'f.4F43718FA93D6414267F90606F9738F8.d.4124141701B4037D5393CDA2E347394A.e.745'}]} (Line: 403) [remote_connection.py]
DEBUG (15/09/2026 09:14:37): http://localhost:62331 "POST /session/f81b76abdd2c93f3ee341da095e31ca1/execute/sync HTTP/1.1" 200 0 (Line: 544) [connectionpool.py]
DEBUG (15/09/2026 09:14:37): Remote response: status=200 | data={"value":"6 ноября 2024"} | headers=HTTPHeaderDict({'Content-Length': '31', 'Content-Type': 'application/json; charset=utf-8', 'cache-control': 'no-cache'}) (Line: 436) [remote_connection.py]
DEBUG (15/09/2026 09:14:37): Finished Request (Line: 465) [remote_connection.py]
DEBUG (15/09/2026 09:14:37): POST http://localhost:62331/session/f81b76abdd2c93f3ee341da095e31ca1/element/f.4F43718FA93D6414267F90606F9738F8.d.4124141701B4037D5393CDA2E347394A.e.634/element {'using': 'css selector', 'value': '._full'} (Line: 403) [remote_connection.py]
DEBUG (15/09/2026 09:14:37): http://localhost:62331 "POST /session/f81b76abdd2c93f3ee341da095e31ca1/element/f.4F43718FA93D6414267F90606F9738F8.d.4124141701B4037D5393CDA2E347394A.e.634/element HTTP/1.1" 200 0 (Line: 544) [connectionpool.py]
DEBUG (15/09/2026 09:14:37): Remote response: status=200 | data={"value":{"element-6066-11e4-a52e-4f735466cecf":"f.4F43718FA93D6414267F90606F9738F8.d.4124141701B4037D5393CDA2E347394A.e.746"}} | headers=HTTPHeaderDict({'Content-Length': '127', 'Content-Type': 'application/json; charset=utf-8', 'cache-control': 'no-cache'}) (Line: 436) [remote_connection.py]
DEBUG (15/09/2026 09:14:37): Finished Request (Line: 465) [remote_connection.py]
DEBUG (15/09/2026 09:14:37): POST http://localhost:62331/session/f81b76abdd2c93f3ee341da095e31ca1/element/f.4F43718FA93D6414267F90606F9738F8.d.4124141701B4037D5393CDA2E347394A.e.634/elements {'using': 'css selector', 'value': '._full'} (Line: 403) [remote_connection.py]
DEBUG (15/09/2026 09:14:37): http://localhost:62331 "POST /session/f81b76abdd2c93f3ee341da095e31ca1/element/f.4F43718FA93D6414267F90606F9738F8.d.4124141701B4037D5393CDA2E347394A.e.634/elements HTTP/1.1" 200 0 (Line: 544) [connectionpool.py]
DEBUG (15/09/2026 09:14:37): Remote response: status=200 | data={"value":[{"element-6066-11e4-a52e-4f735466cecf":"f.4F43718FA93D6414267F90606F9738F8.d.4124141701B4037D5393CDA2E347394A.e.746"},{"element-6066-11e4-a52e-4f735466cecf":"f.4F43718FA93D6414267F90606F9738F8.d.4124141701B4037D5393CDA2E347394A.e.747"},{"element-6066-11e4-a52e-4f735466cecf":"f.4F43718FA93D6414267F90606F9738F8.d.4124141701B4037D5393CDA2E347394A.e.748"},{"element-6066-11e4-a52e-4f735466cecf":"f.4F43718FA93D6414267F90606F9738F8.d.4124141701B4037D5393CDA2E347394A.e.749"},{"element-6066-11e4-a52e-4f735466cecf":"f.4F43718FA93D6414267F90606F9738F8.d.4124141701B4037D5393CDA2E347394A.e.750"}]} | headers=HTTPHeaderDict({'Content-Length': '601', 'Content-Type': 'application/json; charset=utf-8', 'cache-control': 'no-cache'}) (Line: 436) [remote_connection.py]
DEBUG (15/09/2026 09:14:37): Finished Request (Line: 465) [remote_connection.py]
DEBUG (15/09/2026 09:14:37): POST http://localhost:62331/session/f81b76abdd2c93f3ee341da095e31ca1/element/f.4F43718FA93D6414267F90606F9738F8.d.4124141701B4037D5393CDA2E347394A.e.634/element {'using': 'css selector', 'value': '.spoiler-view__text-container'} (Line: 403) [remote_connection.py]
DEBUG (15/09/2026 09:14:37): http://localhost:62331 "POST /session/f81b76abdd2c93f3ee341da095e31ca1/element/f.4F43718FA93D6414267F90606F9738F8.d.4124141701B4037D5393CDA2E347394A.e.634/element HTTP/1.1" 200 0 (Line: 544) [connectionpool.py]
DEBUG (15/09/2026 09:14:37): Remote response: status=200 | data={"value":{"element-6066-11e4-a52e-4f735466cecf":"f.4F43718FA93D6414267F90606F9738F8.d.4124141701B4037D5393CDA2E347394A.e.751"}} | headers=HTTPHeaderDict({'Content-Length': '127', 'Content-Type': 'application/json; charset=utf-8', 'cache-control': 'no-cache'}) (Line: 436) [remote_connection.py]
DEBUG (15/09/2026 09:14:37): Finished Request (Line: 465) [remote_connection.py]
DEBUG (15/09/2026 09:14:37): POST http://localhost:62331/session/f81b76abdd2c93f3ee341da095e31ca1/element/f.4F43718FA93D6414267F90606F9738F8.d.4124141701B4037D5393CDA2E347394A.e.634/element {'using': 'css selector', 'value': '.spoiler-view__text-container'} (Line: 403) [remote_connection.py]
DEBUG (15/09/2026 09:14:37): http://localhost:62331 "POST /session/f81b76abdd2c93f3ee341da095e31ca1/element/f.4F43718FA93D6414267F90606F9738F8.d.4124141701B4037D5393CDA2E347394A.e.634/element HTTP/1.1" 200 0 (Line: 544) [connectionpool.py]
DEBUG (15/09/2026 09:14:37): Remote response: status=200 | data={"value":{"element-6066-11e4-a52e-4f735466cecf":"f.4F43718FA93D6414267F90606F9738F8.d.4124141701B4037D5393CDA2E347394A.e.751"}} | headers=HTTPHeaderDict({'Content-Length': '127', 'Content-Type': 'application/json; charset=utf-8', 'cache-control': 'no-cache'}) (Line: 436) [remote_connection.py]
DEBUG (15/09/2026 09:14:37): Finished Request (Line: 465) [remote_connection.py]
DEBUG (15/09/2026 09:14:37): POST http://localhost:62331/session/f81b76abdd2c93f3ee341da095e31ca1/execute/sync {'script': 'return arguments[0].textContent.trim();', 'args': [{'element-6066-11e4-a52e-4f735466cecf': 'f.4F43718FA93D6414267F90606F9738F8.d.4124141701B4037D5393CDA2E347394A.e.751'}]} (Line: 403) [remote_connection.py]
DEBUG (15/09/2026 09:14:37): http://localhost:62331 "POST /session/f81b76abdd2c93f3ee341da095e31ca1/execute/sync HTTP/1.1" 200 0 (Line: 544) [connectionpool.py]
DEBUG (15/09/2026 09:14:37): Remote response: status=200 | data={"value":"Работаем постоянно, сбоев, недопониманий нет. Зарекомендовали себя как надежный поставщик с отличным ассортиментом и гибкой системой цен. Сотрудничеством довольны, будем продолжать наращивать!"} | headers=HTTPHeaderDict({'Content-Length': '369', 'Content-Type': 'application/json; charset=utf-8', 'cache-control': 'no-cache'}) (Line: 436) [remote_connection.py]
DEBUG (15/09/2026 09:14:37): Finished Request (Line: 465) [remote_connection.py]
DEBUG (15/09/2026 09:14:37): POST http://localhost:62331/session/f81b76abdd2c93f3ee341da095e31ca1/element/f.4F43718FA93D6414267F90606F9738F8.d.4124141701B4037D5393CDA2E347394A.e.634/element {'using': 'css selector', 'value': '.business-review-comment-content__date'} (Line: 403) [remote_connection.py]
DEBUG (15/09/2026 09:14:37): http://localhost:62331 "POST /session/f81b76abdd2c93f3ee341da095e31ca1/element/f.4F43718FA93D6414267F90606F9738F8.d.4124141701B4037D5393CDA2E347394A.e.634/element HTTP/1.1" 200 0 (Line: 544) [connectionpool.py]
DEBUG (15/09/2026 09:14:37): Remote response: status=200 | data={"value":{"element-6066-11e4-a52e-4f735466cecf":"f.4F43718FA93D6414267F90606F9738F8.d.4124141701B4037D5393CDA2E347394A.e.752"}} | headers=HTTPHeaderDict({'Content-Length': '127', 'Content-Type': 'application/json; charset=utf-8', 'cache-control': 'no-cache'}) (Line: 436) [remote_connection.py]
DEBUG (15/09/2026 09:14:37): Finished Request (Line: 465) [remote_connection.py]
DEBUG (15/09/2026 09:14:37): POST http://localhost:62331/session/f81b76abdd2c93f3ee341da095e31ca1/element/f.4F43718FA93D6414267F90606F9738F8.d.4124141701B4037D5393CDA2E347394A.e.634/element {'using': 'css selector', 'value': '.business-review-comment-content__date'} (Line: 403) [remote_connection.py]
DEBUG (15/09/2026 09:14:37): http://localhost:62331 "POST /session/f81b76abdd2c93f3ee341da095e31ca1/element/f.4F43718FA93D6414267F90606F9738F8.d.4124141701B4037D5393CDA2E347394A.e.634/element HTTP/1.1" 200 0 (Line: 544) [connectionpool.py]
DEBUG (15/09/2026 09:14:37): Remote response: status=200 | data={"value":{"element-6066-11e4-a52e-4f735466cecf":"f.4F43718FA93D6414267F90606F9738F8.d.4124141701B4037D5393CDA2E347394A.e.752"}} | headers=HTTPHeaderDict({'Content-Length': '127', 'Content-Type': 'application/json; charset=utf-8', 'cache-control': 'no-cache'}) (Line: 436) [remote_connection.py]
DEBUG (15/09/2026 09:14:37): Finished Request (Line: 465) [remote_connection.py]
DEBUG (15/09/2026 09:14:37): POST http://localhost:62331/session/f81b76abdd2c93f3ee341da095e31ca1/execute/sync {'script': 'return arguments[0].textContent.trim();', 'args': [{'element-6066-11e4-a52e-4f735466cecf': 'f.4F43718FA93D6414267F90606F9738F8.d.4124141701B4037D5393CDA2E347394A.e.752'}]} (Line: 403) [remote_connection.py]
DEBUG (15/09/2026 09:14:37): http://localhost:62331 "POST /session/f81b76abdd2c93f3ee341da095e31ca1/execute/sync HTTP/1.1" 200 0 (Line: 544) [connectionpool.py]
DEBUG (15/09/2026 09:14:37): Remote response: status=200 | data={"value":"13 ноября 2024"} | headers=HTTPHeaderDict({'Content-Length': '32', 'Content-Type': 'application/json; charset=utf-8', 'cache-control': 'no-cache'}) (Line: 436) [remote_connection.py]
DEBUG (15/09/2026 09:14:37): Finished Request (Line: 465) [remote_connection.py]
DEBUG (15/09/2026 09:14:37): POST http://localhost:62331/session/f81b76abdd2c93f3ee341da095e31ca1/element/f.4F43718FA93D6414267F90606F9738F8.d.4124141701B4037D5393CDA2E347394A.e.634/element {'using': 'css selector', 'value': '.business-review-comment-content__bubble'} (Line: 403) [remote_connection.py]
DEBUG (15/09/2026 09:14:37): http://localhost:62331 "POST /session/f81b76abdd2c93f3ee341da095e31ca1/element/f.4F43718FA93D6414267F90606F9738F8.d.4124141701B4037D5393CDA2E347394A.e.634/element HTTP/1.1" 200 0 (Line: 544) [connectionpool.py]
DEBUG (15/09/2026 09:14:37): Remote response: status=200 | data={"value":{"element-6066-11e4-a52e-4f735466cecf":"f.4F43718FA93D6414267F90606F9738F8.d.4124141701B4037D5393CDA2E347394A.e.753"}} | headers=HTTPHeaderDict({'Content-Length': '127', 'Content-Type': 'application/json; charset=utf-8', 'cache-control': 'no-cache'}) (Line: 436) [remote_connection.py]
DEBUG (15/09/2026 09:14:37): Finished Request (Line: 465) [remote_connection.py]
DEBUG (15/09/2026 09:14:37): POST http://localhost:62331/session/f81b76abdd2c93f3ee341da095e31ca1/element/f.4F43718FA93D6414267F90606F9738F8.d.4124141701B4037D5393CDA2E347394A.e.634/element {'using': 'css selector', 'value': '.business-review-comment-content__bubble'} (Line: 403) [remote_connection.py]
DEBUG (15/09/2026 09:14:37): http://localhost:62331 "POST /session/f81b76abdd2c93f3ee341da095e31ca1/element/f.4F43718FA93D6414267F90606F9738F8.d.4124141701B4037D5393CDA2E347394A.e.634/element HTTP/1.1" 200 0 (Line: 544) [connectionpool.py]
DEBUG (15/09/2026 09:14:37): Remote response: status=200 | data={"value":{"element-6066-11e4-a52e-4f735466cecf":"f.4F43718FA93D6414267F90606F9738F8.d.4124141701B4037D5393CDA2E347394A.e.753"}} | headers=HTTPHeaderDict({'Content-Length': '127', 'Content-Type': 'application/json; charset=utf-8', 'cache-control': 'no-cache'}) (Line: 436) [remote_connection.py]
DEBUG (15/09/2026 09:14:37): Finished Request (Line: 465) [remote_connection.py]
DEBUG (15/09/2026 09:14:37): POST http://localhost:62331/session/f81b76abdd2c93f3ee341da095e31ca1/execute/sync {'script': 'return arguments[0].textContent.trim();', 'args': [{'element-6066-11e4-a52e-4f735466cecf': 'f.4F43718FA93D6414267F90606F9738F8.d.4124141701B4037D5393CDA2E347394A.e.753'}]} (Line: 403) [remote_connection.py]
DEBUG (15/09/2026 09:14:37): http://localhost:62331 "POST /session/f81b76abdd2c93f3ee341da095e31ca1/execute/sync HTTP/1.1" 200 0 (Line: 544) [connectionpool.py]
DEBUG (15/09/2026 09:14:37): Remote response: status=200 | data={"value":"Благодарим за ваш отзыв! Мы рады, что сотрудничество приносит вам удовольствие и положительный опыт. Мы ценим ваше доверие и готовы продолжать наращивать наше партнёрство в будущем. \nС уважением, коллектив ООО \"АвтоДизельПарт\"."} | headers=HTTPHeaderDict({'Content-Length': '430', 'Content-Type': 'application/json; charset=utf-8', 'cache-control': 'no-cache'}) (Line: 436) [remote_connection.py]
DEBUG (15/09/2026 09:14:37): Finished Request (Line: 465) [remote_connection.py]
DEBUG (15/09/2026 09:14:37): POST http://localhost:62331/session/f81b76abdd2c93f3ee341da095e31ca1/element/f.4F43718FA93D6414267F90606F9738F8.d.4124141701B4037D5393CDA2E347394A.e.635/element {'using': 'css selector', 'value': '.business-review-comment-expandable-view__expand'} (Line: 403) [remote_connection.py]
DEBUG (15/09/2026 09:14:37): http://localhost:62331 "POST /session/f81b76abdd2c93f3ee341da095e31ca1/element/f.4F43718FA93D6414267F90606F9738F8.d.4124141701B4037D5393CDA2E347394A.e.635/element HTTP/1.1" 200 0 (Line: 544) [connectionpool.py]
DEBUG (15/09/2026 09:14:37): Remote response: status=200 | data={"value":{"element-6066-11e4-a52e-4f735466cecf":"f.4F43718FA93D6414267F90606F9738F8.d.4124141701B4037D5393CDA2E347394A.e.656"}} | headers=HTTPHeaderDict({'Content-Length': '127', 'Content-Type': 'application/json; charset=utf-8', 'cache-control': 'no-cache'}) (Line: 436) [remote_connection.py]
DEBUG (15/09/2026 09:14:37): Finished Request (Line: 465) [remote_connection.py]
DEBUG (15/09/2026 09:14:37): POST http://localhost:62331/session/f81b76abdd2c93f3ee341da095e31ca1/element/f.4F43718FA93D6414267F90606F9738F8.d.4124141701B4037D5393CDA2E347394A.e.635/element {'using': 'css selector', 'value': '.business-review-view__author-name span'} (Line: 403) [remote_connection.py]
DEBUG (15/09/2026 09:14:37): http://localhost:62331 "POST /session/f81b76abdd2c93f3ee341da095e31ca1/element/f.4F43718FA93D6414267F90606F9738F8.d.4124141701B4037D5393CDA2E347394A.e.635/element HTTP/1.1" 200 0 (Line: 544) [connectionpool.py]
DEBUG (15/09/2026 09:14:37): Remote response: status=200 | data={"value":{"element-6066-11e4-a52e-4f735466cecf":"f.4F43718FA93D6414267F90606F9738F8.d.4124141701B4037D5393CDA2E347394A.e.754"}} | headers=HTTPHeaderDict({'Content-Length': '127', 'Content-Type': 'application/json; charset=utf-8', 'cache-control': 'no-cache'}) (Line: 436) [remote_connection.py]
DEBUG (15/09/2026 09:14:37): Finished Request (Line: 465) [remote_connection.py]
DEBUG (15/09/2026 09:14:37): POST http://localhost:62331/session/f81b76abdd2c93f3ee341da095e31ca1/element/f.4F43718FA93D6414267F90606F9738F8.d.4124141701B4037D5393CDA2E347394A.e.635/element {'using': 'css selector', 'value': '.business-review-view__author-name span'} (Line: 403) [remote_connection.py]
DEBUG (15/09/2026 09:14:37): http://localhost:62331 "POST /session/f81b76abdd2c93f3ee341da095e31ca1/element/f.4F43718FA93D6414267F90606F9738F8.d.4124141701B4037D5393CDA2E347394A.e.635/element HTTP/1.1" 200 0 (Line: 544) [connectionpool.py]
DEBUG (15/09/2026 09:14:37): Remote response: status=200 | data={"value":{"element-6066-11e4-a52e-4f735466cecf":"f.4F43718FA93D6414267F90606F9738F8.d.4124141701B4037D5393CDA2E347394A.e.754"}} | headers=HTTPHeaderDict({'Content-Length': '127', 'Content-Type': 'application/json; charset=utf-8', 'cache-control': 'no-cache'}) (Line: 436) [remote_connection.py]
DEBUG (15/09/2026 09:14:37): Finished Request (Line: 465) [remote_connection.py]
DEBUG (15/09/2026 09:14:37): POST http://localhost:62331/session/f81b76abdd2c93f3ee341da095e31ca1/execute/sync {'script': 'return arguments[0].textContent.trim();', 'args': [{'element-6066-11e4-a52e-4f735466cecf': 'f.4F43718FA93D6414267F90606F9738F8.d.4124141701B4037D5393CDA2E347394A.e.754'}]} (Line: 403) [remote_connection.py]
DEBUG (15/09/2026 09:14:37): http://localhost:62331 "POST /session/f81b76abdd2c93f3ee341da095e31ca1/execute/sync HTTP/1.1" 200 0 (Line: 544) [connectionpool.py]
DEBUG (15/09/2026 09:14:37): Remote response: status=200 | data={"value":"Dieselyarservice"} | headers=HTTPHeaderDict({'Content-Length': '28', 'Content-Type': 'application/json; charset=utf-8', 'cache-control': 'no-cache'}) (Line: 436) [remote_connection.py]
DEBUG (15/09/2026 09:14:37): Finished Request (Line: 465) [remote_connection.py]
DEBUG (15/09/2026 09:14:37): POST http://localhost:62331/session/f81b76abdd2c93f3ee341da095e31ca1/element/f.4F43718FA93D6414267F90606F9738F8.d.4124141701B4037D5393CDA2E347394A.e.635/element {'using': 'css selector', 'value': '.business-review-view__date span'} (Line: 403) [remote_connection.py]
DEBUG (15/09/2026 09:14:37): http://localhost:62331 "POST /session/f81b76abdd2c93f3ee341da095e31ca1/element/f.4F43718FA93D6414267F90606F9738F8.d.4124141701B4037D5393CDA2E347394A.e.635/element HTTP/1.1" 200 0 (Line: 544) [connectionpool.py]
DEBUG (15/09/2026 09:14:37): Remote response: status=200 | data={"value":{"element-6066-11e4-a52e-4f735466cecf":"f.4F43718FA93D6414267F90606F9738F8.d.4124141701B4037D5393CDA2E347394A.e.755"}} | headers=HTTPHeaderDict({'Content-Length': '127', 'Content-Type': 'application/json; charset=utf-8', 'cache-control': 'no-cache'}) (Line: 436) [remote_connection.py]
DEBUG (15/09/2026 09:14:37): Finished Request (Line: 465) [remote_connection.py]
DEBUG (15/09/2026 09:14:37): POST http://localhost:62331/session/f81b76abdd2c93f3ee341da095e31ca1/element/f.4F43718FA93D6414267F90606F9738F8.d.4124141701B4037D5393CDA2E347394A.e.635/element {'using': 'css selector', 'value': '.business-review-view__date span'} (Line: 403) [remote_connection.py]
DEBUG (15/09/2026 09:14:37): http://localhost:62331 "POST /session/f81b76abdd2c93f3ee341da095e31ca1/element/f.4F43718FA93D6414267F90606F9738F8.d.4124141701B4037D5393CDA2E347394A.e.635/element HTTP/1.1" 200 0 (Line: 544) [connectionpool.py]
DEBUG (15/09/2026 09:14:37): Remote response: status=200 | data={"value":{"element-6066-11e4-a52e-4f735466cecf":"f.4F43718FA93D6414267F90606F9738F8.d.4124141701B4037D5393CDA2E347394A.e.755"}} | headers=HTTPHeaderDict({'Content-Length': '127', 'Content-Type': 'application/json; charset=utf-8', 'cache-control': 'no-cache'}) (Line: 436) [remote_connection.py]
DEBUG (15/09/2026 09:14:37): Finished Request (Line: 465) [remote_connection.py]
DEBUG (15/09/2026 09:14:37): POST http://localhost:62331/session/f81b76abdd2c93f3ee341da095e31ca1/execute/sync {'script': 'return arguments[0].textContent.trim();', 'args': [{'element-6066-11e4-a52e-4f735466cecf': 'f.4F43718FA93D6414267F90606F9738F8.d.4124141701B4037D5393CDA2E347394A.e.755'}]} (Line: 403) [remote_connection.py]
DEBUG (15/09/2026 09:14:37): http://localhost:62331 "POST /session/f81b76abdd2c93f3ee341da095e31ca1/execute/sync HTTP/1.1" 200 0 (Line: 544) [connectionpool.py]
DEBUG (15/09/2026 09:14:37): Remote response: status=200 | data={"value":"10 ноября 2024"} | headers=HTTPHeaderDict({'Content-Length': '32', 'Content-Type': 'application/json; charset=utf-8', 'cache-control': 'no-cache'}) (Line: 436) [remote_connection.py]
DEBUG (15/09/2026 09:14:37): Finished Request (Line: 465) [remote_connection.py]
DEBUG (15/09/2026 09:14:37): POST http://localhost:62331/session/f81b76abdd2c93f3ee341da095e31ca1/element/f.4F43718FA93D6414267F90606F9738F8.d.4124141701B4037D5393CDA2E347394A.e.635/element {'using': 'css selector', 'value': '._full'} (Line: 403) [remote_connection.py]
DEBUG (15/09/2026 09:14:37): http://localhost:62331 "POST /session/f81b76abdd2c93f3ee341da095e31ca1/element/f.4F43718FA93D6414267F90606F9738F8.d.4124141701B4037D5393CDA2E347394A.e.635/element HTTP/1.1" 200 0 (Line: 544) [connectionpool.py]
DEBUG (15/09/2026 09:14:37): Remote response: status=200 | data={"value":{"element-6066-11e4-a52e-4f735466cecf":"f.4F43718FA93D6414267F90606F9738F8.d.4124141701B4037D5393CDA2E347394A.e.756"}} | headers=HTTPHeaderDict({'Content-Length': '127', 'Content-Type': 'application/json; charset=utf-8', 'cache-control': 'no-cache'}) (Line: 436) [remote_connection.py]
DEBUG (15/09/2026 09:14:37): Finished Request (Line: 465) [remote_connection.py]
DEBUG (15/09/2026 09:14:37): POST http://localhost:62331/session/f81b76abdd2c93f3ee341da095e31ca1/element/f.4F43718FA93D6414267F90606F9738F8.d.4124141701B4037D5393CDA2E347394A.e.635/elements {'using': 'css selector', 'value': '._full'} (Line: 403) [remote_connection.py]
DEBUG (15/09/2026 09:14:37): http://localhost:62331 "POST /session/f81b76abdd2c93f3ee341da095e31ca1/element/f.4F43718FA93D6414267F90606F9738F8.d.4124141701B4037D5393CDA2E347394A.e.635/elements HTTP/1.1" 200 0 (Line: 544) [connectionpool.py]
DEBUG (15/09/2026 09:14:37): Remote response: status=200 | data={"value":[{"element-6066-11e4-a52e-4f735466cecf":"f.4F43718FA93D6414267F90606F9738F8.d.4124141701B4037D5393CDA2E347394A.e.756"},{"element-6066-11e4-a52e-4f735466cecf":"f.4F43718FA93D6414267F90606F9738F8.d.4124141701B4037D5393CDA2E347394A.e.757"},{"element-6066-11e4-a52e-4f735466cecf":"f.4F43718FA93D6414267F90606F9738F8.d.4124141701B4037D5393CDA2E347394A.e.758"},{"element-6066-11e4-a52e-4f735466cecf":"f.4F43718FA93D6414267F90606F9738F8.d.4124141701B4037D5393CDA2E347394A.e.759"},{"element-6066-11e4-a52e-4f735466cecf":"f.4F43718FA93D6414267F90606F9738F8.d.4124141701B4037D5393CDA2E347394A.e.760"}]} | headers=HTTPHeaderDict({'Content-Length': '601', 'Content-Type': 'application/json; charset=utf-8', 'cache-control': 'no-cache'}) (Line: 436) [remote_connection.py]
DEBUG (15/09/2026 09:14:37): Finished Request (Line: 465) [remote_connection.py]
DEBUG (15/09/2026 09:14:37): POST http://localhost:62331/session/f81b76abdd2c93f3ee341da095e31ca1/element/f.4F43718FA93D6414267F90606F9738F8.d.4124141701B4037D5393CDA2E347394A.e.635/element {'using': 'css selector', 'value': '.spoiler-view__text-container'} (Line: 403) [remote_connection.py]
DEBUG (15/09/2026 09:14:37): http://localhost:62331 "POST /session/f81b76abdd2c93f3ee341da095e31ca1/element/f.4F43718FA93D6414267F90606F9738F8.d.4124141701B4037D5393CDA2E347394A.e.635/element HTTP/1.1" 200 0 (Line: 544) [connectionpool.py]
DEBUG (15/09/2026 09:14:37): Remote response: status=200 | data={"value":{"element-6066-11e4-a52e-4f735466cecf":"f.4F43718FA93D6414267F90606F9738F8.d.4124141701B4037D5393CDA2E347394A.e.761"}} | headers=HTTPHeaderDict({'Content-Length': '127', 'Content-Type': 'application/json; charset=utf-8', 'cache-control': 'no-cache'}) (Line: 436) [remote_connection.py]
DEBUG (15/09/2026 09:14:37): Finished Request (Line: 465) [remote_connection.py]
DEBUG (15/09/2026 09:14:37): POST http://localhost:62331/session/f81b76abdd2c93f3ee341da095e31ca1/element/f.4F43718FA93D6414267F90606F9738F8.d.4124141701B4037D5393CDA2E347394A.e.635/element {'using': 'css selector', 'value': '.spoiler-view__text-container'} (Line: 403) [remote_connection.py]
DEBUG (15/09/2026 09:14:37): http://localhost:62331 "POST /session/f81b76abdd2c93f3ee341da095e31ca1/element/f.4F43718FA93D6414267F90606F9738F8.d.4124141701B4037D5393CDA2E347394A.e.635/element HTTP/1.1" 200 0 (Line: 544) [connectionpool.py]
DEBUG (15/09/2026 09:14:37): Remote response: status=200 | data={"value":{"element-6066-11e4-a52e-4f735466cecf":"f.4F43718FA93D6414267F90606F9738F8.d.4124141701B4037D5393CDA2E347394A.e.761"}} | headers=HTTPHeaderDict({'Content-Length': '127', 'Content-Type': 'application/json; charset=utf-8', 'cache-control': 'no-cache'}) (Line: 436) [remote_connection.py]
DEBUG (15/09/2026 09:14:37): Finished Request (Line: 465) [remote_connection.py]
DEBUG (15/09/2026 09:14:37): POST http://localhost:62331/session/f81b76abdd2c93f3ee341da095e31ca1/execute/sync {'script': 'return arguments[0].textContent.trim();', 'args': [{'element-6066-11e4-a52e-4f735466cecf': 'f.4F43718FA93D6414267F90606F9738F8.d.4124141701B4037D5393CDA2E347394A.e.761'}]} (Line: 403) [remote_connection.py]
DEBUG (15/09/2026 09:14:37): http://localhost:62331 "POST /session/f81b76abdd2c93f3ee341da095e31ca1/execute/sync HTTP/1.1" 200 0 (Line: 544) [connectionpool.py]
DEBUG (15/09/2026 09:14:37): Remote response: status=200 | data={"value":"Давно сотрудничаем с Автодизельпартом. Наверное, один из самых крупных поставщиков запчастей для ремонта и обслуживания топливной аппаратуры. В большом ассортименте как оригинальные запчасти, так и качественные аналоги."} | headers=HTTPHeaderDict({'Content-Length': '419', 'Content-Type': 'application/json; charset=utf-8', 'cache-control': 'no-cache'}) (Line: 436) [remote_connection.py]
DEBUG (15/09/2026 09:14:37): Finished Request (Line: 465) [remote_connection.py]
DEBUG (15/09/2026 09:14:37): POST http://localhost:62331/session/f81b76abdd2c93f3ee341da095e31ca1/element/f.4F43718FA93D6414267F90606F9738F8.d.4124141701B4037D5393CDA2E347394A.e.635/element {'using': 'css selector', 'value': '.business-review-comment-content__date'} (Line: 403) [remote_connection.py]
DEBUG (15/09/2026 09:14:37): http://localhost:62331 "POST /session/f81b76abdd2c93f3ee341da095e31ca1/element/f.4F43718FA93D6414267F90606F9738F8.d.4124141701B4037D5393CDA2E347394A.e.635/element HTTP/1.1" 200 0 (Line: 544) [connectionpool.py]
DEBUG (15/09/2026 09:14:37): Remote response: status=200 | data={"value":{"element-6066-11e4-a52e-4f735466cecf":"f.4F43718FA93D6414267F90606F9738F8.d.4124141701B4037D5393CDA2E347394A.e.762"}} | headers=HTTPHeaderDict({'Content-Length': '127', 'Content-Type': 'application/json; charset=utf-8', 'cache-control': 'no-cache'}) (Line: 436) [remote_connection.py]
DEBUG (15/09/2026 09:14:37): Finished Request (Line: 465) [remote_connection.py]
DEBUG (15/09/2026 09:14:37): POST http://localhost:62331/session/f81b76abdd2c93f3ee341da095e31ca1/element/f.4F43718FA93D6414267F90606F9738F8.d.4124141701B4037D5393CDA2E347394A.e.635/element {'using': 'css selector', 'value': '.business-review-comment-content__date'} (Line: 403) [remote_connection.py]
DEBUG (15/09/2026 09:14:37): http://localhost:62331 "POST /session/f81b76abdd2c93f3ee341da095e31ca1/element/f.4F43718FA93D6414267F90606F9738F8.d.4124141701B4037D5393CDA2E347394A.e.635/element HTTP/1.1" 200 0 (Line: 544) [connectionpool.py]
DEBUG (15/09/2026 09:14:37): Remote response: status=200 | data={"value":{"element-6066-11e4-a52e-4f735466cecf":"f.4F43718FA93D6414267F90606F9738F8.d.4124141701B4037D5393CDA2E347394A.e.762"}} | headers=HTTPHeaderDict({'Content-Length': '127', 'Content-Type': 'application/json; charset=utf-8', 'cache-control': 'no-cache'}) (Line: 436) [remote_connection.py]
DEBUG (15/09/2026 09:14:37): Finished Request (Line: 465) [remote_connection.py]
DEBUG (15/09/2026 09:14:37): POST http://localhost:62331/session/f81b76abdd2c93f3ee341da095e31ca1/execute/sync {'script': 'return arguments[0].textContent.trim();', 'args': [{'element-6066-11e4-a52e-4f735466cecf': 'f.4F43718FA93D6414267F90606F9738F8.d.4124141701B4037D5393CDA2E347394A.e.762'}]} (Line: 403) [remote_connection.py]
DEBUG (15/09/2026 09:14:37): http://localhost:62331 "POST /session/f81b76abdd2c93f3ee341da095e31ca1/execute/sync HTTP/1.1" 200 0 (Line: 544) [connectionpool.py]
DEBUG (15/09/2026 09:14:37): Remote response: status=200 | data={"value":"13 ноября 2024"} | headers=HTTPHeaderDict({'Content-Length': '32', 'Content-Type': 'application/json; charset=utf-8', 'cache-control': 'no-cache'}) (Line: 436) [remote_connection.py]
DEBUG (15/09/2026 09:14:37): Finished Request (Line: 465) [remote_connection.py]
DEBUG (15/09/2026 09:14:37): POST http://localhost:62331/session/f81b76abdd2c93f3ee341da095e31ca1/element/f.4F43718FA93D6414267F90606F9738F8.d.4124141701B4037D5393CDA2E347394A.e.635/element {'using': 'css selector', 'value': '.business-review-comment-content__bubble'} (Line: 403) [remote_connection.py]
DEBUG (15/09/2026 09:14:37): http://localhost:62331 "POST /session/f81b76abdd2c93f3ee341da095e31ca1/element/f.4F43718FA93D6414267F90606F9738F8.d.4124141701B4037D5393CDA2E347394A.e.635/element HTTP/1.1" 200 0 (Line: 544) [connectionpool.py]
DEBUG (15/09/2026 09:14:37): Remote response: status=200 | data={"value":{"element-6066-11e4-a52e-4f735466cecf":"f.4F43718FA93D6414267F90606F9738F8.d.4124141701B4037D5393CDA2E347394A.e.763"}} | headers=HTTPHeaderDict({'Content-Length': '127', 'Content-Type': 'application/json; charset=utf-8', 'cache-control': 'no-cache'}) (Line: 436) [remote_connection.py]
DEBUG (15/09/2026 09:14:37): Finished Request (Line: 465) [remote_connection.py]
DEBUG (15/09/2026 09:14:37): POST http://localhost:62331/session/f81b76abdd2c93f3ee341da095e31ca1/element/f.4F43718FA93D6414267F90606F9738F8.d.4124141701B4037D5393CDA2E347394A.e.635/element {'using': 'css selector', 'value': '.business-review-comment-content__bubble'} (Line: 403) [remote_connection.py]
DEBUG (15/09/2026 09:14:37): http://localhost:62331 "POST /session/f81b76abdd2c93f3ee341da095e31ca1/element/f.4F43718FA93D6414267F90606F9738F8.d.4124141701B4037D5393CDA2E347394A.e.635/element HTTP/1.1" 200 0 (Line: 544) [connectionpool.py]
DEBUG (15/09/2026 09:14:37): Remote response: status=200 | data={"value":{"element-6066-11e4-a52e-4f735466cecf":"f.4F43718FA93D6414267F90606F9738F8.d.4124141701B4037D5393CDA2E347394A.e.763"}} | headers=HTTPHeaderDict({'Content-Length': '127', 'Content-Type': 'application/json; charset=utf-8', 'cache-control': 'no-cache'}) (Line: 436) [remote_connection.py]
DEBUG (15/09/2026 09:14:37): Finished Request (Line: 465) [remote_connection.py]
DEBUG (15/09/2026 09:14:37): POST http://localhost:62331/session/f81b76abdd2c93f3ee341da095e31ca1/execute/sync {'script': 'return arguments[0].textContent.trim();', 'args': [{'element-6066-11e4-a52e-4f735466cecf': 'f.4F43718FA93D6414267F90606F9738F8.d.4124141701B4037D5393CDA2E347394A.e.763'}]} (Line: 403) [remote_connection.py]
DEBUG (15/09/2026 09:14:37): http://localhost:62331 "POST /session/f81b76abdd2c93f3ee341da095e31ca1/execute/sync HTTP/1.1" 200 0 (Line: 544) [connectionpool.py]
DEBUG (15/09/2026 09:14:37): Remote response: status=200 | data={"value":"Благодарим вас за долгосрочное сотрудничество с нашей компанией! Мы постоянно работаем над расширением ассортимента и предлагаем нашим клиентам только самые качественные запчасти для топливной аппаратуры. Надеемся на дальнейшее успешное сотрудничество!\nС уважением, коллектив ООО \"АвтоДизельПарт\"."} | headers=HTTPHeaderDict({'Content-Length': '568', 'Content-Type': 'application/json; charset=utf-8', 'cache-control': 'no-cache'}) (Line: 436) [remote_connection.py]
DEBUG (15/09/2026 09:14:37): Finished Request (Line: 465) [remote_connection.py]
DEBUG (15/09/2026 09:14:38): POST http://localhost:62331/session/f81b76abdd2c93f3ee341da095e31ca1/element/f.4F43718FA93D6414267F90606F9738F8.d.4124141701B4037D5393CDA2E347394A.e.636/element {'using': 'css selector', 'value': '.business-review-comment-expandable-view__expand'} (Line: 403) [remote_connection.py]
DEBUG (15/09/2026 09:14:38): http://localhost:62331 "POST /session/f81b76abdd2c93f3ee341da095e31ca1/element/f.4F43718FA93D6414267F90606F9738F8.d.4124141701B4037D5393CDA2E347394A.e.636/element HTTP/1.1" 200 0 (Line: 544) [connectionpool.py]
DEBUG (15/09/2026 09:14:38): Remote response: status=200 | data={"value":{"element-6066-11e4-a52e-4f735466cecf":"f.4F43718FA93D6414267F90606F9738F8.d.4124141701B4037D5393CDA2E347394A.e.657"}} | headers=HTTPHeaderDict({'Content-Length': '127', 'Content-Type': 'application/json; charset=utf-8', 'cache-control': 'no-cache'}) (Line: 436) [remote_connection.py]
DEBUG (15/09/2026 09:14:38): Finished Request (Line: 465) [remote_connection.py]
DEBUG (15/09/2026 09:14:38): POST http://localhost:62331/session/f81b76abdd2c93f3ee341da095e31ca1/element/f.4F43718FA93D6414267F90606F9738F8.d.4124141701B4037D5393CDA2E347394A.e.636/element {'using': 'css selector', 'value': '.business-review-view__author-name span'} (Line: 403) [remote_connection.py]
DEBUG (15/09/2026 09:14:38): http://localhost:62331 "POST /session/f81b76abdd2c93f3ee341da095e31ca1/element/f.4F43718FA93D6414267F90606F9738F8.d.4124141701B4037D5393CDA2E347394A.e.636/element HTTP/1.1" 200 0 (Line: 544) [connectionpool.py]
DEBUG (15/09/2026 09:14:38): Remote response: status=200 | data={"value":{"element-6066-11e4-a52e-4f735466cecf":"f.4F43718FA93D6414267F90606F9738F8.d.4124141701B4037D5393CDA2E347394A.e.764"}} | headers=HTTPHeaderDict({'Content-Length': '127', 'Content-Type': 'application/json; charset=utf-8', 'cache-control': 'no-cache'}) (Line: 436) [remote_connection.py]
DEBUG (15/09/2026 09:14:38): Finished Request (Line: 465) [remote_connection.py]
DEBUG (15/09/2026 09:14:38): POST http://localhost:62331/session/f81b76abdd2c93f3ee341da095e31ca1/element/f.4F43718FA93D6414267F90606F9738F8.d.4124141701B4037D5393CDA2E347394A.e.636/element {'using': 'css selector', 'value': '.business-review-view__author-name span'} (Line: 403) [remote_connection.py]
DEBUG (15/09/2026 09:14:38): http://localhost:62331 "POST /session/f81b76abdd2c93f3ee341da095e31ca1/element/f.4F43718FA93D6414267F90606F9738F8.d.4124141701B4037D5393CDA2E347394A.e.636/element HTTP/1.1" 200 0 (Line: 544) [connectionpool.py]
DEBUG (15/09/2026 09:14:38): Remote response: status=200 | data={"value":{"element-6066-11e4-a52e-4f735466cecf":"f.4F43718FA93D6414267F90606F9738F8.d.4124141701B4037D5393CDA2E347394A.e.764"}} | headers=HTTPHeaderDict({'Content-Length': '127', 'Content-Type': 'application/json; charset=utf-8', 'cache-control': 'no-cache'}) (Line: 436) [remote_connection.py]
DEBUG (15/09/2026 09:14:38): Finished Request (Line: 465) [remote_connection.py]
DEBUG (15/09/2026 09:14:38): POST http://localhost:62331/session/f81b76abdd2c93f3ee341da095e31ca1/execute/sync {'script': 'return arguments[0].textContent.trim();', 'args': [{'element-6066-11e4-a52e-4f735466cecf': 'f.4F43718FA93D6414267F90606F9738F8.d.4124141701B4037D5393CDA2E347394A.e.764'}]} (Line: 403) [remote_connection.py]
DEBUG (15/09/2026 09:14:38): http://localhost:62331 "POST /session/f81b76abdd2c93f3ee341da095e31ca1/execute/sync HTTP/1.1" 200 0 (Line: 544) [connectionpool.py]
DEBUG (15/09/2026 09:14:38): Remote response: status=200 | data={"value":"Лилия Бутман"} | headers=HTTPHeaderDict({'Content-Length': '35', 'Content-Type': 'application/json; charset=utf-8', 'cache-control': 'no-cache'}) (Line: 436) [remote_connection.py]
DEBUG (15/09/2026 09:14:38): Finished Request (Line: 465) [remote_connection.py]
DEBUG (15/09/2026 09:14:38): POST http://localhost:62331/session/f81b76abdd2c93f3ee341da095e31ca1/element/f.4F43718FA93D6414267F90606F9738F8.d.4124141701B4037D5393CDA2E347394A.e.636/element {'using': 'css selector', 'value': '.business-review-view__date span'} (Line: 403) [remote_connection.py]
DEBUG (15/09/2026 09:14:38): http://localhost:62331 "POST /session/f81b76abdd2c93f3ee341da095e31ca1/element/f.4F43718FA93D6414267F90606F9738F8.d.4124141701B4037D5393CDA2E347394A.e.636/element HTTP/1.1" 200 0 (Line: 544) [connectionpool.py]
DEBUG (15/09/2026 09:14:38): Remote response: status=200 | data={"value":{"element-6066-11e4-a52e-4f735466cecf":"f.4F43718FA93D6414267F90606F9738F8.d.4124141701B4037D5393CDA2E347394A.e.765"}} | headers=HTTPHeaderDict({'Content-Length': '127', 'Content-Type': 'application/json; charset=utf-8', 'cache-control': 'no-cache'}) (Line: 436) [remote_connection.py]
DEBUG (15/09/2026 09:14:38): Finished Request (Line: 465) [remote_connection.py]
DEBUG (15/09/2026 09:14:38): POST http://localhost:62331/session/f81b76abdd2c93f3ee341da095e31ca1/element/f.4F43718FA93D6414267F90606F9738F8.d.4124141701B4037D5393CDA2E347394A.e.636/element {'using': 'css selector', 'value': '.business-review-view__date span'} (Line: 403) [remote_connection.py]
DEBUG (15/09/2026 09:14:38): http://localhost:62331 "POST /session/f81b76abdd2c93f3ee341da095e31ca1/element/f.4F43718FA93D6414267F90606F9738F8.d.4124141701B4037D5393CDA2E347394A.e.636/element HTTP/1.1" 200 0 (Line: 544) [connectionpool.py]
DEBUG (15/09/2026 09:14:38): Remote response: status=200 | data={"value":{"element-6066-11e4-a52e-4f735466cecf":"f.4F43718FA93D6414267F90606F9738F8.d.4124141701B4037D5393CDA2E347394A.e.765"}} | headers=HTTPHeaderDict({'Content-Length': '127', 'Content-Type': 'application/json; charset=utf-8', 'cache-control': 'no-cache'}) (Line: 436) [remote_connection.py]
DEBUG (15/09/2026 09:14:38): Finished Request (Line: 465) [remote_connection.py]
DEBUG (15/09/2026 09:14:38): POST http://localhost:62331/session/f81b76abdd2c93f3ee341da095e31ca1/execute/sync {'script': 'return arguments[0].textContent.trim();', 'args': [{'element-6066-11e4-a52e-4f735466cecf': 'f.4F43718FA93D6414267F90606F9738F8.d.4124141701B4037D5393CDA2E347394A.e.765'}]} (Line: 403) [remote_connection.py]
DEBUG (15/09/2026 09:14:38): http://localhost:62331 "POST /session/f81b76abdd2c93f3ee341da095e31ca1/execute/sync HTTP/1.1" 200 0 (Line: 544) [connectionpool.py]
DEBUG (15/09/2026 09:14:38): Remote response: status=200 | data={"value":"20 августа 2024"} | headers=HTTPHeaderDict({'Content-Length': '34', 'Content-Type': 'application/json; charset=utf-8', 'cache-control': 'no-cache'}) (Line: 436) [remote_connection.py]
DEBUG (15/09/2026 09:14:38): Finished Request (Line: 465) [remote_connection.py]
DEBUG (15/09/2026 09:14:38): POST http://localhost:62331/session/f81b76abdd2c93f3ee341da095e31ca1/element/f.4F43718FA93D6414267F90606F9738F8.d.4124141701B4037D5393CDA2E347394A.e.636/element {'using': 'css selector', 'value': '._full'} (Line: 403) [remote_connection.py]
DEBUG (15/09/2026 09:14:38): http://localhost:62331 "POST /session/f81b76abdd2c93f3ee341da095e31ca1/element/f.4F43718FA93D6414267F90606F9738F8.d.4124141701B4037D5393CDA2E347394A.e.636/element HTTP/1.1" 200 0 (Line: 544) [connectionpool.py]
DEBUG (15/09/2026 09:14:38): Remote response: status=200 | data={"value":{"element-6066-11e4-a52e-4f735466cecf":"f.4F43718FA93D6414267F90606F9738F8.d.4124141701B4037D5393CDA2E347394A.e.766"}} | headers=HTTPHeaderDict({'Content-Length': '127', 'Content-Type': 'application/json; charset=utf-8', 'cache-control': 'no-cache'}) (Line: 436) [remote_connection.py]
DEBUG (15/09/2026 09:14:38): Finished Request (Line: 465) [remote_connection.py]
DEBUG (15/09/2026 09:14:38): POST http://localhost:62331/session/f81b76abdd2c93f3ee341da095e31ca1/element/f.4F43718FA93D6414267F90606F9738F8.d.4124141701B4037D5393CDA2E347394A.e.636/elements {'using': 'css selector', 'value': '._full'} (Line: 403) [remote_connection.py]
DEBUG (15/09/2026 09:14:38): http://localhost:62331 "POST /session/f81b76abdd2c93f3ee341da095e31ca1/element/f.4F43718FA93D6414267F90606F9738F8.d.4124141701B4037D5393CDA2E347394A.e.636/elements HTTP/1.1" 200 0 (Line: 544) [connectionpool.py]
DEBUG (15/09/2026 09:14:38): Remote response: status=200 | data={"value":[{"element-6066-11e4-a52e-4f735466cecf":"f.4F43718FA93D6414267F90606F9738F8.d.4124141701B4037D5393CDA2E347394A.e.766"},{"element-6066-11e4-a52e-4f735466cecf":"f.4F43718FA93D6414267F90606F9738F8.d.4124141701B4037D5393CDA2E347394A.e.767"},{"element-6066-11e4-a52e-4f735466cecf":"f.4F43718FA93D6414267F90606F9738F8.d.4124141701B4037D5393CDA2E347394A.e.768"},{"element-6066-11e4-a52e-4f735466cecf":"f.4F43718FA93D6414267F90606F9738F8.d.4124141701B4037D5393CDA2E347394A.e.769"},{"element-6066-11e4-a52e-4f735466cecf":"f.4F43718FA93D6414267F90606F9738F8.d.4124141701B4037D5393CDA2E347394A.e.770"}]} | headers=HTTPHeaderDict({'Content-Length': '601', 'Content-Type': 'application/json; charset=utf-8', 'cache-control': 'no-cache'}) (Line: 436) [remote_connection.py]
DEBUG (15/09/2026 09:14:38): Finished Request (Line: 465) [remote_connection.py]
DEBUG (15/09/2026 09:14:38): POST http://localhost:62331/session/f81b76abdd2c93f3ee341da095e31ca1/element/f.4F43718FA93D6414267F90606F9738F8.d.4124141701B4037D5393CDA2E347394A.e.636/element {'using': 'css selector', 'value': '.spoiler-view__text-container'} (Line: 403) [remote_connection.py]
DEBUG (15/09/2026 09:14:38): http://localhost:62331 "POST /session/f81b76abdd2c93f3ee341da095e31ca1/element/f.4F43718FA93D6414267F90606F9738F8.d.4124141701B4037D5393CDA2E347394A.e.636/element HTTP/1.1" 200 0 (Line: 544) [connectionpool.py]
DEBUG (15/09/2026 09:14:38): Remote response: status=200 | data={"value":{"element-6066-11e4-a52e-4f735466cecf":"f.4F43718FA93D6414267F90606F9738F8.d.4124141701B4037D5393CDA2E347394A.e.771"}} | headers=HTTPHeaderDict({'Content-Length': '127', 'Content-Type': 'application/json; charset=utf-8', 'cache-control': 'no-cache'}) (Line: 436) [remote_connection.py]
DEBUG (15/09/2026 09:14:38): Finished Request (Line: 465) [remote_connection.py]
DEBUG (15/09/2026 09:14:38): POST http://localhost:62331/session/f81b76abdd2c93f3ee341da095e31ca1/element/f.4F43718FA93D6414267F90606F9738F8.d.4124141701B4037D5393CDA2E347394A.e.636/element {'using': 'css selector', 'value': '.spoiler-view__text-container'} (Line: 403) [remote_connection.py]
DEBUG (15/09/2026 09:14:38): http://localhost:62331 "POST /session/f81b76abdd2c93f3ee341da095e31ca1/element/f.4F43718FA93D6414267F90606F9738F8.d.4124141701B4037D5393CDA2E347394A.e.636/element HTTP/1.1" 200 0 (Line: 544) [connectionpool.py]
DEBUG (15/09/2026 09:14:38): Remote response: status=200 | data={"value":{"element-6066-11e4-a52e-4f735466cecf":"f.4F43718FA93D6414267F90606F9738F8.d.4124141701B4037D5393CDA2E347394A.e.771"}} | headers=HTTPHeaderDict({'Content-Length': '127', 'Content-Type': 'application/json; charset=utf-8', 'cache-control': 'no-cache'}) (Line: 436) [remote_connection.py]
DEBUG (15/09/2026 09:14:38): Finished Request (Line: 465) [remote_connection.py]
DEBUG (15/09/2026 09:14:38): POST http://localhost:62331/session/f81b76abdd2c93f3ee341da095e31ca1/execute/sync {'script': 'return arguments[0].textContent.trim();', 'args': [{'element-6066-11e4-a52e-4f735466cecf': 'f.4F43718FA93D6414267F90606F9738F8.d.4124141701B4037D5393CDA2E347394A.e.771'}]} (Line: 403) [remote_connection.py]
DEBUG (15/09/2026 09:14:38): http://localhost:62331 "POST /session/f81b76abdd2c93f3ee341da095e31ca1/execute/sync HTTP/1.1" 200 0 (Line: 544) [connectionpool.py]
DEBUG (15/09/2026 09:14:38): Remote response: status=200 | data={"value":"Договор заключили довольно быстро, сотрудники профессионалы. Условия предложили максимально выгодные для нас. Вежливое общение и хороший сервис. Качество полностью устроило."} | headers=HTTPHeaderDict({'Content-Length': '334', 'Content-Type': 'application/json; charset=utf-8', 'cache-control': 'no-cache'}) (Line: 436) [remote_connection.py]
DEBUG (15/09/2026 09:14:38): Finished Request (Line: 465) [remote_connection.py]
DEBUG (15/09/2026 09:14:38): POST http://localhost:62331/session/f81b76abdd2c93f3ee341da095e31ca1/element/f.4F43718FA93D6414267F90606F9738F8.d.4124141701B4037D5393CDA2E347394A.e.636/element {'using': 'css selector', 'value': '.business-review-comment-content__date'} (Line: 403) [remote_connection.py]
DEBUG (15/09/2026 09:14:38): http://localhost:62331 "POST /session/f81b76abdd2c93f3ee341da095e31ca1/element/f.4F43718FA93D6414267F90606F9738F8.d.4124141701B4037D5393CDA2E347394A.e.636/element HTTP/1.1" 200 0 (Line: 544) [connectionpool.py]
DEBUG (15/09/2026 09:14:38): Remote response: status=200 | data={"value":{"element-6066-11e4-a52e-4f735466cecf":"f.4F43718FA93D6414267F90606F9738F8.d.4124141701B4037D5393CDA2E347394A.e.772"}} | headers=HTTPHeaderDict({'Content-Length': '127', 'Content-Type': 'application/json; charset=utf-8', 'cache-control': 'no-cache'}) (Line: 436) [remote_connection.py]
DEBUG (15/09/2026 09:14:38): Finished Request (Line: 465) [remote_connection.py]
DEBUG (15/09/2026 09:14:38): POST http://localhost:62331/session/f81b76abdd2c93f3ee341da095e31ca1/element/f.4F43718FA93D6414267F90606F9738F8.d.4124141701B4037D5393CDA2E347394A.e.636/element {'using': 'css selector', 'value': '.business-review-comment-content__date'} (Line: 403) [remote_connection.py]
DEBUG (15/09/2026 09:14:38): http://localhost:62331 "POST /session/f81b76abdd2c93f3ee341da095e31ca1/element/f.4F43718FA93D6414267F90606F9738F8.d.4124141701B4037D5393CDA2E347394A.e.636/element HTTP/1.1" 200 0 (Line: 544) [connectionpool.py]
DEBUG (15/09/2026 09:14:38): Remote response: status=200 | data={"value":{"element-6066-11e4-a52e-4f735466cecf":"f.4F43718FA93D6414267F90606F9738F8.d.4124141701B4037D5393CDA2E347394A.e.772"}} | headers=HTTPHeaderDict({'Content-Length': '127', 'Content-Type': 'application/json; charset=utf-8', 'cache-control': 'no-cache'}) (Line: 436) [remote_connection.py]
DEBUG (15/09/2026 09:14:38): Finished Request (Line: 465) [remote_connection.py]
DEBUG (15/09/2026 09:14:38): POST http://localhost:62331/session/f81b76abdd2c93f3ee341da095e31ca1/execute/sync {'script': 'return arguments[0].textContent.trim();', 'args': [{'element-6066-11e4-a52e-4f735466cecf': 'f.4F43718FA93D6414267F90606F9738F8.d.4124141701B4037D5393CDA2E347394A.e.772'}]} (Line: 403) [remote_connection.py]
DEBUG (15/09/2026 09:14:38): http://localhost:62331 "POST /session/f81b76abdd2c93f3ee341da095e31ca1/execute/sync HTTP/1.1" 200 0 (Line: 544) [connectionpool.py]
DEBUG (15/09/2026 09:14:38): Remote response: status=200 | data={"value":"30 августа 2024"} | headers=HTTPHeaderDict({'Content-Length': '34', 'Content-Type': 'application/json; charset=utf-8', 'cache-control': 'no-cache'}) (Line: 436) [remote_connection.py]
DEBUG (15/09/2026 09:14:38): Finished Request (Line: 465) [remote_connection.py]
DEBUG (15/09/2026 09:14:38): POST http://localhost:62331/session/f81b76abdd2c93f3ee341da095e31ca1/element/f.4F43718FA93D6414267F90606F9738F8.d.4124141701B4037D5393CDA2E347394A.e.636/element {'using': 'css selector', 'value': '.business-review-comment-content__bubble'} (Line: 403) [remote_connection.py]
DEBUG (15/09/2026 09:14:38): http://localhost:62331 "POST /session/f81b76abdd2c93f3ee341da095e31ca1/element/f.4F43718FA93D6414267F90606F9738F8.d.4124141701B4037D5393CDA2E347394A.e.636/element HTTP/1.1" 200 0 (Line: 544) [connectionpool.py]
DEBUG (15/09/2026 09:14:38): Remote response: status=200 | data={"value":{"element-6066-11e4-a52e-4f735466cecf":"f.4F43718FA93D6414267F90606F9738F8.d.4124141701B4037D5393CDA2E347394A.e.773"}} | headers=HTTPHeaderDict({'Content-Length': '127', 'Content-Type': 'application/json; charset=utf-8', 'cache-control': 'no-cache'}) (Line: 436) [remote_connection.py]
DEBUG (15/09/2026 09:14:38): Finished Request (Line: 465) [remote_connection.py]
DEBUG (15/09/2026 09:14:38): POST http://localhost:62331/session/f81b76abdd2c93f3ee341da095e31ca1/element/f.4F43718FA93D6414267F90606F9738F8.d.4124141701B4037D5393CDA2E347394A.e.636/element {'using': 'css selector', 'value': '.business-review-comment-content__bubble'} (Line: 403) [remote_connection.py]
DEBUG (15/09/2026 09:14:38): http://localhost:62331 "POST /session/f81b76abdd2c93f3ee341da095e31ca1/element/f.4F43718FA93D6414267F90606F9738F8.d.4124141701B4037D5393CDA2E347394A.e.636/element HTTP/1.1" 200 0 (Line: 544) [connectionpool.py]
DEBUG (15/09/2026 09:14:38): Remote response: status=200 | data={"value":{"element-6066-11e4-a52e-4f735466cecf":"f.4F43718FA93D6414267F90606F9738F8.d.4124141701B4037D5393CDA2E347394A.e.773"}} | headers=HTTPHeaderDict({'Content-Length': '127', 'Content-Type': 'application/json; charset=utf-8', 'cache-control': 'no-cache'}) (Line: 436) [remote_connection.py]
DEBUG (15/09/2026 09:14:38): Finished Request (Line: 465) [remote_connection.py]
DEBUG (15/09/2026 09:14:38): POST http://localhost:62331/session/f81b76abdd2c93f3ee341da095e31ca1/execute/sync {'script': 'return arguments[0].textContent.trim();', 'args': [{'element-6066-11e4-a52e-4f735466cecf': 'f.4F43718FA93D6414267F90606F9738F8.d.4124141701B4037D5393CDA2E347394A.e.773'}]} (Line: 403) [remote_connection.py]
DEBUG (15/09/2026 09:14:38): http://localhost:62331 "POST /session/f81b76abdd2c93f3ee341da095e31ca1/execute/sync HTTP/1.1" 200 0 (Line: 544) [connectionpool.py]
DEBUG (15/09/2026 09:14:38): Remote response: status=200 | data={"value":"Спасибо вам за положительный отзыв! Мы рады, что вы остались довольны скоростью заключения договора и профессионализмом наших сотрудников. Наша команда всегда старается предложить лучшие условия для клиентов и обеспечить высокий уровень сервиса. Ваше удовлетворение качеством наших услуг очень важно для нас. Надеемся на дальнейшее сотрудничество!\nС уважением, коллектив ООО \"АвтоДизельПарт\"."} | headers=HTTPHeaderDict({'Content-Length': '740', 'Content-Type': 'application/json; charset=utf-8', 'cache-control': 'no-cache'}) (Line: 436) [remote_connection.py]
DEBUG (15/09/2026 09:14:38): Finished Request (Line: 465) [remote_connection.py]
DEBUG (15/09/2026 09:14:38): POST http://localhost:62331/session/f81b76abdd2c93f3ee341da095e31ca1/element/f.4F43718FA93D6414267F90606F9738F8.d.4124141701B4037D5393CDA2E347394A.e.637/element {'using': 'css selector', 'value': '.business-review-comment-expandable-view__expand'} (Line: 403) [remote_connection.py]
DEBUG (15/09/2026 09:14:38): http://localhost:62331 "POST /session/f81b76abdd2c93f3ee341da095e31ca1/element/f.4F43718FA93D6414267F90606F9738F8.d.4124141701B4037D5393CDA2E347394A.e.637/element HTTP/1.1" 200 0 (Line: 544) [connectionpool.py]
DEBUG (15/09/2026 09:14:38): Remote response: status=200 | data={"value":{"element-6066-11e4-a52e-4f735466cecf":"f.4F43718FA93D6414267F90606F9738F8.d.4124141701B4037D5393CDA2E347394A.e.658"}} | headers=HTTPHeaderDict({'Content-Length': '127', 'Content-Type': 'application/json; charset=utf-8', 'cache-control': 'no-cache'}) (Line: 436) [remote_connection.py]
DEBUG (15/09/2026 09:14:38): Finished Request (Line: 465) [remote_connection.py]
DEBUG (15/09/2026 09:14:38): POST http://localhost:62331/session/f81b76abdd2c93f3ee341da095e31ca1/element/f.4F43718FA93D6414267F90606F9738F8.d.4124141701B4037D5393CDA2E347394A.e.637/element {'using': 'css selector', 'value': '.business-review-view__author-name span'} (Line: 403) [remote_connection.py]
DEBUG (15/09/2026 09:14:38): http://localhost:62331 "POST /session/f81b76abdd2c93f3ee341da095e31ca1/element/f.4F43718FA93D6414267F90606F9738F8.d.4124141701B4037D5393CDA2E347394A.e.637/element HTTP/1.1" 200 0 (Line: 544) [connectionpool.py]
DEBUG (15/09/2026 09:14:38): Remote response: status=200 | data={"value":{"element-6066-11e4-a52e-4f735466cecf":"f.4F43718FA93D6414267F90606F9738F8.d.4124141701B4037D5393CDA2E347394A.e.774"}} | headers=HTTPHeaderDict({'Content-Length': '127', 'Content-Type': 'application/json; charset=utf-8', 'cache-control': 'no-cache'}) (Line: 436) [remote_connection.py]
DEBUG (15/09/2026 09:14:38): Finished Request (Line: 465) [remote_connection.py]
DEBUG (15/09/2026 09:14:38): POST http://localhost:62331/session/f81b76abdd2c93f3ee341da095e31ca1/element/f.4F43718FA93D6414267F90606F9738F8.d.4124141701B4037D5393CDA2E347394A.e.637/element {'using': 'css selector', 'value': '.business-review-view__author-name span'} (Line: 403) [remote_connection.py]
DEBUG (15/09/2026 09:14:38): http://localhost:62331 "POST /session/f81b76abdd2c93f3ee341da095e31ca1/element/f.4F43718FA93D6414267F90606F9738F8.d.4124141701B4037D5393CDA2E347394A.e.637/element HTTP/1.1" 200 0 (Line: 544) [connectionpool.py]
DEBUG (15/09/2026 09:14:38): Remote response: status=200 | data={"value":{"element-6066-11e4-a52e-4f735466cecf":"f.4F43718FA93D6414267F90606F9738F8.d.4124141701B4037D5393CDA2E347394A.e.774"}} | headers=HTTPHeaderDict({'Content-Length': '127', 'Content-Type': 'application/json; charset=utf-8', 'cache-control': 'no-cache'}) (Line: 436) [remote_connection.py]
DEBUG (15/09/2026 09:14:38): Finished Request (Line: 465) [remote_connection.py]
DEBUG (15/09/2026 09:14:38): POST http://localhost:62331/session/f81b76abdd2c93f3ee341da095e31ca1/execute/sync {'script': 'return arguments[0].textContent.trim();', 'args': [{'element-6066-11e4-a52e-4f735466cecf': 'f.4F43718FA93D6414267F90606F9738F8.d.4124141701B4037D5393CDA2E347394A.e.774'}]} (Line: 403) [remote_connection.py]
DEBUG (15/09/2026 09:14:38): http://localhost:62331 "POST /session/f81b76abdd2c93f3ee341da095e31ca1/execute/sync HTTP/1.1" 200 0 (Line: 544) [connectionpool.py]
DEBUG (15/09/2026 09:14:38): Remote response: status=200 | data={"value":"konstantin"} | headers=HTTPHeaderDict({'Content-Length': '22', 'Content-Type': 'application/json; charset=utf-8', 'cache-control': 'no-cache'}) (Line: 436) [remote_connection.py]
DEBUG (15/09/2026 09:14:38): Finished Request (Line: 465) [remote_connection.py]
DEBUG (15/09/2026 09:14:38): POST http://localhost:62331/session/f81b76abdd2c93f3ee341da095e31ca1/element/f.4F43718FA93D6414267F90606F9738F8.d.4124141701B4037D5393CDA2E347394A.e.637/element {'using': 'css selector', 'value': '.business-review-view__date span'} (Line: 403) [remote_connection.py]
DEBUG (15/09/2026 09:14:38): http://localhost:62331 "POST /session/f81b76abdd2c93f3ee341da095e31ca1/element/f.4F43718FA93D6414267F90606F9738F8.d.4124141701B4037D5393CDA2E347394A.e.637/element HTTP/1.1" 200 0 (Line: 544) [connectionpool.py]
DEBUG (15/09/2026 09:14:38): Remote response: status=200 | data={"value":{"element-6066-11e4-a52e-4f735466cecf":"f.4F43718FA93D6414267F90606F9738F8.d.4124141701B4037D5393CDA2E347394A.e.775"}} | headers=HTTPHeaderDict({'Content-Length': '127', 'Content-Type': 'application/json; charset=utf-8', 'cache-control': 'no-cache'}) (Line: 436) [remote_connection.py]
DEBUG (15/09/2026 09:14:38): Finished Request (Line: 465) [remote_connection.py]
DEBUG (15/09/2026 09:14:38): POST http://localhost:62331/session/f81b76abdd2c93f3ee341da095e31ca1/element/f.4F43718FA93D6414267F90606F9738F8.d.4124141701B4037D5393CDA2E347394A.e.637/element {'using': 'css selector', 'value': '.business-review-view__date span'} (Line: 403) [remote_connection.py]
DEBUG (15/09/2026 09:14:38): http://localhost:62331 "POST /session/f81b76abdd2c93f3ee341da095e31ca1/element/f.4F43718FA93D6414267F90606F9738F8.d.4124141701B4037D5393CDA2E347394A.e.637/element HTTP/1.1" 200 0 (Line: 544) [connectionpool.py]
DEBUG (15/09/2026 09:14:38): Remote response: status=200 | data={"value":{"element-6066-11e4-a52e-4f735466cecf":"f.4F43718FA93D6414267F90606F9738F8.d.4124141701B4037D5393CDA2E347394A.e.775"}} | headers=HTTPHeaderDict({'Content-Length': '127', 'Content-Type': 'application/json; charset=utf-8', 'cache-control': 'no-cache'}) (Line: 436) [remote_connection.py]
DEBUG (15/09/2026 09:14:38): Finished Request (Line: 465) [remote_connection.py]
DEBUG (15/09/2026 09:14:38): POST http://localhost:62331/session/f81b76abdd2c93f3ee341da095e31ca1/execute/sync {'script': 'return arguments[0].textContent.trim();', 'args': [{'element-6066-11e4-a52e-4f735466cecf': 'f.4F43718FA93D6414267F90606F9738F8.d.4124141701B4037D5393CDA2E347394A.e.775'}]} (Line: 403) [remote_connection.py]
DEBUG (15/09/2026 09:14:38): http://localhost:62331 "POST /session/f81b76abdd2c93f3ee341da095e31ca1/execute/sync HTTP/1.1" 200 0 (Line: 544) [connectionpool.py]
DEBUG (15/09/2026 09:14:38): Remote response: status=200 | data={"value":"7 ноября 2024"} | headers=HTTPHeaderDict({'Content-Length': '31', 'Content-Type': 'application/json; charset=utf-8', 'cache-control': 'no-cache'}) (Line: 436) [remote_connection.py]
DEBUG (15/09/2026 09:14:38): Finished Request (Line: 465) [remote_connection.py]
DEBUG (15/09/2026 09:14:38): POST http://localhost:62331/session/f81b76abdd2c93f3ee341da095e31ca1/element/f.4F43718FA93D6414267F90606F9738F8.d.4124141701B4037D5393CDA2E347394A.e.637/element {'using': 'css selector', 'value': '._full'} (Line: 403) [remote_connection.py]
DEBUG (15/09/2026 09:14:38): http://localhost:62331 "POST /session/f81b76abdd2c93f3ee341da095e31ca1/element/f.4F43718FA93D6414267F90606F9738F8.d.4124141701B4037D5393CDA2E347394A.e.637/element HTTP/1.1" 200 0 (Line: 544) [connectionpool.py]
DEBUG (15/09/2026 09:14:38): Remote response: status=200 | data={"value":{"element-6066-11e4-a52e-4f735466cecf":"f.4F43718FA93D6414267F90606F9738F8.d.4124141701B4037D5393CDA2E347394A.e.776"}} | headers=HTTPHeaderDict({'Content-Length': '127', 'Content-Type': 'application/json; charset=utf-8', 'cache-control': 'no-cache'}) (Line: 436) [remote_connection.py]
DEBUG (15/09/2026 09:14:38): Finished Request (Line: 465) [remote_connection.py]
DEBUG (15/09/2026 09:14:38): POST http://localhost:62331/session/f81b76abdd2c93f3ee341da095e31ca1/element/f.4F43718FA93D6414267F90606F9738F8.d.4124141701B4037D5393CDA2E347394A.e.637/elements {'using': 'css selector', 'value': '._full'} (Line: 403) [remote_connection.py]
DEBUG (15/09/2026 09:14:38): http://localhost:62331 "POST /session/f81b76abdd2c93f3ee341da095e31ca1/element/f.4F43718FA93D6414267F90606F9738F8.d.4124141701B4037D5393CDA2E347394A.e.637/elements HTTP/1.1" 200 0 (Line: 544) [connectionpool.py]
DEBUG (15/09/2026 09:14:38): Remote response: status=200 | data={"value":[{"element-6066-11e4-a52e-4f735466cecf":"f.4F43718FA93D6414267F90606F9738F8.d.4124141701B4037D5393CDA2E347394A.e.776"},{"element-6066-11e4-a52e-4f735466cecf":"f.4F43718FA93D6414267F90606F9738F8.d.4124141701B4037D5393CDA2E347394A.e.777"},{"element-6066-11e4-a52e-4f735466cecf":"f.4F43718FA93D6414267F90606F9738F8.d.4124141701B4037D5393CDA2E347394A.e.778"},{"element-6066-11e4-a52e-4f735466cecf":"f.4F43718FA93D6414267F90606F9738F8.d.4124141701B4037D5393CDA2E347394A.e.779"},{"element-6066-11e4-a52e-4f735466cecf":"f.4F43718FA93D6414267F90606F9738F8.d.4124141701B4037D5393CDA2E347394A.e.780"}]} | headers=HTTPHeaderDict({'Content-Length': '601', 'Content-Type': 'application/json; charset=utf-8', 'cache-control': 'no-cache'}) (Line: 436) [remote_connection.py]
DEBUG (15/09/2026 09:14:38): Finished Request (Line: 465) [remote_connection.py]
DEBUG (15/09/2026 09:14:38): POST http://localhost:62331/session/f81b76abdd2c93f3ee341da095e31ca1/element/f.4F43718FA93D6414267F90606F9738F8.d.4124141701B4037D5393CDA2E347394A.e.637/element {'using': 'css selector', 'value': '.spoiler-view__text-container'} (Line: 403) [remote_connection.py]
DEBUG (15/09/2026 09:14:38): http://localhost:62331 "POST /session/f81b76abdd2c93f3ee341da095e31ca1/element/f.4F43718FA93D6414267F90606F9738F8.d.4124141701B4037D5393CDA2E347394A.e.637/element HTTP/1.1" 200 0 (Line: 544) [connectionpool.py]
DEBUG (15/09/2026 09:14:38): Remote response: status=200 | data={"value":{"element-6066-11e4-a52e-4f735466cecf":"f.4F43718FA93D6414267F90606F9738F8.d.4124141701B4037D5393CDA2E347394A.e.781"}} | headers=HTTPHeaderDict({'Content-Length': '127', 'Content-Type': 'application/json; charset=utf-8', 'cache-control': 'no-cache'}) (Line: 436) [remote_connection.py]
DEBUG (15/09/2026 09:14:38): Finished Request (Line: 465) [remote_connection.py]
DEBUG (15/09/2026 09:14:38): POST http://localhost:62331/session/f81b76abdd2c93f3ee341da095e31ca1/element/f.4F43718FA93D6414267F90606F9738F8.d.4124141701B4037D5393CDA2E347394A.e.637/element {'using': 'css selector', 'value': '.spoiler-view__text-container'} (Line: 403) [remote_connection.py]
DEBUG (15/09/2026 09:14:38): http://localhost:62331 "POST /session/f81b76abdd2c93f3ee341da095e31ca1/element/f.4F43718FA93D6414267F90606F9738F8.d.4124141701B4037D5393CDA2E347394A.e.637/element HTTP/1.1" 200 0 (Line: 544) [connectionpool.py]
DEBUG (15/09/2026 09:14:38): Remote response: status=200 | data={"value":{"element-6066-11e4-a52e-4f735466cecf":"f.4F43718FA93D6414267F90606F9738F8.d.4124141701B4037D5393CDA2E347394A.e.781"}} | headers=HTTPHeaderDict({'Content-Length': '127', 'Content-Type': 'application/json; charset=utf-8', 'cache-control': 'no-cache'}) (Line: 436) [remote_connection.py]
DEBUG (15/09/2026 09:14:38): Finished Request (Line: 465) [remote_connection.py]
DEBUG (15/09/2026 09:14:38): POST http://localhost:62331/session/f81b76abdd2c93f3ee341da095e31ca1/execute/sync {'script': 'return arguments[0].textContent.trim();', 'args': [{'element-6066-11e4-a52e-4f735466cecf': 'f.4F43718FA93D6414267F90606F9738F8.d.4124141701B4037D5393CDA2E347394A.e.781'}]} (Line: 403) [remote_connection.py]
DEBUG (15/09/2026 09:14:38): http://localhost:62331 "POST /session/f81b76abdd2c93f3ee341da095e31ca1/execute/sync HTTP/1.1" 200 0 (Line: 544) [connectionpool.py]
DEBUG (15/09/2026 09:14:38): Remote response: status=200 | data={"value":"Всегда качественные запчасти. \nОпытные и профессиональные сотрудники. Всë супер!!!"} | headers=HTTPHeaderDict({'Content-Length': '163', 'Content-Type': 'application/json; charset=utf-8', 'cache-control': 'no-cache'}) (Line: 436) [remote_connection.py]
DEBUG (15/09/2026 09:14:38): Finished Request (Line: 465) [remote_connection.py]
DEBUG (15/09/2026 09:14:38): POST http://localhost:62331/session/f81b76abdd2c93f3ee341da095e31ca1/element/f.4F43718FA93D6414267F90606F9738F8.d.4124141701B4037D5393CDA2E347394A.e.637/element {'using': 'css selector', 'value': '.business-review-comment-content__date'} (Line: 403) [remote_connection.py]
DEBUG (15/09/2026 09:14:38): http://localhost:62331 "POST /session/f81b76abdd2c93f3ee341da095e31ca1/element/f.4F43718FA93D6414267F90606F9738F8.d.4124141701B4037D5393CDA2E347394A.e.637/element HTTP/1.1" 200 0 (Line: 544) [connectionpool.py]
DEBUG (15/09/2026 09:14:38): Remote response: status=200 | data={"value":{"element-6066-11e4-a52e-4f735466cecf":"f.4F43718FA93D6414267F90606F9738F8.d.4124141701B4037D5393CDA2E347394A.e.782"}} | headers=HTTPHeaderDict({'Content-Length': '127', 'Content-Type': 'application/json; charset=utf-8', 'cache-control': 'no-cache'}) (Line: 436) [remote_connection.py]
DEBUG (15/09/2026 09:14:38): Finished Request (Line: 465) [remote_connection.py]
DEBUG (15/09/2026 09:14:38): POST http://localhost:62331/session/f81b76abdd2c93f3ee341da095e31ca1/element/f.4F43718FA93D6414267F90606F9738F8.d.4124141701B4037D5393CDA2E347394A.e.637/element {'using': 'css selector', 'value': '.business-review-comment-content__date'} (Line: 403) [remote_connection.py]
DEBUG (15/09/2026 09:14:38): http://localhost:62331 "POST /session/f81b76abdd2c93f3ee341da095e31ca1/element/f.4F43718FA93D6414267F90606F9738F8.d.4124141701B4037D5393CDA2E347394A.e.637/element HTTP/1.1" 200 0 (Line: 544) [connectionpool.py]
DEBUG (15/09/2026 09:14:38): Remote response: status=200 | data={"value":{"element-6066-11e4-a52e-4f735466cecf":"f.4F43718FA93D6414267F90606F9738F8.d.4124141701B4037D5393CDA2E347394A.e.782"}} | headers=HTTPHeaderDict({'Content-Length': '127', 'Content-Type': 'application/json; charset=utf-8', 'cache-control': 'no-cache'}) (Line: 436) [remote_connection.py]
DEBUG (15/09/2026 09:14:38): Finished Request (Line: 465) [remote_connection.py]
DEBUG (15/09/2026 09:14:38): POST http://localhost:62331/session/f81b76abdd2c93f3ee341da095e31ca1/execute/sync {'script': 'return arguments[0].textContent.trim();', 'args': [{'element-6066-11e4-a52e-4f735466cecf': 'f.4F43718FA93D6414267F90606F9738F8.d.4124141701B4037D5393CDA2E347394A.e.782'}]} (Line: 403) [remote_connection.py]
DEBUG (15/09/2026 09:14:38): http://localhost:62331 "POST /session/f81b76abdd2c93f3ee341da095e31ca1/execute/sync HTTP/1.1" 200 0 (Line: 544) [connectionpool.py]
DEBUG (15/09/2026 09:14:38): Remote response: status=200 | data={"value":"13 ноября 2024"} | headers=HTTPHeaderDict({'Content-Length': '32', 'Content-Type': 'application/json; charset=utf-8', 'cache-control': 'no-cache'}) (Line: 436) [remote_connection.py]
DEBUG (15/09/2026 09:14:38): Finished Request (Line: 465) [remote_connection.py]
DEBUG (15/09/2026 09:14:38): POST http://localhost:62331/session/f81b76abdd2c93f3ee341da095e31ca1/element/f.4F43718FA93D6414267F90606F9738F8.d.4124141701B4037D5393CDA2E347394A.e.637/element {'using': 'css selector', 'value': '.business-review-comment-content__bubble'} (Line: 403) [remote_connection.py]
DEBUG (15/09/2026 09:14:38): http://localhost:62331 "POST /session/f81b76abdd2c93f3ee341da095e31ca1/element/f.4F43718FA93D6414267F90606F9738F8.d.4124141701B4037D5393CDA2E347394A.e.637/element HTTP/1.1" 200 0 (Line: 544) [connectionpool.py]
DEBUG (15/09/2026 09:14:38): Remote response: status=200 | data={"value":{"element-6066-11e4-a52e-4f735466cecf":"f.4F43718FA93D6414267F90606F9738F8.d.4124141701B4037D5393CDA2E347394A.e.783"}} | headers=HTTPHeaderDict({'Content-Length': '127', 'Content-Type': 'application/json; charset=utf-8', 'cache-control': 'no-cache'}) (Line: 436) [remote_connection.py]
DEBUG (15/09/2026 09:14:38): Finished Request (Line: 465) [remote_connection.py]
DEBUG (15/09/2026 09:14:38): POST http://localhost:62331/session/f81b76abdd2c93f3ee341da095e31ca1/element/f.4F43718FA93D6414267F90606F9738F8.d.4124141701B4037D5393CDA2E347394A.e.637/element {'using': 'css selector', 'value': '.business-review-comment-content__bubble'} (Line: 403) [remote_connection.py]
DEBUG (15/09/2026 09:14:38): http://localhost:62331 "POST /session/f81b76abdd2c93f3ee341da095e31ca1/element/f.4F43718FA93D6414267F90606F9738F8.d.4124141701B4037D5393CDA2E347394A.e.637/element HTTP/1.1" 200 0 (Line: 544) [connectionpool.py]
DEBUG (15/09/2026 09:14:38): Remote response: status=200 | data={"value":{"element-6066-11e4-a52e-4f735466cecf":"f.4F43718FA93D6414267F90606F9738F8.d.4124141701B4037D5393CDA2E347394A.e.783"}} | headers=HTTPHeaderDict({'Content-Length': '127', 'Content-Type': 'application/json; charset=utf-8', 'cache-control': 'no-cache'}) (Line: 436) [remote_connection.py]
DEBUG (15/09/2026 09:14:38): Finished Request (Line: 465) [remote_connection.py]
DEBUG (15/09/2026 09:14:38): POST http://localhost:62331/session/f81b76abdd2c93f3ee341da095e31ca1/execute/sync {'script': 'return arguments[0].textContent.trim();', 'args': [{'element-6066-11e4-a52e-4f735466cecf': 'f.4F43718FA93D6414267F90606F9738F8.d.4124141701B4037D5393CDA2E347394A.e.783'}]} (Line: 403) [remote_connection.py]
DEBUG (15/09/2026 09:14:38): http://localhost:62331 "POST /session/f81b76abdd2c93f3ee341da095e31ca1/execute/sync HTTP/1.1" 200 0 (Line: 544) [connectionpool.py]
DEBUG (15/09/2026 09:14:38): Remote response: status=200 | data={"value":"Спасибо за положительный отзыв! Мы рады, что вам понравились наши услуги и качество запчастей. \nС уважением, коллектив ООО \"АвтоДизельПарт\"."} | headers=HTTPHeaderDict({'Content-Length': '269', 'Content-Type': 'application/json; charset=utf-8', 'cache-control': 'no-cache'}) (Line: 436) [remote_connection.py]
DEBUG (15/09/2026 09:14:38): Finished Request (Line: 465) [remote_connection.py]
DEBUG (15/09/2026 09:14:38): POST http://localhost:62331/session/f81b76abdd2c93f3ee341da095e31ca1/element/f.4F43718FA93D6414267F90606F9738F8.d.4124141701B4037D5393CDA2E347394A.e.638/element {'using': 'css selector', 'value': '.business-review-comment-expandable-view__expand'} (Line: 403) [remote_connection.py]
DEBUG (15/09/2026 09:14:38): http://localhost:62331 "POST /session/f81b76abdd2c93f3ee341da095e31ca1/element/f.4F43718FA93D6414267F90606F9738F8.d.4124141701B4037D5393CDA2E347394A.e.638/element HTTP/1.1" 200 0 (Line: 544) [connectionpool.py]
DEBUG (15/09/2026 09:14:38): Remote response: status=200 | data={"value":{"element-6066-11e4-a52e-4f735466cecf":"f.4F43718FA93D6414267F90606F9738F8.d.4124141701B4037D5393CDA2E347394A.e.659"}} | headers=HTTPHeaderDict({'Content-Length': '127', 'Content-Type': 'application/json; charset=utf-8', 'cache-control': 'no-cache'}) (Line: 436) [remote_connection.py]
DEBUG (15/09/2026 09:14:38): Finished Request (Line: 465) [remote_connection.py]
DEBUG (15/09/2026 09:14:38): POST http://localhost:62331/session/f81b76abdd2c93f3ee341da095e31ca1/element/f.4F43718FA93D6414267F90606F9738F8.d.4124141701B4037D5393CDA2E347394A.e.638/element {'using': 'css selector', 'value': '.business-review-view__author-name span'} (Line: 403) [remote_connection.py]
DEBUG (15/09/2026 09:14:38): http://localhost:62331 "POST /session/f81b76abdd2c93f3ee341da095e31ca1/element/f.4F43718FA93D6414267F90606F9738F8.d.4124141701B4037D5393CDA2E347394A.e.638/element HTTP/1.1" 200 0 (Line: 544) [connectionpool.py]
DEBUG (15/09/2026 09:14:38): Remote response: status=200 | data={"value":{"element-6066-11e4-a52e-4f735466cecf":"f.4F43718FA93D6414267F90606F9738F8.d.4124141701B4037D5393CDA2E347394A.e.784"}} | headers=HTTPHeaderDict({'Content-Length': '127', 'Content-Type': 'application/json; charset=utf-8', 'cache-control': 'no-cache'}) (Line: 436) [remote_connection.py]
DEBUG (15/09/2026 09:14:38): Finished Request (Line: 465) [remote_connection.py]
DEBUG (15/09/2026 09:14:38): POST http://localhost:62331/session/f81b76abdd2c93f3ee341da095e31ca1/element/f.4F43718FA93D6414267F90606F9738F8.d.4124141701B4037D5393CDA2E347394A.e.638/element {'using': 'css selector', 'value': '.business-review-view__author-name span'} (Line: 403) [remote_connection.py]
DEBUG (15/09/2026 09:14:38): http://localhost:62331 "POST /session/f81b76abdd2c93f3ee341da095e31ca1/element/f.4F43718FA93D6414267F90606F9738F8.d.4124141701B4037D5393CDA2E347394A.e.638/element HTTP/1.1" 200 0 (Line: 544) [connectionpool.py]
DEBUG (15/09/2026 09:14:38): Remote response: status=200 | data={"value":{"element-6066-11e4-a52e-4f735466cecf":"f.4F43718FA93D6414267F90606F9738F8.d.4124141701B4037D5393CDA2E347394A.e.784"}} | headers=HTTPHeaderDict({'Content-Length': '127', 'Content-Type': 'application/json; charset=utf-8', 'cache-control': 'no-cache'}) (Line: 436) [remote_connection.py]
DEBUG (15/09/2026 09:14:38): Finished Request (Line: 465) [remote_connection.py]
DEBUG (15/09/2026 09:14:38): POST http://localhost:62331/session/f81b76abdd2c93f3ee341da095e31ca1/execute/sync {'script': 'return arguments[0].textContent.trim();', 'args': [{'element-6066-11e4-a52e-4f735466cecf': 'f.4F43718FA93D6414267F90606F9738F8.d.4124141701B4037D5393CDA2E347394A.e.784'}]} (Line: 403) [remote_connection.py]
DEBUG (15/09/2026 09:14:38): http://localhost:62331 "POST /session/f81b76abdd2c93f3ee341da095e31ca1/execute/sync HTTP/1.1" 200 0 (Line: 544) [connectionpool.py]
DEBUG (15/09/2026 09:14:38): Remote response: status=200 | data={"value":"Инкогнито 9446"} | headers=HTTPHeaderDict({'Content-Length': '35', 'Content-Type': 'application/json; charset=utf-8', 'cache-control': 'no-cache'}) (Line: 436) [remote_connection.py]
DEBUG (15/09/2026 09:14:38): Finished Request (Line: 465) [remote_connection.py]
DEBUG (15/09/2026 09:14:38): POST http://localhost:62331/session/f81b76abdd2c93f3ee341da095e31ca1/element/f.4F43718FA93D6414267F90606F9738F8.d.4124141701B4037D5393CDA2E347394A.e.638/element {'using': 'css selector', 'value': '.business-review-view__date span'} (Line: 403) [remote_connection.py]
DEBUG (15/09/2026 09:14:38): http://localhost:62331 "POST /session/f81b76abdd2c93f3ee341da095e31ca1/element/f.4F43718FA93D6414267F90606F9738F8.d.4124141701B4037D5393CDA2E347394A.e.638/element HTTP/1.1" 200 0 (Line: 544) [connectionpool.py]
DEBUG (15/09/2026 09:14:38): Remote response: status=200 | data={"value":{"element-6066-11e4-a52e-4f735466cecf":"f.4F43718FA93D6414267F90606F9738F8.d.4124141701B4037D5393CDA2E347394A.e.785"}} | headers=HTTPHeaderDict({'Content-Length': '127', 'Content-Type': 'application/json; charset=utf-8', 'cache-control': 'no-cache'}) (Line: 436) [remote_connection.py]
DEBUG (15/09/2026 09:14:38): Finished Request (Line: 465) [remote_connection.py]
DEBUG (15/09/2026 09:14:38): POST http://localhost:62331/session/f81b76abdd2c93f3ee341da095e31ca1/element/f.4F43718FA93D6414267F90606F9738F8.d.4124141701B4037D5393CDA2E347394A.e.638/element {'using': 'css selector', 'value': '.business-review-view__date span'} (Line: 403) [remote_connection.py]
DEBUG (15/09/2026 09:14:38): http://localhost:62331 "POST /session/f81b76abdd2c93f3ee341da095e31ca1/element/f.4F43718FA93D6414267F90606F9738F8.d.4124141701B4037D5393CDA2E347394A.e.638/element HTTP/1.1" 200 0 (Line: 544) [connectionpool.py]
DEBUG (15/09/2026 09:14:38): Remote response: status=200 | data={"value":{"element-6066-11e4-a52e-4f735466cecf":"f.4F43718FA93D6414267F90606F9738F8.d.4124141701B4037D5393CDA2E347394A.e.785"}} | headers=HTTPHeaderDict({'Content-Length': '127', 'Content-Type': 'application/json; charset=utf-8', 'cache-control': 'no-cache'}) (Line: 436) [remote_connection.py]
DEBUG (15/09/2026 09:14:38): Finished Request (Line: 465) [remote_connection.py]
DEBUG (15/09/2026 09:14:38): POST http://localhost:62331/session/f81b76abdd2c93f3ee341da095e31ca1/execute/sync {'script': 'return arguments[0].textContent.trim();', 'args': [{'element-6066-11e4-a52e-4f735466cecf': 'f.4F43718FA93D6414267F90606F9738F8.d.4124141701B4037D5393CDA2E347394A.e.785'}]} (Line: 403) [remote_connection.py]
DEBUG (15/09/2026 09:14:38): http://localhost:62331 "POST /session/f81b76abdd2c93f3ee341da095e31ca1/execute/sync HTTP/1.1" 200 0 (Line: 544) [connectionpool.py]
DEBUG (15/09/2026 09:14:38): Remote response: status=200 | data={"value":"6 ноября 2024"} | headers=HTTPHeaderDict({'Content-Length': '31', 'Content-Type': 'application/json; charset=utf-8', 'cache-control': 'no-cache'}) (Line: 436) [remote_connection.py]
DEBUG (15/09/2026 09:14:38): Finished Request (Line: 465) [remote_connection.py]
DEBUG (15/09/2026 09:14:38): POST http://localhost:62331/session/f81b76abdd2c93f3ee341da095e31ca1/element/f.4F43718FA93D6414267F90606F9738F8.d.4124141701B4037D5393CDA2E347394A.e.638/element {'using': 'css selector', 'value': '._full'} (Line: 403) [remote_connection.py]
DEBUG (15/09/2026 09:14:38): http://localhost:62331 "POST /session/f81b76abdd2c93f3ee341da095e31ca1/element/f.4F43718FA93D6414267F90606F9738F8.d.4124141701B4037D5393CDA2E347394A.e.638/element HTTP/1.1" 200 0 (Line: 544) [connectionpool.py]
DEBUG (15/09/2026 09:14:38): Remote response: status=200 | data={"value":{"element-6066-11e4-a52e-4f735466cecf":"f.4F43718FA93D6414267F90606F9738F8.d.4124141701B4037D5393CDA2E347394A.e.786"}} | headers=HTTPHeaderDict({'Content-Length': '127', 'Content-Type': 'application/json; charset=utf-8', 'cache-control': 'no-cache'}) (Line: 436) [remote_connection.py]
DEBUG (15/09/2026 09:14:38): Finished Request (Line: 465) [remote_connection.py]
DEBUG (15/09/2026 09:14:38): POST http://localhost:62331/session/f81b76abdd2c93f3ee341da095e31ca1/element/f.4F43718FA93D6414267F90606F9738F8.d.4124141701B4037D5393CDA2E347394A.e.638/elements {'using': 'css selector', 'value': '._full'} (Line: 403) [remote_connection.py]
DEBUG (15/09/2026 09:14:38): http://localhost:62331 "POST /session/f81b76abdd2c93f3ee341da095e31ca1/element/f.4F43718FA93D6414267F90606F9738F8.d.4124141701B4037D5393CDA2E347394A.e.638/elements HTTP/1.1" 200 0 (Line: 544) [connectionpool.py]
DEBUG (15/09/2026 09:14:38): Remote response: status=200 | data={"value":[{"element-6066-11e4-a52e-4f735466cecf":"f.4F43718FA93D6414267F90606F9738F8.d.4124141701B4037D5393CDA2E347394A.e.786"},{"element-6066-11e4-a52e-4f735466cecf":"f.4F43718FA93D6414267F90606F9738F8.d.4124141701B4037D5393CDA2E347394A.e.787"},{"element-6066-11e4-a52e-4f735466cecf":"f.4F43718FA93D6414267F90606F9738F8.d.4124141701B4037D5393CDA2E347394A.e.788"},{"element-6066-11e4-a52e-4f735466cecf":"f.4F43718FA93D6414267F90606F9738F8.d.4124141701B4037D5393CDA2E347394A.e.789"},{"element-6066-11e4-a52e-4f735466cecf":"f.4F43718FA93D6414267F90606F9738F8.d.4124141701B4037D5393CDA2E347394A.e.790"}]} | headers=HTTPHeaderDict({'Content-Length': '601', 'Content-Type': 'application/json; charset=utf-8', 'cache-control': 'no-cache'}) (Line: 436) [remote_connection.py]
DEBUG (15/09/2026 09:14:38): Finished Request (Line: 465) [remote_connection.py]
DEBUG (15/09/2026 09:14:38): POST http://localhost:62331/session/f81b76abdd2c93f3ee341da095e31ca1/element/f.4F43718FA93D6414267F90606F9738F8.d.4124141701B4037D5393CDA2E347394A.e.638/element {'using': 'css selector', 'value': '.spoiler-view__text-container'} (Line: 403) [remote_connection.py]
DEBUG (15/09/2026 09:14:38): http://localhost:62331 "POST /session/f81b76abdd2c93f3ee341da095e31ca1/element/f.4F43718FA93D6414267F90606F9738F8.d.4124141701B4037D5393CDA2E347394A.e.638/element HTTP/1.1" 200 0 (Line: 544) [connectionpool.py]
DEBUG (15/09/2026 09:14:38): Remote response: status=200 | data={"value":{"element-6066-11e4-a52e-4f735466cecf":"f.4F43718FA93D6414267F90606F9738F8.d.4124141701B4037D5393CDA2E347394A.e.791"}} | headers=HTTPHeaderDict({'Content-Length': '127', 'Content-Type': 'application/json; charset=utf-8', 'cache-control': 'no-cache'}) (Line: 436) [remote_connection.py]
DEBUG (15/09/2026 09:14:38): Finished Request (Line: 465) [remote_connection.py]
DEBUG (15/09/2026 09:14:38): POST http://localhost:62331/session/f81b76abdd2c93f3ee341da095e31ca1/element/f.4F43718FA93D6414267F90606F9738F8.d.4124141701B4037D5393CDA2E347394A.e.638/element {'using': 'css selector', 'value': '.spoiler-view__text-container'} (Line: 403) [remote_connection.py]
DEBUG (15/09/2026 09:14:38): http://localhost:62331 "POST /session/f81b76abdd2c93f3ee341da095e31ca1/element/f.4F43718FA93D6414267F90606F9738F8.d.4124141701B4037D5393CDA2E347394A.e.638/element HTTP/1.1" 200 0 (Line: 544) [connectionpool.py]
DEBUG (15/09/2026 09:14:38): Remote response: status=200 | data={"value":{"element-6066-11e4-a52e-4f735466cecf":"f.4F43718FA93D6414267F90606F9738F8.d.4124141701B4037D5393CDA2E347394A.e.791"}} | headers=HTTPHeaderDict({'Content-Length': '127', 'Content-Type': 'application/json; charset=utf-8', 'cache-control': 'no-cache'}) (Line: 436) [remote_connection.py]
DEBUG (15/09/2026 09:14:38): Finished Request (Line: 465) [remote_connection.py]
DEBUG (15/09/2026 09:14:38): POST http://localhost:62331/session/f81b76abdd2c93f3ee341da095e31ca1/execute/sync {'script': 'return arguments[0].textContent.trim();', 'args': [{'element-6066-11e4-a52e-4f735466cecf': 'f.4F43718FA93D6414267F90606F9738F8.d.4124141701B4037D5393CDA2E347394A.e.791'}]} (Line: 403) [remote_connection.py]
DEBUG (15/09/2026 09:14:38): http://localhost:62331 "POST /session/f81b76abdd2c93f3ee341da095e31ca1/execute/sync HTTP/1.1" 200 0 (Line: 544) [connectionpool.py]
DEBUG (15/09/2026 09:14:38): Remote response: status=200 | data={"value":"Работаю с АДП больше 10 лет, и считаю эту компанию лучшей в своём направлении. Хорошие цены и огромный склад качественных оригинальных запчастей.\nОтдельно хочется отметить замечательных сотрудников, которые всегда помогут решить любой вопрос."} | headers=HTTPHeaderDict({'Content-Length': '458', 'Content-Type': 'application/json; charset=utf-8', 'cache-control': 'no-cache'}) (Line: 436) [remote_connection.py]
DEBUG (15/09/2026 09:14:38): Finished Request (Line: 465) [remote_connection.py]
DEBUG (15/09/2026 09:14:38): POST http://localhost:62331/session/f81b76abdd2c93f3ee341da095e31ca1/element/f.4F43718FA93D6414267F90606F9738F8.d.4124141701B4037D5393CDA2E347394A.e.638/element {'using': 'css selector', 'value': '.business-review-comment-content__date'} (Line: 403) [remote_connection.py]
DEBUG (15/09/2026 09:14:38): http://localhost:62331 "POST /session/f81b76abdd2c93f3ee341da095e31ca1/element/f.4F43718FA93D6414267F90606F9738F8.d.4124141701B4037D5393CDA2E347394A.e.638/element HTTP/1.1" 200 0 (Line: 544) [connectionpool.py]
DEBUG (15/09/2026 09:14:38): Remote response: status=200 | data={"value":{"element-6066-11e4-a52e-4f735466cecf":"f.4F43718FA93D6414267F90606F9738F8.d.4124141701B4037D5393CDA2E347394A.e.792"}} | headers=HTTPHeaderDict({'Content-Length': '127', 'Content-Type': 'application/json; charset=utf-8', 'cache-control': 'no-cache'}) (Line: 436) [remote_connection.py]
DEBUG (15/09/2026 09:14:38): Finished Request (Line: 465) [remote_connection.py]
DEBUG (15/09/2026 09:14:38): POST http://localhost:62331/session/f81b76abdd2c93f3ee341da095e31ca1/element/f.4F43718FA93D6414267F90606F9738F8.d.4124141701B4037D5393CDA2E347394A.e.638/element {'using': 'css selector', 'value': '.business-review-comment-content__date'} (Line: 403) [remote_connection.py]
DEBUG (15/09/2026 09:14:38): http://localhost:62331 "POST /session/f81b76abdd2c93f3ee341da095e31ca1/element/f.4F43718FA93D6414267F90606F9738F8.d.4124141701B4037D5393CDA2E347394A.e.638/element HTTP/1.1" 200 0 (Line: 544) [connectionpool.py]
DEBUG (15/09/2026 09:14:38): Remote response: status=200 | data={"value":{"element-6066-11e4-a52e-4f735466cecf":"f.4F43718FA93D6414267F90606F9738F8.d.4124141701B4037D5393CDA2E347394A.e.792"}} | headers=HTTPHeaderDict({'Content-Length': '127', 'Content-Type': 'application/json; charset=utf-8', 'cache-control': 'no-cache'}) (Line: 436) [remote_connection.py]
DEBUG (15/09/2026 09:14:38): Finished Request (Line: 465) [remote_connection.py]
DEBUG (15/09/2026 09:14:38): POST http://localhost:62331/session/f81b76abdd2c93f3ee341da095e31ca1/execute/sync {'script': 'return arguments[0].textContent.trim();', 'args': [{'element-6066-11e4-a52e-4f735466cecf': 'f.4F43718FA93D6414267F90606F9738F8.d.4124141701B4037D5393CDA2E347394A.e.792'}]} (Line: 403) [remote_connection.py]
DEBUG (15/09/2026 09:14:38): http://localhost:62331 "POST /session/f81b76abdd2c93f3ee341da095e31ca1/execute/sync HTTP/1.1" 200 0 (Line: 544) [connectionpool.py]
DEBUG (15/09/2026 09:14:38): Remote response: status=200 | data={"value":"13 ноября 2024"} | headers=HTTPHeaderDict({'Content-Length': '32', 'Content-Type': 'application/json; charset=utf-8', 'cache-control': 'no-cache'}) (Line: 436) [remote_connection.py]
DEBUG (15/09/2026 09:14:38): Finished Request (Line: 465) [remote_connection.py]
DEBUG (15/09/2026 09:14:38): POST http://localhost:62331/session/f81b76abdd2c93f3ee341da095e31ca1/element/f.4F43718FA93D6414267F90606F9738F8.d.4124141701B4037D5393CDA2E347394A.e.638/element {'using': 'css selector', 'value': '.business-review-comment-content__bubble'} (Line: 403) [remote_connection.py]
DEBUG (15/09/2026 09:14:38): http://localhost:62331 "POST /session/f81b76abdd2c93f3ee341da095e31ca1/element/f.4F43718FA93D6414267F90606F9738F8.d.4124141701B4037D5393CDA2E347394A.e.638/element HTTP/1.1" 200 0 (Line: 544) [connectionpool.py]
DEBUG (15/09/2026 09:14:38): Remote response: status=200 | data={"value":{"element-6066-11e4-a52e-4f735466cecf":"f.4F43718FA93D6414267F90606F9738F8.d.4124141701B4037D5393CDA2E347394A.e.793"}} | headers=HTTPHeaderDict({'Content-Length': '127', 'Content-Type': 'application/json; charset=utf-8', 'cache-control': 'no-cache'}) (Line: 436) [remote_connection.py]
DEBUG (15/09/2026 09:14:38): Finished Request (Line: 465) [remote_connection.py]
DEBUG (15/09/2026 09:14:38): POST http://localhost:62331/session/f81b76abdd2c93f3ee341da095e31ca1/element/f.4F43718FA93D6414267F90606F9738F8.d.4124141701B4037D5393CDA2E347394A.e.638/element {'using': 'css selector', 'value': '.business-review-comment-content__bubble'} (Line: 403) [remote_connection.py]
DEBUG (15/09/2026 09:14:38): http://localhost:62331 "POST /session/f81b76abdd2c93f3ee341da095e31ca1/element/f.4F43718FA93D6414267F90606F9738F8.d.4124141701B4037D5393CDA2E347394A.e.638/element HTTP/1.1" 200 0 (Line: 544) [connectionpool.py]
DEBUG (15/09/2026 09:14:38): Remote response: status=200 | data={"value":{"element-6066-11e4-a52e-4f735466cecf":"f.4F43718FA93D6414267F90606F9738F8.d.4124141701B4037D5393CDA2E347394A.e.793"}} | headers=HTTPHeaderDict({'Content-Length': '127', 'Content-Type': 'application/json; charset=utf-8', 'cache-control': 'no-cache'}) (Line: 436) [remote_connection.py]
DEBUG (15/09/2026 09:14:38): Finished Request (Line: 465) [remote_connection.py]
DEBUG (15/09/2026 09:14:38): POST http://localhost:62331/session/f81b76abdd2c93f3ee341da095e31ca1/execute/sync {'script': 'return arguments[0].textContent.trim();', 'args': [{'element-6066-11e4-a52e-4f735466cecf': 'f.4F43718FA93D6414267F90606F9738F8.d.4124141701B4037D5393CDA2E347394A.e.793'}]} (Line: 403) [remote_connection.py]
DEBUG (15/09/2026 09:14:38): http://localhost:62331 "POST /session/f81b76abdd2c93f3ee341da095e31ca1/execute/sync HTTP/1.1" 200 0 (Line: 544) [connectionpool.py]
DEBUG (15/09/2026 09:14:38): Remote response: status=200 | data={"value":"Благодарим вас за долгосрочное сотрудничество с нашей компанией и за теплые слова в адрес нашей работы. Наша команда всегда рада помочь вам и решить любые вопросы, связанные с вашими заказами. Спасибо за доверие и надеемся на дальнейшее успешное сотрудничество!\nС уважением, коллектив ООО \"АвтоДизельПарт\"."} | headers=HTTPHeaderDict({'Content-Length': '576', 'Content-Type': 'application/json; charset=utf-8', 'cache-control': 'no-cache'}) (Line: 436) [remote_connection.py]
DEBUG (15/09/2026 09:14:38): Finished Request (Line: 465) [remote_connection.py]
DEBUG (15/09/2026 09:14:38): POST http://localhost:62331/session/f81b76abdd2c93f3ee341da095e31ca1/element/f.4F43718FA93D6414267F90606F9738F8.d.4124141701B4037D5393CDA2E347394A.e.639/element {'using': 'css selector', 'value': '.business-review-comment-expandable-view__expand'} (Line: 403) [remote_connection.py]
DEBUG (15/09/2026 09:14:38): http://localhost:62331 "POST /session/f81b76abdd2c93f3ee341da095e31ca1/element/f.4F43718FA93D6414267F90606F9738F8.d.4124141701B4037D5393CDA2E347394A.e.639/element HTTP/1.1" 200 0 (Line: 544) [connectionpool.py]
DEBUG (15/09/2026 09:14:38): Remote response: status=200 | data={"value":{"element-6066-11e4-a52e-4f735466cecf":"f.4F43718FA93D6414267F90606F9738F8.d.4124141701B4037D5393CDA2E347394A.e.660"}} | headers=HTTPHeaderDict({'Content-Length': '127', 'Content-Type': 'application/json; charset=utf-8', 'cache-control': 'no-cache'}) (Line: 436) [remote_connection.py]
DEBUG (15/09/2026 09:14:38): Finished Request (Line: 465) [remote_connection.py]
DEBUG (15/09/2026 09:14:38): POST http://localhost:62331/session/f81b76abdd2c93f3ee341da095e31ca1/element/f.4F43718FA93D6414267F90606F9738F8.d.4124141701B4037D5393CDA2E347394A.e.639/element {'using': 'css selector', 'value': '.business-review-view__author-name span'} (Line: 403) [remote_connection.py]
DEBUG (15/09/2026 09:14:38): http://localhost:62331 "POST /session/f81b76abdd2c93f3ee341da095e31ca1/element/f.4F43718FA93D6414267F90606F9738F8.d.4124141701B4037D5393CDA2E347394A.e.639/element HTTP/1.1" 200 0 (Line: 544) [connectionpool.py]
DEBUG (15/09/2026 09:14:38): Remote response: status=200 | data={"value":{"element-6066-11e4-a52e-4f735466cecf":"f.4F43718FA93D6414267F90606F9738F8.d.4124141701B4037D5393CDA2E347394A.e.794"}} | headers=HTTPHeaderDict({'Content-Length': '127', 'Content-Type': 'application/json; charset=utf-8', 'cache-control': 'no-cache'}) (Line: 436) [remote_connection.py]
DEBUG (15/09/2026 09:14:38): Finished Request (Line: 465) [remote_connection.py]
DEBUG (15/09/2026 09:14:38): POST http://localhost:62331/session/f81b76abdd2c93f3ee341da095e31ca1/element/f.4F43718FA93D6414267F90606F9738F8.d.4124141701B4037D5393CDA2E347394A.e.639/element {'using': 'css selector', 'value': '.business-review-view__author-name span'} (Line: 403) [remote_connection.py]
DEBUG (15/09/2026 09:14:38): http://localhost:62331 "POST /session/f81b76abdd2c93f3ee341da095e31ca1/element/f.4F43718FA93D6414267F90606F9738F8.d.4124141701B4037D5393CDA2E347394A.e.639/element HTTP/1.1" 200 0 (Line: 544) [connectionpool.py]
DEBUG (15/09/2026 09:14:38): Remote response: status=200 | data={"value":{"element-6066-11e4-a52e-4f735466cecf":"f.4F43718FA93D6414267F90606F9738F8.d.4124141701B4037D5393CDA2E347394A.e.794"}} | headers=HTTPHeaderDict({'Content-Length': '127', 'Content-Type': 'application/json; charset=utf-8', 'cache-control': 'no-cache'}) (Line: 436) [remote_connection.py]
DEBUG (15/09/2026 09:14:38): Finished Request (Line: 465) [remote_connection.py]
DEBUG (15/09/2026 09:14:38): POST http://localhost:62331/session/f81b76abdd2c93f3ee341da095e31ca1/execute/sync {'script': 'return arguments[0].textContent.trim();', 'args': [{'element-6066-11e4-a52e-4f735466cecf': 'f.4F43718FA93D6414267F90606F9738F8.d.4124141701B4037D5393CDA2E347394A.e.794'}]} (Line: 403) [remote_connection.py]
DEBUG (15/09/2026 09:14:38): http://localhost:62331 "POST /session/f81b76abdd2c93f3ee341da095e31ca1/execute/sync HTTP/1.1" 200 0 (Line: 544) [connectionpool.py]
DEBUG (15/09/2026 09:14:38): Remote response: status=200 | data={"value":"SSG_YouTube"} | headers=HTTPHeaderDict({'Content-Length': '23', 'Content-Type': 'application/json; charset=utf-8', 'cache-control': 'no-cache'}) (Line: 436) [remote_connection.py]
DEBUG (15/09/2026 09:14:38): Finished Request (Line: 465) [remote_connection.py]
DEBUG (15/09/2026 09:14:38): POST http://localhost:62331/session/f81b76abdd2c93f3ee341da095e31ca1/element/f.4F43718FA93D6414267F90606F9738F8.d.4124141701B4037D5393CDA2E347394A.e.639/element {'using': 'css selector', 'value': '.business-review-view__date span'} (Line: 403) [remote_connection.py]
DEBUG (15/09/2026 09:14:38): http://localhost:62331 "POST /session/f81b76abdd2c93f3ee341da095e31ca1/element/f.4F43718FA93D6414267F90606F9738F8.d.4124141701B4037D5393CDA2E347394A.e.639/element HTTP/1.1" 200 0 (Line: 544) [connectionpool.py]
DEBUG (15/09/2026 09:14:38): Remote response: status=200 | data={"value":{"element-6066-11e4-a52e-4f735466cecf":"f.4F43718FA93D6414267F90606F9738F8.d.4124141701B4037D5393CDA2E347394A.e.795"}} | headers=HTTPHeaderDict({'Content-Length': '127', 'Content-Type': 'application/json; charset=utf-8', 'cache-control': 'no-cache'}) (Line: 436) [remote_connection.py]
DEBUG (15/09/2026 09:14:38): Finished Request (Line: 465) [remote_connection.py]
DEBUG (15/09/2026 09:14:38): POST http://localhost:62331/session/f81b76abdd2c93f3ee341da095e31ca1/element/f.4F43718FA93D6414267F90606F9738F8.d.4124141701B4037D5393CDA2E347394A.e.639/element {'using': 'css selector', 'value': '.business-review-view__date span'} (Line: 403) [remote_connection.py]
DEBUG (15/09/2026 09:14:38): http://localhost:62331 "POST /session/f81b76abdd2c93f3ee341da095e31ca1/element/f.4F43718FA93D6414267F90606F9738F8.d.4124141701B4037D5393CDA2E347394A.e.639/element HTTP/1.1" 200 0 (Line: 544) [connectionpool.py]
DEBUG (15/09/2026 09:14:38): Remote response: status=200 | data={"value":{"element-6066-11e4-a52e-4f735466cecf":"f.4F43718FA93D6414267F90606F9738F8.d.4124141701B4037D5393CDA2E347394A.e.795"}} | headers=HTTPHeaderDict({'Content-Length': '127', 'Content-Type': 'application/json; charset=utf-8', 'cache-control': 'no-cache'}) (Line: 436) [remote_connection.py]
DEBUG (15/09/2026 09:14:38): Finished Request (Line: 465) [remote_connection.py]
DEBUG (15/09/2026 09:14:38): POST http://localhost:62331/session/f81b76abdd2c93f3ee341da095e31ca1/execute/sync {'script': 'return arguments[0].textContent.trim();', 'args': [{'element-6066-11e4-a52e-4f735466cecf': 'f.4F43718FA93D6414267F90606F9738F8.d.4124141701B4037D5393CDA2E347394A.e.795'}]} (Line: 403) [remote_connection.py]
DEBUG (15/09/2026 09:14:38): http://localhost:62331 "POST /session/f81b76abdd2c93f3ee341da095e31ca1/execute/sync HTTP/1.1" 200 0 (Line: 544) [connectionpool.py]
DEBUG (15/09/2026 09:14:38): Remote response: status=200 | data={"value":"6 ноября 2024"} | headers=HTTPHeaderDict({'Content-Length': '31', 'Content-Type': 'application/json; charset=utf-8', 'cache-control': 'no-cache'}) (Line: 436) [remote_connection.py]
DEBUG (15/09/2026 09:14:38): Finished Request (Line: 465) [remote_connection.py]
DEBUG (15/09/2026 09:14:38): POST http://localhost:62331/session/f81b76abdd2c93f3ee341da095e31ca1/element/f.4F43718FA93D6414267F90606F9738F8.d.4124141701B4037D5393CDA2E347394A.e.639/element {'using': 'css selector', 'value': '._full'} (Line: 403) [remote_connection.py]
DEBUG (15/09/2026 09:14:38): http://localhost:62331 "POST /session/f81b76abdd2c93f3ee341da095e31ca1/element/f.4F43718FA93D6414267F90606F9738F8.d.4124141701B4037D5393CDA2E347394A.e.639/element HTTP/1.1" 200 0 (Line: 544) [connectionpool.py]
DEBUG (15/09/2026 09:14:38): Remote response: status=200 | data={"value":{"element-6066-11e4-a52e-4f735466cecf":"f.4F43718FA93D6414267F90606F9738F8.d.4124141701B4037D5393CDA2E347394A.e.796"}} | headers=HTTPHeaderDict({'Content-Length': '127', 'Content-Type': 'application/json; charset=utf-8', 'cache-control': 'no-cache'}) (Line: 436) [remote_connection.py]
DEBUG (15/09/2026 09:14:38): Finished Request (Line: 465) [remote_connection.py]
DEBUG (15/09/2026 09:14:38): POST http://localhost:62331/session/f81b76abdd2c93f3ee341da095e31ca1/element/f.4F43718FA93D6414267F90606F9738F8.d.4124141701B4037D5393CDA2E347394A.e.639/elements {'using': 'css selector', 'value': '._full'} (Line: 403) [remote_connection.py]
DEBUG (15/09/2026 09:14:38): http://localhost:62331 "POST /session/f81b76abdd2c93f3ee341da095e31ca1/element/f.4F43718FA93D6414267F90606F9738F8.d.4124141701B4037D5393CDA2E347394A.e.639/elements HTTP/1.1" 200 0 (Line: 544) [connectionpool.py]
DEBUG (15/09/2026 09:14:38): Remote response: status=200 | data={"value":[{"element-6066-11e4-a52e-4f735466cecf":"f.4F43718FA93D6414267F90606F9738F8.d.4124141701B4037D5393CDA2E347394A.e.796"},{"element-6066-11e4-a52e-4f735466cecf":"f.4F43718FA93D6414267F90606F9738F8.d.4124141701B4037D5393CDA2E347394A.e.797"},{"element-6066-11e4-a52e-4f735466cecf":"f.4F43718FA93D6414267F90606F9738F8.d.4124141701B4037D5393CDA2E347394A.e.798"},{"element-6066-11e4-a52e-4f735466cecf":"f.4F43718FA93D6414267F90606F9738F8.d.4124141701B4037D5393CDA2E347394A.e.799"},{"element-6066-11e4-a52e-4f735466cecf":"f.4F43718FA93D6414267F90606F9738F8.d.4124141701B4037D5393CDA2E347394A.e.800"}]} | headers=HTTPHeaderDict({'Content-Length': '601', 'Content-Type': 'application/json; charset=utf-8', 'cache-control': 'no-cache'}) (Line: 436) [remote_connection.py]
DEBUG (15/09/2026 09:14:38): Finished Request (Line: 465) [remote_connection.py]
DEBUG (15/09/2026 09:14:38): POST http://localhost:62331/session/f81b76abdd2c93f3ee341da095e31ca1/element/f.4F43718FA93D6414267F90606F9738F8.d.4124141701B4037D5393CDA2E347394A.e.639/element {'using': 'css selector', 'value': '.spoiler-view__text-container'} (Line: 403) [remote_connection.py]
DEBUG (15/09/2026 09:14:38): http://localhost:62331 "POST /session/f81b76abdd2c93f3ee341da095e31ca1/element/f.4F43718FA93D6414267F90606F9738F8.d.4124141701B4037D5393CDA2E347394A.e.639/element HTTP/1.1" 200 0 (Line: 544) [connectionpool.py]
DEBUG (15/09/2026 09:14:38): Remote response: status=200 | data={"value":{"element-6066-11e4-a52e-4f735466cecf":"f.4F43718FA93D6414267F90606F9738F8.d.4124141701B4037D5393CDA2E347394A.e.801"}} | headers=HTTPHeaderDict({'Content-Length': '127', 'Content-Type': 'application/json; charset=utf-8', 'cache-control': 'no-cache'}) (Line: 436) [remote_connection.py]
DEBUG (15/09/2026 09:14:38): Finished Request (Line: 465) [remote_connection.py]
DEBUG (15/09/2026 09:14:38): POST http://localhost:62331/session/f81b76abdd2c93f3ee341da095e31ca1/element/f.4F43718FA93D6414267F90606F9738F8.d.4124141701B4037D5393CDA2E347394A.e.639/element {'using': 'css selector', 'value': '.spoiler-view__text-container'} (Line: 403) [remote_connection.py]
DEBUG (15/09/2026 09:14:38): http://localhost:62331 "POST /session/f81b76abdd2c93f3ee341da095e31ca1/element/f.4F43718FA93D6414267F90606F9738F8.d.4124141701B4037D5393CDA2E347394A.e.639/element HTTP/1.1" 200 0 (Line: 544) [connectionpool.py]
DEBUG (15/09/2026 09:14:38): Remote response: status=200 | data={"value":{"element-6066-11e4-a52e-4f735466cecf":"f.4F43718FA93D6414267F90606F9738F8.d.4124141701B4037D5393CDA2E347394A.e.801"}} | headers=HTTPHeaderDict({'Content-Length': '127', 'Content-Type': 'application/json; charset=utf-8', 'cache-control': 'no-cache'}) (Line: 436) [remote_connection.py]
DEBUG (15/09/2026 09:14:38): Finished Request (Line: 465) [remote_connection.py]
DEBUG (15/09/2026 09:14:38): POST http://localhost:62331/session/f81b76abdd2c93f3ee341da095e31ca1/execute/sync {'script': 'return arguments[0].textContent.trim();', 'args': [{'element-6066-11e4-a52e-4f735466cecf': 'f.4F43718FA93D6414267F90606F9738F8.d.4124141701B4037D5393CDA2E347394A.e.801'}]} (Line: 403) [remote_connection.py]
DEBUG (15/09/2026 09:14:38): http://localhost:62331 "POST /session/f81b76abdd2c93f3ee341da095e31ca1/execute/sync HTTP/1.1" 200 0 (Line: 544) [connectionpool.py]
DEBUG (15/09/2026 09:14:38): Remote response: status=200 | data={"value":"Отличные ребята. Работают на 100%. Ответы на запросы всегда быстрые и точные. Отправка заказов выше всяких похвал. Работали с ними и будем работать."} | headers=HTTPHeaderDict({'Content-Length': '277', 'Content-Type': 'application/json; charset=utf-8', 'cache-control': 'no-cache'}) (Line: 436) [remote_connection.py]
DEBUG (15/09/2026 09:14:38): Finished Request (Line: 465) [remote_connection.py]
DEBUG (15/09/2026 09:14:38): POST http://localhost:62331/session/f81b76abdd2c93f3ee341da095e31ca1/element/f.4F43718FA93D6414267F90606F9738F8.d.4124141701B4037D5393CDA2E347394A.e.639/element {'using': 'css selector', 'value': '.business-review-comment-content__date'} (Line: 403) [remote_connection.py]
DEBUG (15/09/2026 09:14:38): http://localhost:62331 "POST /session/f81b76abdd2c93f3ee341da095e31ca1/element/f.4F43718FA93D6414267F90606F9738F8.d.4124141701B4037D5393CDA2E347394A.e.639/element HTTP/1.1" 200 0 (Line: 544) [connectionpool.py]
DEBUG (15/09/2026 09:14:38): Remote response: status=200 | data={"value":{"element-6066-11e4-a52e-4f735466cecf":"f.4F43718FA93D6414267F90606F9738F8.d.4124141701B4037D5393CDA2E347394A.e.802"}} | headers=HTTPHeaderDict({'Content-Length': '127', 'Content-Type': 'application/json; charset=utf-8', 'cache-control': 'no-cache'}) (Line: 436) [remote_connection.py]
DEBUG (15/09/2026 09:14:38): Finished Request (Line: 465) [remote_connection.py]
DEBUG (15/09/2026 09:14:38): POST http://localhost:62331/session/f81b76abdd2c93f3ee341da095e31ca1/element/f.4F43718FA93D6414267F90606F9738F8.d.4124141701B4037D5393CDA2E347394A.e.639/element {'using': 'css selector', 'value': '.business-review-comment-content__date'} (Line: 403) [remote_connection.py]
DEBUG (15/09/2026 09:14:38): http://localhost:62331 "POST /session/f81b76abdd2c93f3ee341da095e31ca1/element/f.4F43718FA93D6414267F90606F9738F8.d.4124141701B4037D5393CDA2E347394A.e.639/element HTTP/1.1" 200 0 (Line: 544) [connectionpool.py]
DEBUG (15/09/2026 09:14:38): Remote response: status=200 | data={"value":{"element-6066-11e4-a52e-4f735466cecf":"f.4F43718FA93D6414267F90606F9738F8.d.4124141701B4037D5393CDA2E347394A.e.802"}} | headers=HTTPHeaderDict({'Content-Length': '127', 'Content-Type': 'application/json; charset=utf-8', 'cache-control': 'no-cache'}) (Line: 436) [remote_connection.py]
DEBUG (15/09/2026 09:14:38): Finished Request (Line: 465) [remote_connection.py]
DEBUG (15/09/2026 09:14:38): POST http://localhost:62331/session/f81b76abdd2c93f3ee341da095e31ca1/execute/sync {'script': 'return arguments[0].textContent.trim();', 'args': [{'element-6066-11e4-a52e-4f735466cecf': 'f.4F43718FA93D6414267F90606F9738F8.d.4124141701B4037D5393CDA2E347394A.e.802'}]} (Line: 403) [remote_connection.py]
DEBUG (15/09/2026 09:14:38): http://localhost:62331 "POST /session/f81b76abdd2c93f3ee341da095e31ca1/execute/sync HTTP/1.1" 200 0 (Line: 544) [connectionpool.py]
DEBUG (15/09/2026 09:14:38): Remote response: status=200 | data={"value":"13 ноября 2024"} | headers=HTTPHeaderDict({'Content-Length': '32', 'Content-Type': 'application/json; charset=utf-8', 'cache-control': 'no-cache'}) (Line: 436) [remote_connection.py]
DEBUG (15/09/2026 09:14:38): Finished Request (Line: 465) [remote_connection.py]
DEBUG (15/09/2026 09:14:38): POST http://localhost:62331/session/f81b76abdd2c93f3ee341da095e31ca1/element/f.4F43718FA93D6414267F90606F9738F8.d.4124141701B4037D5393CDA2E347394A.e.639/element {'using': 'css selector', 'value': '.business-review-comment-content__bubble'} (Line: 403) [remote_connection.py]
DEBUG (15/09/2026 09:14:38): http://localhost:62331 "POST /session/f81b76abdd2c93f3ee341da095e31ca1/element/f.4F43718FA93D6414267F90606F9738F8.d.4124141701B4037D5393CDA2E347394A.e.639/element HTTP/1.1" 200 0 (Line: 544) [connectionpool.py]
DEBUG (15/09/2026 09:14:38): Remote response: status=200 | data={"value":{"element-6066-11e4-a52e-4f735466cecf":"f.4F43718FA93D6414267F90606F9738F8.d.4124141701B4037D5393CDA2E347394A.e.803"}} | headers=HTTPHeaderDict({'Content-Length': '127', 'Content-Type': 'application/json; charset=utf-8', 'cache-control': 'no-cache'}) (Line: 436) [remote_connection.py]
DEBUG (15/09/2026 09:14:38): Finished Request (Line: 465) [remote_connection.py]
DEBUG (15/09/2026 09:14:38): POST http://localhost:62331/session/f81b76abdd2c93f3ee341da095e31ca1/element/f.4F43718FA93D6414267F90606F9738F8.d.4124141701B4037D5393CDA2E347394A.e.639/element {'using': 'css selector', 'value': '.business-review-comment-content__bubble'} (Line: 403) [remote_connection.py]
DEBUG (15/09/2026 09:14:38): http://localhost:62331 "POST /session/f81b76abdd2c93f3ee341da095e31ca1/element/f.4F43718FA93D6414267F90606F9738F8.d.4124141701B4037D5393CDA2E347394A.e.639/element HTTP/1.1" 200 0 (Line: 544) [connectionpool.py]
DEBUG (15/09/2026 09:14:38): Remote response: status=200 | data={"value":{"element-6066-11e4-a52e-4f735466cecf":"f.4F43718FA93D6414267F90606F9738F8.d.4124141701B4037D5393CDA2E347394A.e.803"}} | headers=HTTPHeaderDict({'Content-Length': '127', 'Content-Type': 'application/json; charset=utf-8', 'cache-control': 'no-cache'}) (Line: 436) [remote_connection.py]
DEBUG (15/09/2026 09:14:38): Finished Request (Line: 465) [remote_connection.py]
DEBUG (15/09/2026 09:14:38): POST http://localhost:62331/session/f81b76abdd2c93f3ee341da095e31ca1/execute/sync {'script': 'return arguments[0].textContent.trim();', 'args': [{'element-6066-11e4-a52e-4f735466cecf': 'f.4F43718FA93D6414267F90606F9738F8.d.4124141701B4037D5393CDA2E347394A.e.803'}]} (Line: 403) [remote_connection.py]
DEBUG (15/09/2026 09:14:38): http://localhost:62331 "POST /session/f81b76abdd2c93f3ee341da095e31ca1/execute/sync HTTP/1.1" 200 0 (Line: 544) [connectionpool.py]
DEBUG (15/09/2026 09:14:38): Remote response: status=200 | data={"value":"Благодарим за отзыв! Мы всегда стараемся обеспечить наших клиентов качественным обслуживанием и быстрой доставкой. Будем рады продолжить с вами сотрудничество!\nС уважением, коллектив ООО \"АвтоДизельПарт\"."} | headers=HTTPHeaderDict({'Content-Length': '392', 'Content-Type': 'application/json; charset=utf-8', 'cache-control': 'no-cache'}) (Line: 436) [remote_connection.py]
DEBUG (15/09/2026 09:14:38): Finished Request (Line: 465) [remote_connection.py]
DEBUG (15/09/2026 09:14:38): POST http://localhost:62331/session/f81b76abdd2c93f3ee341da095e31ca1/element/f.4F43718FA93D6414267F90606F9738F8.d.4124141701B4037D5393CDA2E347394A.e.640/element {'using': 'css selector', 'value': '.business-review-comment-expandable-view__expand'} (Line: 403) [remote_connection.py]
DEBUG (15/09/2026 09:14:38): http://localhost:62331 "POST /session/f81b76abdd2c93f3ee341da095e31ca1/element/f.4F43718FA93D6414267F90606F9738F8.d.4124141701B4037D5393CDA2E347394A.e.640/element HTTP/1.1" 404 0 (Line: 544) [connectionpool.py]
DEBUG (15/09/2026 09:14:38): Remote response: status=404 | data={"value":{"error":"no such element","message":"no such element: Unable to locate element: {\"method\":\"css selector\",\"selector\":\".business-review-comment-expandable-view__expand\"}\n  (Session info: chrome=153.0.8010.36)","stacktrace":"\tchromedriver!GetHandleVerifier [0x7ff6d385ff25+5ae5]\n\tchromedriver!(No symbol) [0x7ff6d3782210]\n\tchromedriver!(No symbol) [0x7ff6d35a4a9d]\n\tchromedriver!(No symbol) [0x7ff6d36004ad]\n\tchromedriver!(No symbol) [0x7ff6d360076c]\n\tchromedriver!(No symbol) [0x7ff6d35f39ec]\n\tchromedriver!(No symbol) [0x7ff6d35f3896]\n\tchromedriver!(No symbol) [0x7ff6d36500df]\n\tchromedriver!(No symbol) [0x7ff6d35f2202]\n\tchromedriver!(No symbol) [0x7ff6d35f3013]\n\tchromedriver!GetHandleVerifier [0x7ff6d3c84231+429df1]\n\tchromedriver!GetHandleVerifier [0x7ff6d3cafce7+4558a7]\n\tchromedriver!GetHandleVerifier [0x7ff6d3ca413e+449cfe]\n\tchromedriver!GetHandleVerifier [0x7ff6d395c9ce+10258e]\n\tchromedriver!(No symbol) [0x7ff6d3790545]\n\tchromedriver!(No symbol) [0x7ff6d378b6a4]\n\tchromedriver!(No symbol) [0x7ff6d378b834]\n\tchromedriver!(No symbol) [0x7ff6d377601c]\n\tKERNEL32!BaseThreadInitThunk [0x7ffdc53fcd87+17]\n\tntdll!RtlUserThreadStart [0x7ffdc6dccaec+2c]\n"}} | headers=HTTPHeaderDict({'Content-Length': '1217', 'Content-Type': 'application/json; charset=utf-8', 'cache-control': 'no-cache'}) (Line: 436) [remote_connection.py]
DEBUG (15/09/2026 09:14:38): Finished Request (Line: 465) [remote_connection.py]
DEBUG (15/09/2026 09:14:38): POST http://localhost:62331/session/f81b76abdd2c93f3ee341da095e31ca1/element/f.4F43718FA93D6414267F90606F9738F8.d.4124141701B4037D5393CDA2E347394A.e.640/element {'using': 'css selector', 'value': '.business-review-view__author-name span'} (Line: 403) [remote_connection.py]
DEBUG (15/09/2026 09:14:38): http://localhost:62331 "POST /session/f81b76abdd2c93f3ee341da095e31ca1/element/f.4F43718FA93D6414267F90606F9738F8.d.4124141701B4037D5393CDA2E347394A.e.640/element HTTP/1.1" 200 0 (Line: 544) [connectionpool.py]
DEBUG (15/09/2026 09:14:38): Remote response: status=200 | data={"value":{"element-6066-11e4-a52e-4f735466cecf":"f.4F43718FA93D6414267F90606F9738F8.d.4124141701B4037D5393CDA2E347394A.e.804"}} | headers=HTTPHeaderDict({'Content-Length': '127', 'Content-Type': 'application/json; charset=utf-8', 'cache-control': 'no-cache'}) (Line: 436) [remote_connection.py]
DEBUG (15/09/2026 09:14:38): Finished Request (Line: 465) [remote_connection.py]
DEBUG (15/09/2026 09:14:38): POST http://localhost:62331/session/f81b76abdd2c93f3ee341da095e31ca1/element/f.4F43718FA93D6414267F90606F9738F8.d.4124141701B4037D5393CDA2E347394A.e.640/element {'using': 'css selector', 'value': '.business-review-view__author-name span'} (Line: 403) [remote_connection.py]
DEBUG (15/09/2026 09:14:38): http://localhost:62331 "POST /session/f81b76abdd2c93f3ee341da095e31ca1/element/f.4F43718FA93D6414267F90606F9738F8.d.4124141701B4037D5393CDA2E347394A.e.640/element HTTP/1.1" 200 0 (Line: 544) [connectionpool.py]
DEBUG (15/09/2026 09:14:38): Remote response: status=200 | data={"value":{"element-6066-11e4-a52e-4f735466cecf":"f.4F43718FA93D6414267F90606F9738F8.d.4124141701B4037D5393CDA2E347394A.e.804"}} | headers=HTTPHeaderDict({'Content-Length': '127', 'Content-Type': 'application/json; charset=utf-8', 'cache-control': 'no-cache'}) (Line: 436) [remote_connection.py]
DEBUG (15/09/2026 09:14:38): Finished Request (Line: 465) [remote_connection.py]
DEBUG (15/09/2026 09:14:38): POST http://localhost:62331/session/f81b76abdd2c93f3ee341da095e31ca1/execute/sync {'script': 'return arguments[0].textContent.trim();', 'args': [{'element-6066-11e4-a52e-4f735466cecf': 'f.4F43718FA93D6414267F90606F9738F8.d.4124141701B4037D5393CDA2E347394A.e.804'}]} (Line: 403) [remote_connection.py]
DEBUG (15/09/2026 09:14:38): http://localhost:62331 "POST /session/f81b76abdd2c93f3ee341da095e31ca1/execute/sync HTTP/1.1" 200 0 (Line: 544) [connectionpool.py]
DEBUG (15/09/2026 09:14:38): Remote response: status=200 | data={"value":"Роман П."} | headers=HTTPHeaderDict({'Content-Length': '26', 'Content-Type': 'application/json; charset=utf-8', 'cache-control': 'no-cache'}) (Line: 436) [remote_connection.py]
DEBUG (15/09/2026 09:14:38): Finished Request (Line: 465) [remote_connection.py]
DEBUG (15/09/2026 09:14:38): POST http://localhost:62331/session/f81b76abdd2c93f3ee341da095e31ca1/element/f.4F43718FA93D6414267F90606F9738F8.d.4124141701B4037D5393CDA2E347394A.e.640/element {'using': 'css selector', 'value': '.business-review-view__date span'} (Line: 403) [remote_connection.py]
DEBUG (15/09/2026 09:14:38): http://localhost:62331 "POST /session/f81b76abdd2c93f3ee341da095e31ca1/element/f.4F43718FA93D6414267F90606F9738F8.d.4124141701B4037D5393CDA2E347394A.e.640/element HTTP/1.1" 200 0 (Line: 544) [connectionpool.py]
DEBUG (15/09/2026 09:14:38): Remote response: status=200 | data={"value":{"element-6066-11e4-a52e-4f735466cecf":"f.4F43718FA93D6414267F90606F9738F8.d.4124141701B4037D5393CDA2E347394A.e.805"}} | headers=HTTPHeaderDict({'Content-Length': '127', 'Content-Type': 'application/json; charset=utf-8', 'cache-control': 'no-cache'}) (Line: 436) [remote_connection.py]
DEBUG (15/09/2026 09:14:38): Finished Request (Line: 465) [remote_connection.py]
DEBUG (15/09/2026 09:14:38): POST http://localhost:62331/session/f81b76abdd2c93f3ee341da095e31ca1/element/f.4F43718FA93D6414267F90606F9738F8.d.4124141701B4037D5393CDA2E347394A.e.640/element {'using': 'css selector', 'value': '.business-review-view__date span'} (Line: 403) [remote_connection.py]
DEBUG (15/09/2026 09:14:38): http://localhost:62331 "POST /session/f81b76abdd2c93f3ee341da095e31ca1/element/f.4F43718FA93D6414267F90606F9738F8.d.4124141701B4037D5393CDA2E347394A.e.640/element HTTP/1.1" 200 0 (Line: 544) [connectionpool.py]
DEBUG (15/09/2026 09:14:38): Remote response: status=200 | data={"value":{"element-6066-11e4-a52e-4f735466cecf":"f.4F43718FA93D6414267F90606F9738F8.d.4124141701B4037D5393CDA2E347394A.e.805"}} | headers=HTTPHeaderDict({'Content-Length': '127', 'Content-Type': 'application/json; charset=utf-8', 'cache-control': 'no-cache'}) (Line: 436) [remote_connection.py]
DEBUG (15/09/2026 09:14:38): Finished Request (Line: 465) [remote_connection.py]
DEBUG (15/09/2026 09:14:38): POST http://localhost:62331/session/f81b76abdd2c93f3ee341da095e31ca1/execute/sync {'script': 'return arguments[0].textContent.trim();', 'args': [{'element-6066-11e4-a52e-4f735466cecf': 'f.4F43718FA93D6414267F90606F9738F8.d.4124141701B4037D5393CDA2E347394A.e.805'}]} (Line: 403) [remote_connection.py]
DEBUG (15/09/2026 09:14:38): http://localhost:62331 "POST /session/f81b76abdd2c93f3ee341da095e31ca1/execute/sync HTTP/1.1" 200 0 (Line: 544) [connectionpool.py]
DEBUG (15/09/2026 09:14:38): Remote response: status=200 | data={"value":"5 февраля 2020"} | headers=HTTPHeaderDict({'Content-Length': '33', 'Content-Type': 'application/json; charset=utf-8', 'cache-control': 'no-cache'}) (Line: 436) [remote_connection.py]
DEBUG (15/09/2026 09:14:38): Finished Request (Line: 465) [remote_connection.py]
DEBUG (15/09/2026 09:14:38): POST http://localhost:62331/session/f81b76abdd2c93f3ee341da095e31ca1/element/f.4F43718FA93D6414267F90606F9738F8.d.4124141701B4037D5393CDA2E347394A.e.640/element {'using': 'css selector', 'value': '._full'} (Line: 403) [remote_connection.py]
DEBUG (15/09/2026 09:14:38): http://localhost:62331 "POST /session/f81b76abdd2c93f3ee341da095e31ca1/element/f.4F43718FA93D6414267F90606F9738F8.d.4124141701B4037D5393CDA2E347394A.e.640/element HTTP/1.1" 200 0 (Line: 544) [connectionpool.py]
DEBUG (15/09/2026 09:14:38): Remote response: status=200 | data={"value":{"element-6066-11e4-a52e-4f735466cecf":"f.4F43718FA93D6414267F90606F9738F8.d.4124141701B4037D5393CDA2E347394A.e.806"}} | headers=HTTPHeaderDict({'Content-Length': '127', 'Content-Type': 'application/json; charset=utf-8', 'cache-control': 'no-cache'}) (Line: 436) [remote_connection.py]
DEBUG (15/09/2026 09:14:38): Finished Request (Line: 465) [remote_connection.py]
DEBUG (15/09/2026 09:14:38): POST http://localhost:62331/session/f81b76abdd2c93f3ee341da095e31ca1/element/f.4F43718FA93D6414267F90606F9738F8.d.4124141701B4037D5393CDA2E347394A.e.640/elements {'using': 'css selector', 'value': '._full'} (Line: 403) [remote_connection.py]
DEBUG (15/09/2026 09:14:38): http://localhost:62331 "POST /session/f81b76abdd2c93f3ee341da095e31ca1/element/f.4F43718FA93D6414267F90606F9738F8.d.4124141701B4037D5393CDA2E347394A.e.640/elements HTTP/1.1" 200 0 (Line: 544) [connectionpool.py]
DEBUG (15/09/2026 09:14:38): Remote response: status=200 | data={"value":[{"element-6066-11e4-a52e-4f735466cecf":"f.4F43718FA93D6414267F90606F9738F8.d.4124141701B4037D5393CDA2E347394A.e.806"},{"element-6066-11e4-a52e-4f735466cecf":"f.4F43718FA93D6414267F90606F9738F8.d.4124141701B4037D5393CDA2E347394A.e.807"},{"element-6066-11e4-a52e-4f735466cecf":"f.4F43718FA93D6414267F90606F9738F8.d.4124141701B4037D5393CDA2E347394A.e.808"},{"element-6066-11e4-a52e-4f735466cecf":"f.4F43718FA93D6414267F90606F9738F8.d.4124141701B4037D5393CDA2E347394A.e.809"},{"element-6066-11e4-a52e-4f735466cecf":"f.4F43718FA93D6414267F90606F9738F8.d.4124141701B4037D5393CDA2E347394A.e.810"}]} | headers=HTTPHeaderDict({'Content-Length': '601', 'Content-Type': 'application/json; charset=utf-8', 'cache-control': 'no-cache'}) (Line: 436) [remote_connection.py]
DEBUG (15/09/2026 09:14:38): Finished Request (Line: 465) [remote_connection.py]
DEBUG (15/09/2026 09:14:38): POST http://localhost:62331/session/f81b76abdd2c93f3ee341da095e31ca1/element/f.4F43718FA93D6414267F90606F9738F8.d.4124141701B4037D5393CDA2E347394A.e.640/element {'using': 'css selector', 'value': '.spoiler-view__text-container'} (Line: 403) [remote_connection.py]
DEBUG (15/09/2026 09:14:38): http://localhost:62331 "POST /session/f81b76abdd2c93f3ee341da095e31ca1/element/f.4F43718FA93D6414267F90606F9738F8.d.4124141701B4037D5393CDA2E347394A.e.640/element HTTP/1.1" 200 0 (Line: 544) [connectionpool.py]
DEBUG (15/09/2026 09:14:38): Remote response: status=200 | data={"value":{"element-6066-11e4-a52e-4f735466cecf":"f.4F43718FA93D6414267F90606F9738F8.d.4124141701B4037D5393CDA2E347394A.e.811"}} | headers=HTTPHeaderDict({'Content-Length': '127', 'Content-Type': 'application/json; charset=utf-8', 'cache-control': 'no-cache'}) (Line: 436) [remote_connection.py]
DEBUG (15/09/2026 09:14:38): Finished Request (Line: 465) [remote_connection.py]
DEBUG (15/09/2026 09:14:38): POST http://localhost:62331/session/f81b76abdd2c93f3ee341da095e31ca1/element/f.4F43718FA93D6414267F90606F9738F8.d.4124141701B4037D5393CDA2E347394A.e.640/element {'using': 'css selector', 'value': '.spoiler-view__text-container'} (Line: 403) [remote_connection.py]
DEBUG (15/09/2026 09:14:38): http://localhost:62331 "POST /session/f81b76abdd2c93f3ee341da095e31ca1/element/f.4F43718FA93D6414267F90606F9738F8.d.4124141701B4037D5393CDA2E347394A.e.640/element HTTP/1.1" 200 0 (Line: 544) [connectionpool.py]
DEBUG (15/09/2026 09:14:38): Remote response: status=200 | data={"value":{"element-6066-11e4-a52e-4f735466cecf":"f.4F43718FA93D6414267F90606F9738F8.d.4124141701B4037D5393CDA2E347394A.e.811"}} | headers=HTTPHeaderDict({'Content-Length': '127', 'Content-Type': 'application/json; charset=utf-8', 'cache-control': 'no-cache'}) (Line: 436) [remote_connection.py]
DEBUG (15/09/2026 09:14:38): Finished Request (Line: 465) [remote_connection.py]
DEBUG (15/09/2026 09:14:38): POST http://localhost:62331/session/f81b76abdd2c93f3ee341da095e31ca1/execute/sync {'script': 'return arguments[0].textContent.trim();', 'args': [{'element-6066-11e4-a52e-4f735466cecf': 'f.4F43718FA93D6414267F90606F9738F8.d.4124141701B4037D5393CDA2E347394A.e.811'}]} (Line: 403) [remote_connection.py]
DEBUG (15/09/2026 09:14:38): http://localhost:62331 "POST /session/f81b76abdd2c93f3ee341da095e31ca1/execute/sync HTTP/1.1" 200 0 (Line: 544) [connectionpool.py]
DEBUG (15/09/2026 09:14:38): Remote response: status=200 | data={"value":"Это офис, не склад и не магазин.  Здесь только если договор заключаете приезжать. Работают быстро, на все оргмоменты минут 15 уходит. Отдельного паркинга нет, но рядом много мест для парковки. До метро только на  автобусе добираться."} | headers=HTTPHeaderDict({'Content-Length': '431', 'Content-Type': 'application/json; charset=utf-8', 'cache-control': 'no-cache'}) (Line: 436) [remote_connection.py]
DEBUG (15/09/2026 09:14:38): Finished Request (Line: 465) [remote_connection.py]
DEBUG (15/09/2026 09:14:38): POST http://localhost:62331/session/f81b76abdd2c93f3ee341da095e31ca1/element/f.4F43718FA93D6414267F90606F9738F8.d.4124141701B4037D5393CDA2E347394A.e.640/element {'using': 'css selector', 'value': '.business-review-comment-content__date'} (Line: 403) [remote_connection.py]
DEBUG (15/09/2026 09:14:38): http://localhost:62331 "POST /session/f81b76abdd2c93f3ee341da095e31ca1/element/f.4F43718FA93D6414267F90606F9738F8.d.4124141701B4037D5393CDA2E347394A.e.640/element HTTP/1.1" 404 0 (Line: 544) [connectionpool.py]
DEBUG (15/09/2026 09:14:38): Remote response: status=404 | data={"value":{"error":"no such element","message":"no such element: Unable to locate element: {\"method\":\"css selector\",\"selector\":\".business-review-comment-content__date\"}\n  (Session info: chrome=153.0.8010.36)","stacktrace":"\tchromedriver!GetHandleVerifier [0x7ff6d385ff25+5ae5]\n\tchromedriver!(No symbol) [0x7ff6d3782210]\n\tchromedriver!(No symbol) [0x7ff6d35a4a9d]\n\tchromedriver!(No symbol) [0x7ff6d36004ad]\n\tchromedriver!(No symbol) [0x7ff6d360076c]\n\tchromedriver!(No symbol) [0x7ff6d35f39ec]\n\tchromedriver!(No symbol) [0x7ff6d35f3896]\n\tchromedriver!(No symbol) [0x7ff6d36500df]\n\tchromedriver!(No symbol) [0x7ff6d35f2202]\n\tchromedriver!(No symbol) [0x7ff6d35f3013]\n\tchromedriver!GetHandleVerifier [0x7ff6d3c84231+429df1]\n\tchromedriver!GetHandleVerifier [0x7ff6d3cafce7+4558a7]\n\tchromedriver!GetHandleVerifier [0x7ff6d3ca413e+449cfe]\n\tchromedriver!GetHandleVerifier [0x7ff6d395c9ce+10258e]\n\tchromedriver!(No symbol) [0x7ff6d3790545]\n\tchromedriver!(No symbol) [0x7ff6d378b6a4]\n\tchromedriver!(No symbol) [0x7ff6d378b834]\n\tchromedriver!(No symbol) [0x7ff6d377601c]\n\tKERNEL32!BaseThreadInitThunk [0x7ffdc53fcd87+17]\n\tntdll!RtlUserThreadStart [0x7ffdc6dccaec+2c]\n"}} | headers=HTTPHeaderDict({'Content-Length': '1207', 'Content-Type': 'application/json; charset=utf-8', 'cache-control': 'no-cache'}) (Line: 436) [remote_connection.py]
DEBUG (15/09/2026 09:14:38): Finished Request (Line: 465) [remote_connection.py]
DEBUG (15/09/2026 09:14:38): POST http://localhost:62331/session/f81b76abdd2c93f3ee341da095e31ca1/element/f.4F43718FA93D6414267F90606F9738F8.d.4124141701B4037D5393CDA2E347394A.e.640/element {'using': 'css selector', 'value': '.business-review-comment-content__bubble'} (Line: 403) [remote_connection.py]
DEBUG (15/09/2026 09:14:38): http://localhost:62331 "POST /session/f81b76abdd2c93f3ee341da095e31ca1/element/f.4F43718FA93D6414267F90606F9738F8.d.4124141701B4037D5393CDA2E347394A.e.640/element HTTP/1.1" 404 0 (Line: 544) [connectionpool.py]
DEBUG (15/09/2026 09:14:38): Remote response: status=404 | data={"value":{"error":"no such element","message":"no such element: Unable to locate element: {\"method\":\"css selector\",\"selector\":\".business-review-comment-content__bubble\"}\n  (Session info: chrome=153.0.8010.36)","stacktrace":"\tchromedriver!GetHandleVerifier [0x7ff6d385ff25+5ae5]\n\tchromedriver!(No symbol) [0x7ff6d3782210]\n\tchromedriver!(No symbol) [0x7ff6d35a4a9d]\n\tchromedriver!(No symbol) [0x7ff6d36004ad]\n\tchromedriver!(No symbol) [0x7ff6d360076c]\n\tchromedriver!(No symbol) [0x7ff6d35f39ec]\n\tchromedriver!(No symbol) [0x7ff6d35f3896]\n\tchromedriver!(No symbol) [0x7ff6d36500df]\n\tchromedriver!(No symbol) [0x7ff6d35f2202]\n\tchromedriver!(No symbol) [0x7ff6d35f3013]\n\tchromedriver!GetHandleVerifier [0x7ff6d3c84231+429df1]\n\tchromedriver!GetHandleVerifier [0x7ff6d3cafce7+4558a7]\n\tchromedriver!GetHandleVerifier [0x7ff6d3ca413e+449cfe]\n\tchromedriver!GetHandleVerifier [0x7ff6d395c9ce+10258e]\n\tchromedriver!(No symbol) [0x7ff6d3790545]\n\tchromedriver!(No symbol) [0x7ff6d378b6a4]\n\tchromedriver!(No symbol) [0x7ff6d378b834]\n\tchromedriver!(No symbol) [0x7ff6d377601c]\n\tKERNEL32!BaseThreadInitThunk [0x7ffdc53fcd87+17]\n\tntdll!RtlUserThreadStart [0x7ffdc6dccaec+2c]\n"}} | headers=HTTPHeaderDict({'Content-Length': '1209', 'Content-Type': 'application/json; charset=utf-8', 'cache-control': 'no-cache'}) (Line: 436) [remote_connection.py]
DEBUG (15/09/2026 09:14:38): Finished Request (Line: 465) [remote_connection.py]
DEBUG (15/09/2026 09:14:38): POST http://localhost:62331/session/f81b76abdd2c93f3ee341da095e31ca1/element/f.4F43718FA93D6414267F90606F9738F8.d.4124141701B4037D5393CDA2E347394A.e.641/element {'using': 'css selector', 'value': '.business-review-comment-expandable-view__expand'} (Line: 403) [remote_connection.py]
DEBUG (15/09/2026 09:14:38): http://localhost:62331 "POST /session/f81b76abdd2c93f3ee341da095e31ca1/element/f.4F43718FA93D6414267F90606F9738F8.d.4124141701B4037D5393CDA2E347394A.e.641/element HTTP/1.1" 200 0 (Line: 544) [connectionpool.py]
DEBUG (15/09/2026 09:14:38): Remote response: status=200 | data={"value":{"element-6066-11e4-a52e-4f735466cecf":"f.4F43718FA93D6414267F90606F9738F8.d.4124141701B4037D5393CDA2E347394A.e.661"}} | headers=HTTPHeaderDict({'Content-Length': '127', 'Content-Type': 'application/json; charset=utf-8', 'cache-control': 'no-cache'}) (Line: 436) [remote_connection.py]
DEBUG (15/09/2026 09:14:38): Finished Request (Line: 465) [remote_connection.py]
DEBUG (15/09/2026 09:14:38): POST http://localhost:62331/session/f81b76abdd2c93f3ee341da095e31ca1/element/f.4F43718FA93D6414267F90606F9738F8.d.4124141701B4037D5393CDA2E347394A.e.641/element {'using': 'css selector', 'value': '.business-review-view__author-name span'} (Line: 403) [remote_connection.py]
DEBUG (15/09/2026 09:14:38): http://localhost:62331 "POST /session/f81b76abdd2c93f3ee341da095e31ca1/element/f.4F43718FA93D6414267F90606F9738F8.d.4124141701B4037D5393CDA2E347394A.e.641/element HTTP/1.1" 200 0 (Line: 544) [connectionpool.py]
DEBUG (15/09/2026 09:14:38): Remote response: status=200 | data={"value":{"element-6066-11e4-a52e-4f735466cecf":"f.4F43718FA93D6414267F90606F9738F8.d.4124141701B4037D5393CDA2E347394A.e.812"}} | headers=HTTPHeaderDict({'Content-Length': '127', 'Content-Type': 'application/json; charset=utf-8', 'cache-control': 'no-cache'}) (Line: 436) [remote_connection.py]
DEBUG (15/09/2026 09:14:38): Finished Request (Line: 465) [remote_connection.py]
DEBUG (15/09/2026 09:14:38): POST http://localhost:62331/session/f81b76abdd2c93f3ee341da095e31ca1/element/f.4F43718FA93D6414267F90606F9738F8.d.4124141701B4037D5393CDA2E347394A.e.641/element {'using': 'css selector', 'value': '.business-review-view__author-name span'} (Line: 403) [remote_connection.py]
DEBUG (15/09/2026 09:14:38): http://localhost:62331 "POST /session/f81b76abdd2c93f3ee341da095e31ca1/element/f.4F43718FA93D6414267F90606F9738F8.d.4124141701B4037D5393CDA2E347394A.e.641/element HTTP/1.1" 200 0 (Line: 544) [connectionpool.py]
DEBUG (15/09/2026 09:14:38): Remote response: status=200 | data={"value":{"element-6066-11e4-a52e-4f735466cecf":"f.4F43718FA93D6414267F90606F9738F8.d.4124141701B4037D5393CDA2E347394A.e.812"}} | headers=HTTPHeaderDict({'Content-Length': '127', 'Content-Type': 'application/json; charset=utf-8', 'cache-control': 'no-cache'}) (Line: 436) [remote_connection.py]
DEBUG (15/09/2026 09:14:38): Finished Request (Line: 465) [remote_connection.py]
DEBUG (15/09/2026 09:14:38): POST http://localhost:62331/session/f81b76abdd2c93f3ee341da095e31ca1/execute/sync {'script': 'return arguments[0].textContent.trim();', 'args': [{'element-6066-11e4-a52e-4f735466cecf': 'f.4F43718FA93D6414267F90606F9738F8.d.4124141701B4037D5393CDA2E347394A.e.812'}]} (Line: 403) [remote_connection.py]
DEBUG (15/09/2026 09:14:38): http://localhost:62331 "POST /session/f81b76abdd2c93f3ee341da095e31ca1/execute/sync HTTP/1.1" 200 0 (Line: 544) [connectionpool.py]
DEBUG (15/09/2026 09:14:38): Remote response: status=200 | data={"value":"Елена Р."} | headers=HTTPHeaderDict({'Content-Length': '26', 'Content-Type': 'application/json; charset=utf-8', 'cache-control': 'no-cache'}) (Line: 436) [remote_connection.py]
DEBUG (15/09/2026 09:14:38): Finished Request (Line: 465) [remote_connection.py]
DEBUG (15/09/2026 09:14:38): POST http://localhost:62331/session/f81b76abdd2c93f3ee341da095e31ca1/element/f.4F43718FA93D6414267F90606F9738F8.d.4124141701B4037D5393CDA2E347394A.e.641/element {'using': 'css selector', 'value': '.business-review-view__date span'} (Line: 403) [remote_connection.py]
DEBUG (15/09/2026 09:14:38): http://localhost:62331 "POST /session/f81b76abdd2c93f3ee341da095e31ca1/element/f.4F43718FA93D6414267F90606F9738F8.d.4124141701B4037D5393CDA2E347394A.e.641/element HTTP/1.1" 200 0 (Line: 544) [connectionpool.py]
DEBUG (15/09/2026 09:14:38): Remote response: status=200 | data={"value":{"element-6066-11e4-a52e-4f735466cecf":"f.4F43718FA93D6414267F90606F9738F8.d.4124141701B4037D5393CDA2E347394A.e.813"}} | headers=HTTPHeaderDict({'Content-Length': '127', 'Content-Type': 'application/json; charset=utf-8', 'cache-control': 'no-cache'}) (Line: 436) [remote_connection.py]
DEBUG (15/09/2026 09:14:38): Finished Request (Line: 465) [remote_connection.py]
DEBUG (15/09/2026 09:14:38): POST http://localhost:62331/session/f81b76abdd2c93f3ee341da095e31ca1/element/f.4F43718FA93D6414267F90606F9738F8.d.4124141701B4037D5393CDA2E347394A.e.641/element {'using': 'css selector', 'value': '.business-review-view__date span'} (Line: 403) [remote_connection.py]
DEBUG (15/09/2026 09:14:38): http://localhost:62331 "POST /session/f81b76abdd2c93f3ee341da095e31ca1/element/f.4F43718FA93D6414267F90606F9738F8.d.4124141701B4037D5393CDA2E347394A.e.641/element HTTP/1.1" 200 0 (Line: 544) [connectionpool.py]
DEBUG (15/09/2026 09:14:38): Remote response: status=200 | data={"value":{"element-6066-11e4-a52e-4f735466cecf":"f.4F43718FA93D6414267F90606F9738F8.d.4124141701B4037D5393CDA2E347394A.e.813"}} | headers=HTTPHeaderDict({'Content-Length': '127', 'Content-Type': 'application/json; charset=utf-8', 'cache-control': 'no-cache'}) (Line: 436) [remote_connection.py]
DEBUG (15/09/2026 09:14:38): Finished Request (Line: 465) [remote_connection.py]
DEBUG (15/09/2026 09:14:38): POST http://localhost:62331/session/f81b76abdd2c93f3ee341da095e31ca1/execute/sync {'script': 'return arguments[0].textContent.trim();', 'args': [{'element-6066-11e4-a52e-4f735466cecf': 'f.4F43718FA93D6414267F90606F9738F8.d.4124141701B4037D5393CDA2E347394A.e.813'}]} (Line: 403) [remote_connection.py]
DEBUG (15/09/2026 09:14:38): http://localhost:62331 "POST /session/f81b76abdd2c93f3ee341da095e31ca1/execute/sync HTTP/1.1" 200 0 (Line: 544) [connectionpool.py]
DEBUG (15/09/2026 09:14:38): Remote response: status=200 | data={"value":"9 августа 2021"} | headers=HTTPHeaderDict({'Content-Length': '33', 'Content-Type': 'application/json; charset=utf-8', 'cache-control': 'no-cache'}) (Line: 436) [remote_connection.py]
DEBUG (15/09/2026 09:14:38): Finished Request (Line: 465) [remote_connection.py]
DEBUG (15/09/2026 09:14:38): POST http://localhost:62331/session/f81b76abdd2c93f3ee341da095e31ca1/element/f.4F43718FA93D6414267F90606F9738F8.d.4124141701B4037D5393CDA2E347394A.e.641/element {'using': 'css selector', 'value': '._full'} (Line: 403) [remote_connection.py]
DEBUG (15/09/2026 09:14:38): http://localhost:62331 "POST /session/f81b76abdd2c93f3ee341da095e31ca1/element/f.4F43718FA93D6414267F90606F9738F8.d.4124141701B4037D5393CDA2E347394A.e.641/element HTTP/1.1" 200 0 (Line: 544) [connectionpool.py]
DEBUG (15/09/2026 09:14:38): Remote response: status=200 | data={"value":{"element-6066-11e4-a52e-4f735466cecf":"f.4F43718FA93D6414267F90606F9738F8.d.4124141701B4037D5393CDA2E347394A.e.814"}} | headers=HTTPHeaderDict({'Content-Length': '127', 'Content-Type': 'application/json; charset=utf-8', 'cache-control': 'no-cache'}) (Line: 436) [remote_connection.py]
DEBUG (15/09/2026 09:14:38): Finished Request (Line: 465) [remote_connection.py]
DEBUG (15/09/2026 09:14:38): POST http://localhost:62331/session/f81b76abdd2c93f3ee341da095e31ca1/element/f.4F43718FA93D6414267F90606F9738F8.d.4124141701B4037D5393CDA2E347394A.e.641/elements {'using': 'css selector', 'value': '._full'} (Line: 403) [remote_connection.py]
DEBUG (15/09/2026 09:14:38): http://localhost:62331 "POST /session/f81b76abdd2c93f3ee341da095e31ca1/element/f.4F43718FA93D6414267F90606F9738F8.d.4124141701B4037D5393CDA2E347394A.e.641/elements HTTP/1.1" 200 0 (Line: 544) [connectionpool.py]
DEBUG (15/09/2026 09:14:38): Remote response: status=200 | data={"value":[{"element-6066-11e4-a52e-4f735466cecf":"f.4F43718FA93D6414267F90606F9738F8.d.4124141701B4037D5393CDA2E347394A.e.814"},{"element-6066-11e4-a52e-4f735466cecf":"f.4F43718FA93D6414267F90606F9738F8.d.4124141701B4037D5393CDA2E347394A.e.815"},{"element-6066-11e4-a52e-4f735466cecf":"f.4F43718FA93D6414267F90606F9738F8.d.4124141701B4037D5393CDA2E347394A.e.816"},{"element-6066-11e4-a52e-4f735466cecf":"f.4F43718FA93D6414267F90606F9738F8.d.4124141701B4037D5393CDA2E347394A.e.817"},{"element-6066-11e4-a52e-4f735466cecf":"f.4F43718FA93D6414267F90606F9738F8.d.4124141701B4037D5393CDA2E347394A.e.818"}]} | headers=HTTPHeaderDict({'Content-Length': '601', 'Content-Type': 'application/json; charset=utf-8', 'cache-control': 'no-cache'}) (Line: 436) [remote_connection.py]
DEBUG (15/09/2026 09:14:38): Finished Request (Line: 465) [remote_connection.py]
DEBUG (15/09/2026 09:14:38): POST http://localhost:62331/session/f81b76abdd2c93f3ee341da095e31ca1/element/f.4F43718FA93D6414267F90606F9738F8.d.4124141701B4037D5393CDA2E347394A.e.641/element {'using': 'css selector', 'value': '.spoiler-view__text-container'} (Line: 403) [remote_connection.py]
DEBUG (15/09/2026 09:14:38): http://localhost:62331 "POST /session/f81b76abdd2c93f3ee341da095e31ca1/element/f.4F43718FA93D6414267F90606F9738F8.d.4124141701B4037D5393CDA2E347394A.e.641/element HTTP/1.1" 200 0 (Line: 544) [connectionpool.py]
DEBUG (15/09/2026 09:14:38): Remote response: status=200 | data={"value":{"element-6066-11e4-a52e-4f735466cecf":"f.4F43718FA93D6414267F90606F9738F8.d.4124141701B4037D5393CDA2E347394A.e.819"}} | headers=HTTPHeaderDict({'Content-Length': '127', 'Content-Type': 'application/json; charset=utf-8', 'cache-control': 'no-cache'}) (Line: 436) [remote_connection.py]
DEBUG (15/09/2026 09:14:38): Finished Request (Line: 465) [remote_connection.py]
DEBUG (15/09/2026 09:14:38): POST http://localhost:62331/session/f81b76abdd2c93f3ee341da095e31ca1/element/f.4F43718FA93D6414267F90606F9738F8.d.4124141701B4037D5393CDA2E347394A.e.641/element {'using': 'css selector', 'value': '.spoiler-view__text-container'} (Line: 403) [remote_connection.py]
DEBUG (15/09/2026 09:14:38): http://localhost:62331 "POST /session/f81b76abdd2c93f3ee341da095e31ca1/element/f.4F43718FA93D6414267F90606F9738F8.d.4124141701B4037D5393CDA2E347394A.e.641/element HTTP/1.1" 200 0 (Line: 544) [connectionpool.py]
DEBUG (15/09/2026 09:14:38): Remote response: status=200 | data={"value":{"element-6066-11e4-a52e-4f735466cecf":"f.4F43718FA93D6414267F90606F9738F8.d.4124141701B4037D5393CDA2E347394A.e.819"}} | headers=HTTPHeaderDict({'Content-Length': '127', 'Content-Type': 'application/json; charset=utf-8', 'cache-control': 'no-cache'}) (Line: 436) [remote_connection.py]
DEBUG (15/09/2026 09:14:38): Finished Request (Line: 465) [remote_connection.py]
DEBUG (15/09/2026 09:14:38): POST http://localhost:62331/session/f81b76abdd2c93f3ee341da095e31ca1/execute/sync {'script': 'return arguments[0].textContent.trim();', 'args': [{'element-6066-11e4-a52e-4f735466cecf': 'f.4F43718FA93D6414267F90606F9738F8.d.4124141701B4037D5393CDA2E347394A.e.819'}]} (Line: 403) [remote_connection.py]
DEBUG (15/09/2026 09:14:38): http://localhost:62331 "POST /session/f81b76abdd2c93f3ee341da095e31ca1/execute/sync HTTP/1.1" 200 0 (Line: 544) [connectionpool.py]
DEBUG (15/09/2026 09:14:38): Remote response: status=200 | data={"value":"Работают профессионально, очень быстро. \nОриентированы на то, чтоб решить все вопросы и клиент остался доволен."} | headers=HTTPHeaderDict({'Content-Length': '216', 'Content-Type': 'application/json; charset=utf-8', 'cache-control': 'no-cache'}) (Line: 436) [remote_connection.py]
DEBUG (15/09/2026 09:14:38): Finished Request (Line: 465) [remote_connection.py]
DEBUG (15/09/2026 09:14:38): POST http://localhost:62331/session/f81b76abdd2c93f3ee341da095e31ca1/element/f.4F43718FA93D6414267F90606F9738F8.d.4124141701B4037D5393CDA2E347394A.e.641/element {'using': 'css selector', 'value': '.business-review-comment-content__date'} (Line: 403) [remote_connection.py]
DEBUG (15/09/2026 09:14:38): http://localhost:62331 "POST /session/f81b76abdd2c93f3ee341da095e31ca1/element/f.4F43718FA93D6414267F90606F9738F8.d.4124141701B4037D5393CDA2E347394A.e.641/element HTTP/1.1" 200 0 (Line: 544) [connectionpool.py]
DEBUG (15/09/2026 09:14:38): Remote response: status=200 | data={"value":{"element-6066-11e4-a52e-4f735466cecf":"f.4F43718FA93D6414267F90606F9738F8.d.4124141701B4037D5393CDA2E347394A.e.820"}} | headers=HTTPHeaderDict({'Content-Length': '127', 'Content-Type': 'application/json; charset=utf-8', 'cache-control': 'no-cache'}) (Line: 436) [remote_connection.py]
DEBUG (15/09/2026 09:14:38): Finished Request (Line: 465) [remote_connection.py]
DEBUG (15/09/2026 09:14:38): POST http://localhost:62331/session/f81b76abdd2c93f3ee341da095e31ca1/element/f.4F43718FA93D6414267F90606F9738F8.d.4124141701B4037D5393CDA2E347394A.e.641/element {'using': 'css selector', 'value': '.business-review-comment-content__date'} (Line: 403) [remote_connection.py]
DEBUG (15/09/2026 09:14:38): http://localhost:62331 "POST /session/f81b76abdd2c93f3ee341da095e31ca1/element/f.4F43718FA93D6414267F90606F9738F8.d.4124141701B4037D5393CDA2E347394A.e.641/element HTTP/1.1" 200 0 (Line: 544) [connectionpool.py]
DEBUG (15/09/2026 09:14:38): Remote response: status=200 | data={"value":{"element-6066-11e4-a52e-4f735466cecf":"f.4F43718FA93D6414267F90606F9738F8.d.4124141701B4037D5393CDA2E347394A.e.820"}} | headers=HTTPHeaderDict({'Content-Length': '127', 'Content-Type': 'application/json; charset=utf-8', 'cache-control': 'no-cache'}) (Line: 436) [remote_connection.py]
DEBUG (15/09/2026 09:14:38): Finished Request (Line: 465) [remote_connection.py]
DEBUG (15/09/2026 09:14:38): POST http://localhost:62331/session/f81b76abdd2c93f3ee341da095e31ca1/execute/sync {'script': 'return arguments[0].textContent.trim();', 'args': [{'element-6066-11e4-a52e-4f735466cecf': 'f.4F43718FA93D6414267F90606F9738F8.d.4124141701B4037D5393CDA2E347394A.e.820'}]} (Line: 403) [remote_connection.py]
DEBUG (15/09/2026 09:14:39): http://localhost:62331 "POST /session/f81b76abdd2c93f3ee341da095e31ca1/execute/sync HTTP/1.1" 200 0 (Line: 544) [connectionpool.py]
DEBUG (15/09/2026 09:14:39): Remote response: status=200 | data={"value":"27 августа 2021"} | headers=HTTPHeaderDict({'Content-Length': '34', 'Content-Type': 'application/json; charset=utf-8', 'cache-control': 'no-cache'}) (Line: 436) [remote_connection.py]
DEBUG (15/09/2026 09:14:39): Finished Request (Line: 465) [remote_connection.py]
DEBUG (15/09/2026 09:14:39): POST http://localhost:62331/session/f81b76abdd2c93f3ee341da095e31ca1/element/f.4F43718FA93D6414267F90606F9738F8.d.4124141701B4037D5393CDA2E347394A.e.641/element {'using': 'css selector', 'value': '.business-review-comment-content__bubble'} (Line: 403) [remote_connection.py]
DEBUG (15/09/2026 09:14:39): http://localhost:62331 "POST /session/f81b76abdd2c93f3ee341da095e31ca1/element/f.4F43718FA93D6414267F90606F9738F8.d.4124141701B4037D5393CDA2E347394A.e.641/element HTTP/1.1" 200 0 (Line: 544) [connectionpool.py]
DEBUG (15/09/2026 09:14:39): Remote response: status=200 | data={"value":{"element-6066-11e4-a52e-4f735466cecf":"f.4F43718FA93D6414267F90606F9738F8.d.4124141701B4037D5393CDA2E347394A.e.821"}} | headers=HTTPHeaderDict({'Content-Length': '127', 'Content-Type': 'application/json; charset=utf-8', 'cache-control': 'no-cache'}) (Line: 436) [remote_connection.py]
DEBUG (15/09/2026 09:14:39): Finished Request (Line: 465) [remote_connection.py]
DEBUG (15/09/2026 09:14:39): POST http://localhost:62331/session/f81b76abdd2c93f3ee341da095e31ca1/element/f.4F43718FA93D6414267F90606F9738F8.d.4124141701B4037D5393CDA2E347394A.e.641/element {'using': 'css selector', 'value': '.business-review-comment-content__bubble'} (Line: 403) [remote_connection.py]
DEBUG (15/09/2026 09:14:39): http://localhost:62331 "POST /session/f81b76abdd2c93f3ee341da095e31ca1/element/f.4F43718FA93D6414267F90606F9738F8.d.4124141701B4037D5393CDA2E347394A.e.641/element HTTP/1.1" 200 0 (Line: 544) [connectionpool.py]
DEBUG (15/09/2026 09:14:39): Remote response: status=200 | data={"value":{"element-6066-11e4-a52e-4f735466cecf":"f.4F43718FA93D6414267F90606F9738F8.d.4124141701B4037D5393CDA2E347394A.e.821"}} | headers=HTTPHeaderDict({'Content-Length': '127', 'Content-Type': 'application/json; charset=utf-8', 'cache-control': 'no-cache'}) (Line: 436) [remote_connection.py]
DEBUG (15/09/2026 09:14:39): Finished Request (Line: 465) [remote_connection.py]
DEBUG (15/09/2026 09:14:39): POST http://localhost:62331/session/f81b76abdd2c93f3ee341da095e31ca1/execute/sync {'script': 'return arguments[0].textContent.trim();', 'args': [{'element-6066-11e4-a52e-4f735466cecf': 'f.4F43718FA93D6414267F90606F9738F8.d.4124141701B4037D5393CDA2E347394A.e.821'}]} (Line: 403) [remote_connection.py]
DEBUG (15/09/2026 09:14:39): http://localhost:62331 "POST /session/f81b76abdd2c93f3ee341da095e31ca1/execute/sync HTTP/1.1" 200 0 (Line: 544) [connectionpool.py]
DEBUG (15/09/2026 09:14:39): Remote response: status=200 | data={"value":"Спасибо за вашу оценку!"} | headers=HTTPHeaderDict({'Content-Length': '54', 'Content-Type': 'application/json; charset=utf-8', 'cache-control': 'no-cache'}) (Line: 436) [remote_connection.py]
DEBUG (15/09/2026 09:14:39): Finished Request (Line: 465) [remote_connection.py]
DEBUG (15/09/2026 09:14:39): POST http://localhost:62331/session/f81b76abdd2c93f3ee341da095e31ca1/element/f.4F43718FA93D6414267F90606F9738F8.d.4124141701B4037D5393CDA2E347394A.e.642/element {'using': 'css selector', 'value': '.business-review-comment-expandable-view__expand'} (Line: 403) [remote_connection.py]
DEBUG (15/09/2026 09:14:39): http://localhost:62331 "POST /session/f81b76abdd2c93f3ee341da095e31ca1/element/f.4F43718FA93D6414267F90606F9738F8.d.4124141701B4037D5393CDA2E347394A.e.642/element HTTP/1.1" 200 0 (Line: 544) [connectionpool.py]
DEBUG (15/09/2026 09:14:39): Remote response: status=200 | data={"value":{"element-6066-11e4-a52e-4f735466cecf":"f.4F43718FA93D6414267F90606F9738F8.d.4124141701B4037D5393CDA2E347394A.e.662"}} | headers=HTTPHeaderDict({'Content-Length': '127', 'Content-Type': 'application/json; charset=utf-8', 'cache-control': 'no-cache'}) (Line: 436) [remote_connection.py]
DEBUG (15/09/2026 09:14:39): Finished Request (Line: 465) [remote_connection.py]
DEBUG (15/09/2026 09:14:39): POST http://localhost:62331/session/f81b76abdd2c93f3ee341da095e31ca1/element/f.4F43718FA93D6414267F90606F9738F8.d.4124141701B4037D5393CDA2E347394A.e.642/element {'using': 'css selector', 'value': '.business-review-view__author-name span'} (Line: 403) [remote_connection.py]
DEBUG (15/09/2026 09:14:39): http://localhost:62331 "POST /session/f81b76abdd2c93f3ee341da095e31ca1/element/f.4F43718FA93D6414267F90606F9738F8.d.4124141701B4037D5393CDA2E347394A.e.642/element HTTP/1.1" 200 0 (Line: 544) [connectionpool.py]
DEBUG (15/09/2026 09:14:39): Remote response: status=200 | data={"value":{"element-6066-11e4-a52e-4f735466cecf":"f.4F43718FA93D6414267F90606F9738F8.d.4124141701B4037D5393CDA2E347394A.e.822"}} | headers=HTTPHeaderDict({'Content-Length': '127', 'Content-Type': 'application/json; charset=utf-8', 'cache-control': 'no-cache'}) (Line: 436) [remote_connection.py]
DEBUG (15/09/2026 09:14:39): Finished Request (Line: 465) [remote_connection.py]
DEBUG (15/09/2026 09:14:39): POST http://localhost:62331/session/f81b76abdd2c93f3ee341da095e31ca1/element/f.4F43718FA93D6414267F90606F9738F8.d.4124141701B4037D5393CDA2E347394A.e.642/element {'using': 'css selector', 'value': '.business-review-view__author-name span'} (Line: 403) [remote_connection.py]
DEBUG (15/09/2026 09:14:39): http://localhost:62331 "POST /session/f81b76abdd2c93f3ee341da095e31ca1/element/f.4F43718FA93D6414267F90606F9738F8.d.4124141701B4037D5393CDA2E347394A.e.642/element HTTP/1.1" 200 0 (Line: 544) [connectionpool.py]
DEBUG (15/09/2026 09:14:39): Remote response: status=200 | data={"value":{"element-6066-11e4-a52e-4f735466cecf":"f.4F43718FA93D6414267F90606F9738F8.d.4124141701B4037D5393CDA2E347394A.e.822"}} | headers=HTTPHeaderDict({'Content-Length': '127', 'Content-Type': 'application/json; charset=utf-8', 'cache-control': 'no-cache'}) (Line: 436) [remote_connection.py]
DEBUG (15/09/2026 09:14:39): Finished Request (Line: 465) [remote_connection.py]
DEBUG (15/09/2026 09:14:39): POST http://localhost:62331/session/f81b76abdd2c93f3ee341da095e31ca1/execute/sync {'script': 'return arguments[0].textContent.trim();', 'args': [{'element-6066-11e4-a52e-4f735466cecf': 'f.4F43718FA93D6414267F90606F9738F8.d.4124141701B4037D5393CDA2E347394A.e.822'}]} (Line: 403) [remote_connection.py]
DEBUG (15/09/2026 09:14:39): http://localhost:62331 "POST /session/f81b76abdd2c93f3ee341da095e31ca1/execute/sync HTTP/1.1" 200 0 (Line: 544) [connectionpool.py]
DEBUG (15/09/2026 09:14:39): Remote response: status=200 | data={"value":"Георгий Трошагин"} | headers=HTTPHeaderDict({'Content-Length': '43', 'Content-Type': 'application/json; charset=utf-8', 'cache-control': 'no-cache'}) (Line: 436) [remote_connection.py]
DEBUG (15/09/2026 09:14:39): Finished Request (Line: 465) [remote_connection.py]
DEBUG (15/09/2026 09:14:39): POST http://localhost:62331/session/f81b76abdd2c93f3ee341da095e31ca1/element/f.4F43718FA93D6414267F90606F9738F8.d.4124141701B4037D5393CDA2E347394A.e.642/element {'using': 'css selector', 'value': '.business-review-view__date span'} (Line: 403) [remote_connection.py]
DEBUG (15/09/2026 09:14:39): http://localhost:62331 "POST /session/f81b76abdd2c93f3ee341da095e31ca1/element/f.4F43718FA93D6414267F90606F9738F8.d.4124141701B4037D5393CDA2E347394A.e.642/element HTTP/1.1" 200 0 (Line: 544) [connectionpool.py]
DEBUG (15/09/2026 09:14:39): Remote response: status=200 | data={"value":{"element-6066-11e4-a52e-4f735466cecf":"f.4F43718FA93D6414267F90606F9738F8.d.4124141701B4037D5393CDA2E347394A.e.823"}} | headers=HTTPHeaderDict({'Content-Length': '127', 'Content-Type': 'application/json; charset=utf-8', 'cache-control': 'no-cache'}) (Line: 436) [remote_connection.py]
DEBUG (15/09/2026 09:14:39): Finished Request (Line: 465) [remote_connection.py]
DEBUG (15/09/2026 09:14:39): POST http://localhost:62331/session/f81b76abdd2c93f3ee341da095e31ca1/element/f.4F43718FA93D6414267F90606F9738F8.d.4124141701B4037D5393CDA2E347394A.e.642/element {'using': 'css selector', 'value': '.business-review-view__date span'} (Line: 403) [remote_connection.py]
DEBUG (15/09/2026 09:14:39): http://localhost:62331 "POST /session/f81b76abdd2c93f3ee341da095e31ca1/element/f.4F43718FA93D6414267F90606F9738F8.d.4124141701B4037D5393CDA2E347394A.e.642/element HTTP/1.1" 200 0 (Line: 544) [connectionpool.py]
DEBUG (15/09/2026 09:14:39): Remote response: status=200 | data={"value":{"element-6066-11e4-a52e-4f735466cecf":"f.4F43718FA93D6414267F90606F9738F8.d.4124141701B4037D5393CDA2E347394A.e.823"}} | headers=HTTPHeaderDict({'Content-Length': '127', 'Content-Type': 'application/json; charset=utf-8', 'cache-control': 'no-cache'}) (Line: 436) [remote_connection.py]
DEBUG (15/09/2026 09:14:39): Finished Request (Line: 465) [remote_connection.py]
DEBUG (15/09/2026 09:14:39): POST http://localhost:62331/session/f81b76abdd2c93f3ee341da095e31ca1/execute/sync {'script': 'return arguments[0].textContent.trim();', 'args': [{'element-6066-11e4-a52e-4f735466cecf': 'f.4F43718FA93D6414267F90606F9738F8.d.4124141701B4037D5393CDA2E347394A.e.823'}]} (Line: 403) [remote_connection.py]
DEBUG (15/09/2026 09:14:39): http://localhost:62331 "POST /session/f81b76abdd2c93f3ee341da095e31ca1/execute/sync HTTP/1.1" 200 0 (Line: 544) [connectionpool.py]
DEBUG (15/09/2026 09:14:39): Remote response: status=200 | data={"value":"3 июля 2025"} | headers=HTTPHeaderDict({'Content-Length': '27', 'Content-Type': 'application/json; charset=utf-8', 'cache-control': 'no-cache'}) (Line: 436) [remote_connection.py]
DEBUG (15/09/2026 09:14:39): Finished Request (Line: 465) [remote_connection.py]
DEBUG (15/09/2026 09:14:39): POST http://localhost:62331/session/f81b76abdd2c93f3ee341da095e31ca1/element/f.4F43718FA93D6414267F90606F9738F8.d.4124141701B4037D5393CDA2E347394A.e.642/element {'using': 'css selector', 'value': '._full'} (Line: 403) [remote_connection.py]
DEBUG (15/09/2026 09:14:39): http://localhost:62331 "POST /session/f81b76abdd2c93f3ee341da095e31ca1/element/f.4F43718FA93D6414267F90606F9738F8.d.4124141701B4037D5393CDA2E347394A.e.642/element HTTP/1.1" 200 0 (Line: 544) [connectionpool.py]
DEBUG (15/09/2026 09:14:39): Remote response: status=200 | data={"value":{"element-6066-11e4-a52e-4f735466cecf":"f.4F43718FA93D6414267F90606F9738F8.d.4124141701B4037D5393CDA2E347394A.e.824"}} | headers=HTTPHeaderDict({'Content-Length': '127', 'Content-Type': 'application/json; charset=utf-8', 'cache-control': 'no-cache'}) (Line: 436) [remote_connection.py]
DEBUG (15/09/2026 09:14:39): Finished Request (Line: 465) [remote_connection.py]
DEBUG (15/09/2026 09:14:39): POST http://localhost:62331/session/f81b76abdd2c93f3ee341da095e31ca1/element/f.4F43718FA93D6414267F90606F9738F8.d.4124141701B4037D5393CDA2E347394A.e.642/elements {'using': 'css selector', 'value': '._full'} (Line: 403) [remote_connection.py]
DEBUG (15/09/2026 09:14:39): http://localhost:62331 "POST /session/f81b76abdd2c93f3ee341da095e31ca1/element/f.4F43718FA93D6414267F90606F9738F8.d.4124141701B4037D5393CDA2E347394A.e.642/elements HTTP/1.1" 200 0 (Line: 544) [connectionpool.py]
DEBUG (15/09/2026 09:14:39): Remote response: status=200 | data={"value":[{"element-6066-11e4-a52e-4f735466cecf":"f.4F43718FA93D6414267F90606F9738F8.d.4124141701B4037D5393CDA2E347394A.e.824"},{"element-6066-11e4-a52e-4f735466cecf":"f.4F43718FA93D6414267F90606F9738F8.d.4124141701B4037D5393CDA2E347394A.e.825"},{"element-6066-11e4-a52e-4f735466cecf":"f.4F43718FA93D6414267F90606F9738F8.d.4124141701B4037D5393CDA2E347394A.e.826"},{"element-6066-11e4-a52e-4f735466cecf":"f.4F43718FA93D6414267F90606F9738F8.d.4124141701B4037D5393CDA2E347394A.e.827"},{"element-6066-11e4-a52e-4f735466cecf":"f.4F43718FA93D6414267F90606F9738F8.d.4124141701B4037D5393CDA2E347394A.e.828"}]} | headers=HTTPHeaderDict({'Content-Length': '601', 'Content-Type': 'application/json; charset=utf-8', 'cache-control': 'no-cache'}) (Line: 436) [remote_connection.py]
DEBUG (15/09/2026 09:14:39): Finished Request (Line: 465) [remote_connection.py]
DEBUG (15/09/2026 09:14:39): POST http://localhost:62331/session/f81b76abdd2c93f3ee341da095e31ca1/element/f.4F43718FA93D6414267F90606F9738F8.d.4124141701B4037D5393CDA2E347394A.e.642/element {'using': 'css selector', 'value': '.spoiler-view__text-container'} (Line: 403) [remote_connection.py]
DEBUG (15/09/2026 09:14:39): http://localhost:62331 "POST /session/f81b76abdd2c93f3ee341da095e31ca1/element/f.4F43718FA93D6414267F90606F9738F8.d.4124141701B4037D5393CDA2E347394A.e.642/element HTTP/1.1" 200 0 (Line: 544) [connectionpool.py]
DEBUG (15/09/2026 09:14:39): Remote response: status=200 | data={"value":{"element-6066-11e4-a52e-4f735466cecf":"f.4F43718FA93D6414267F90606F9738F8.d.4124141701B4037D5393CDA2E347394A.e.829"}} | headers=HTTPHeaderDict({'Content-Length': '127', 'Content-Type': 'application/json; charset=utf-8', 'cache-control': 'no-cache'}) (Line: 436) [remote_connection.py]
DEBUG (15/09/2026 09:14:39): Finished Request (Line: 465) [remote_connection.py]
DEBUG (15/09/2026 09:14:39): POST http://localhost:62331/session/f81b76abdd2c93f3ee341da095e31ca1/element/f.4F43718FA93D6414267F90606F9738F8.d.4124141701B4037D5393CDA2E347394A.e.642/element {'using': 'css selector', 'value': '.spoiler-view__text-container'} (Line: 403) [remote_connection.py]
DEBUG (15/09/2026 09:14:39): http://localhost:62331 "POST /session/f81b76abdd2c93f3ee341da095e31ca1/element/f.4F43718FA93D6414267F90606F9738F8.d.4124141701B4037D5393CDA2E347394A.e.642/element HTTP/1.1" 200 0 (Line: 544) [connectionpool.py]
DEBUG (15/09/2026 09:14:39): Remote response: status=200 | data={"value":{"element-6066-11e4-a52e-4f735466cecf":"f.4F43718FA93D6414267F90606F9738F8.d.4124141701B4037D5393CDA2E347394A.e.829"}} | headers=HTTPHeaderDict({'Content-Length': '127', 'Content-Type': 'application/json; charset=utf-8', 'cache-control': 'no-cache'}) (Line: 436) [remote_connection.py]
DEBUG (15/09/2026 09:14:39): Finished Request (Line: 465) [remote_connection.py]
DEBUG (15/09/2026 09:14:39): POST http://localhost:62331/session/f81b76abdd2c93f3ee341da095e31ca1/execute/sync {'script': 'return arguments[0].textContent.trim();', 'args': [{'element-6066-11e4-a52e-4f735466cecf': 'f.4F43718FA93D6414267F90606F9738F8.d.4124141701B4037D5393CDA2E347394A.e.829'}]} (Line: 403) [remote_connection.py]
DEBUG (15/09/2026 09:14:39): http://localhost:62331 "POST /session/f81b76abdd2c93f3ee341da095e31ca1/execute/sync HTTP/1.1" 200 0 (Line: 544) [connectionpool.py]
DEBUG (15/09/2026 09:14:39): Remote response: status=200 | data={"value":"Хороший офис, добираться было недалеко"} | headers=HTTPHeaderDict({'Content-Length': '83', 'Content-Type': 'application/json; charset=utf-8', 'cache-control': 'no-cache'}) (Line: 436) [remote_connection.py]
DEBUG (15/09/2026 09:14:39): Finished Request (Line: 465) [remote_connection.py]
DEBUG (15/09/2026 09:14:39): POST http://localhost:62331/session/f81b76abdd2c93f3ee341da095e31ca1/element/f.4F43718FA93D6414267F90606F9738F8.d.4124141701B4037D5393CDA2E347394A.e.642/element {'using': 'css selector', 'value': '.business-review-comment-content__date'} (Line: 403) [remote_connection.py]
DEBUG (15/09/2026 09:14:39): http://localhost:62331 "POST /session/f81b76abdd2c93f3ee341da095e31ca1/element/f.4F43718FA93D6414267F90606F9738F8.d.4124141701B4037D5393CDA2E347394A.e.642/element HTTP/1.1" 200 0 (Line: 544) [connectionpool.py]
DEBUG (15/09/2026 09:14:39): Remote response: status=200 | data={"value":{"element-6066-11e4-a52e-4f735466cecf":"f.4F43718FA93D6414267F90606F9738F8.d.4124141701B4037D5393CDA2E347394A.e.830"}} | headers=HTTPHeaderDict({'Content-Length': '127', 'Content-Type': 'application/json; charset=utf-8', 'cache-control': 'no-cache'}) (Line: 436) [remote_connection.py]
DEBUG (15/09/2026 09:14:39): Finished Request (Line: 465) [remote_connection.py]
DEBUG (15/09/2026 09:14:39): POST http://localhost:62331/session/f81b76abdd2c93f3ee341da095e31ca1/element/f.4F43718FA93D6414267F90606F9738F8.d.4124141701B4037D5393CDA2E347394A.e.642/element {'using': 'css selector', 'value': '.business-review-comment-content__date'} (Line: 403) [remote_connection.py]
DEBUG (15/09/2026 09:14:39): http://localhost:62331 "POST /session/f81b76abdd2c93f3ee341da095e31ca1/element/f.4F43718FA93D6414267F90606F9738F8.d.4124141701B4037D5393CDA2E347394A.e.642/element HTTP/1.1" 200 0 (Line: 544) [connectionpool.py]
DEBUG (15/09/2026 09:14:39): Remote response: status=200 | data={"value":{"element-6066-11e4-a52e-4f735466cecf":"f.4F43718FA93D6414267F90606F9738F8.d.4124141701B4037D5393CDA2E347394A.e.830"}} | headers=HTTPHeaderDict({'Content-Length': '127', 'Content-Type': 'application/json; charset=utf-8', 'cache-control': 'no-cache'}) (Line: 436) [remote_connection.py]
DEBUG (15/09/2026 09:14:39): Finished Request (Line: 465) [remote_connection.py]
DEBUG (15/09/2026 09:14:39): POST http://localhost:62331/session/f81b76abdd2c93f3ee341da095e31ca1/execute/sync {'script': 'return arguments[0].textContent.trim();', 'args': [{'element-6066-11e4-a52e-4f735466cecf': 'f.4F43718FA93D6414267F90606F9738F8.d.4124141701B4037D5393CDA2E347394A.e.830'}]} (Line: 403) [remote_connection.py]
DEBUG (15/09/2026 09:14:39): http://localhost:62331 "POST /session/f81b76abdd2c93f3ee341da095e31ca1/execute/sync HTTP/1.1" 200 0 (Line: 544) [connectionpool.py]
DEBUG (15/09/2026 09:14:39): Remote response: status=200 | data={"value":"7 июля 2025"} | headers=HTTPHeaderDict({'Content-Length': '27', 'Content-Type': 'application/json; charset=utf-8', 'cache-control': 'no-cache'}) (Line: 436) [remote_connection.py]
DEBUG (15/09/2026 09:14:39): Finished Request (Line: 465) [remote_connection.py]
DEBUG (15/09/2026 09:14:39): POST http://localhost:62331/session/f81b76abdd2c93f3ee341da095e31ca1/element/f.4F43718FA93D6414267F90606F9738F8.d.4124141701B4037D5393CDA2E347394A.e.642/element {'using': 'css selector', 'value': '.business-review-comment-content__bubble'} (Line: 403) [remote_connection.py]
DEBUG (15/09/2026 09:14:39): http://localhost:62331 "POST /session/f81b76abdd2c93f3ee341da095e31ca1/element/f.4F43718FA93D6414267F90606F9738F8.d.4124141701B4037D5393CDA2E347394A.e.642/element HTTP/1.1" 200 0 (Line: 544) [connectionpool.py]
DEBUG (15/09/2026 09:14:39): Remote response: status=200 | data={"value":{"element-6066-11e4-a52e-4f735466cecf":"f.4F43718FA93D6414267F90606F9738F8.d.4124141701B4037D5393CDA2E347394A.e.831"}} | headers=HTTPHeaderDict({'Content-Length': '127', 'Content-Type': 'application/json; charset=utf-8', 'cache-control': 'no-cache'}) (Line: 436) [remote_connection.py]
DEBUG (15/09/2026 09:14:39): Finished Request (Line: 465) [remote_connection.py]
DEBUG (15/09/2026 09:14:39): POST http://localhost:62331/session/f81b76abdd2c93f3ee341da095e31ca1/element/f.4F43718FA93D6414267F90606F9738F8.d.4124141701B4037D5393CDA2E347394A.e.642/element {'using': 'css selector', 'value': '.business-review-comment-content__bubble'} (Line: 403) [remote_connection.py]
DEBUG (15/09/2026 09:14:39): http://localhost:62331 "POST /session/f81b76abdd2c93f3ee341da095e31ca1/element/f.4F43718FA93D6414267F90606F9738F8.d.4124141701B4037D5393CDA2E347394A.e.642/element HTTP/1.1" 200 0 (Line: 544) [connectionpool.py]
DEBUG (15/09/2026 09:14:39): Remote response: status=200 | data={"value":{"element-6066-11e4-a52e-4f735466cecf":"f.4F43718FA93D6414267F90606F9738F8.d.4124141701B4037D5393CDA2E347394A.e.831"}} | headers=HTTPHeaderDict({'Content-Length': '127', 'Content-Type': 'application/json; charset=utf-8', 'cache-control': 'no-cache'}) (Line: 436) [remote_connection.py]
DEBUG (15/09/2026 09:14:39): Finished Request (Line: 465) [remote_connection.py]
DEBUG (15/09/2026 09:14:39): POST http://localhost:62331/session/f81b76abdd2c93f3ee341da095e31ca1/execute/sync {'script': 'return arguments[0].textContent.trim();', 'args': [{'element-6066-11e4-a52e-4f735466cecf': 'f.4F43718FA93D6414267F90606F9738F8.d.4124141701B4037D5393CDA2E347394A.e.831'}]} (Line: 403) [remote_connection.py]
DEBUG (15/09/2026 09:14:39): http://localhost:62331 "POST /session/f81b76abdd2c93f3ee341da095e31ca1/execute/sync HTTP/1.1" 200 0 (Line: 544) [connectionpool.py]
DEBUG (15/09/2026 09:14:39): Remote response: status=200 | data={"value":"Спасибо за приятный отзыв!\nС уважением, коллектив ООО \"АвтоДизельПарт\"."} | headers=HTTPHeaderDict({'Content-Length': '144', 'Content-Type': 'application/json; charset=utf-8', 'cache-control': 'no-cache'}) (Line: 436) [remote_connection.py]
DEBUG (15/09/2026 09:14:39): Finished Request (Line: 465) [remote_connection.py]
DEBUG (15/09/2026 09:14:39): POST http://localhost:62331/session/f81b76abdd2c93f3ee341da095e31ca1/element/f.4F43718FA93D6414267F90606F9738F8.d.4124141701B4037D5393CDA2E347394A.e.643/element {'using': 'css selector', 'value': '.business-review-comment-expandable-view__expand'} (Line: 403) [remote_connection.py]
DEBUG (15/09/2026 09:14:39): http://localhost:62331 "POST /session/f81b76abdd2c93f3ee341da095e31ca1/element/f.4F43718FA93D6414267F90606F9738F8.d.4124141701B4037D5393CDA2E347394A.e.643/element HTTP/1.1" 404 0 (Line: 544) [connectionpool.py]
DEBUG (15/09/2026 09:14:39): Remote response: status=404 | data={"value":{"error":"no such element","message":"no such element: Unable to locate element: {\"method\":\"css selector\",\"selector\":\".business-review-comment-expandable-view__expand\"}\n  (Session info: chrome=153.0.8010.36)","stacktrace":"\tchromedriver!GetHandleVerifier [0x7ff6d385ff25+5ae5]\n\tchromedriver!(No symbol) [0x7ff6d3782210]\n\tchromedriver!(No symbol) [0x7ff6d35a4a9d]\n\tchromedriver!(No symbol) [0x7ff6d36004ad]\n\tchromedriver!(No symbol) [0x7ff6d360076c]\n\tchromedriver!(No symbol) [0x7ff6d35f39ec]\n\tchromedriver!(No symbol) [0x7ff6d35f3896]\n\tchromedriver!(No symbol) [0x7ff6d36500df]\n\tchromedriver!(No symbol) [0x7ff6d35f2202]\n\tchromedriver!(No symbol) [0x7ff6d35f3013]\n\tchromedriver!GetHandleVerifier [0x7ff6d3c84231+429df1]\n\tchromedriver!GetHandleVerifier [0x7ff6d3cafce7+4558a7]\n\tchromedriver!GetHandleVerifier [0x7ff6d3ca413e+449cfe]\n\tchromedriver!GetHandleVerifier [0x7ff6d395c9ce+10258e]\n\tchromedriver!(No symbol) [0x7ff6d3790545]\n\tchromedriver!(No symbol) [0x7ff6d378b6a4]\n\tchromedriver!(No symbol) [0x7ff6d378b834]\n\tchromedriver!(No symbol) [0x7ff6d377601c]\n\tKERNEL32!BaseThreadInitThunk [0x7ffdc53fcd87+17]\n\tntdll!RtlUserThreadStart [0x7ffdc6dccaec+2c]\n"}} | headers=HTTPHeaderDict({'Content-Length': '1217', 'Content-Type': 'application/json; charset=utf-8', 'cache-control': 'no-cache'}) (Line: 436) [remote_connection.py]
DEBUG (15/09/2026 09:14:39): Finished Request (Line: 465) [remote_connection.py]
DEBUG (15/09/2026 09:14:39): POST http://localhost:62331/session/f81b76abdd2c93f3ee341da095e31ca1/element/f.4F43718FA93D6414267F90606F9738F8.d.4124141701B4037D5393CDA2E347394A.e.643/element {'using': 'css selector', 'value': '.business-review-view__author-name span'} (Line: 403) [remote_connection.py]
DEBUG (15/09/2026 09:14:39): http://localhost:62331 "POST /session/f81b76abdd2c93f3ee341da095e31ca1/element/f.4F43718FA93D6414267F90606F9738F8.d.4124141701B4037D5393CDA2E347394A.e.643/element HTTP/1.1" 200 0 (Line: 544) [connectionpool.py]
DEBUG (15/09/2026 09:14:39): Remote response: status=200 | data={"value":{"element-6066-11e4-a52e-4f735466cecf":"f.4F43718FA93D6414267F90606F9738F8.d.4124141701B4037D5393CDA2E347394A.e.832"}} | headers=HTTPHeaderDict({'Content-Length': '127', 'Content-Type': 'application/json; charset=utf-8', 'cache-control': 'no-cache'}) (Line: 436) [remote_connection.py]
DEBUG (15/09/2026 09:14:39): Finished Request (Line: 465) [remote_connection.py]
DEBUG (15/09/2026 09:14:39): POST http://localhost:62331/session/f81b76abdd2c93f3ee341da095e31ca1/element/f.4F43718FA93D6414267F90606F9738F8.d.4124141701B4037D5393CDA2E347394A.e.643/element {'using': 'css selector', 'value': '.business-review-view__author-name span'} (Line: 403) [remote_connection.py]
DEBUG (15/09/2026 09:14:39): http://localhost:62331 "POST /session/f81b76abdd2c93f3ee341da095e31ca1/element/f.4F43718FA93D6414267F90606F9738F8.d.4124141701B4037D5393CDA2E347394A.e.643/element HTTP/1.1" 200 0 (Line: 544) [connectionpool.py]
DEBUG (15/09/2026 09:14:39): Remote response: status=200 | data={"value":{"element-6066-11e4-a52e-4f735466cecf":"f.4F43718FA93D6414267F90606F9738F8.d.4124141701B4037D5393CDA2E347394A.e.832"}} | headers=HTTPHeaderDict({'Content-Length': '127', 'Content-Type': 'application/json; charset=utf-8', 'cache-control': 'no-cache'}) (Line: 436) [remote_connection.py]
DEBUG (15/09/2026 09:14:39): Finished Request (Line: 465) [remote_connection.py]
DEBUG (15/09/2026 09:14:39): POST http://localhost:62331/session/f81b76abdd2c93f3ee341da095e31ca1/execute/sync {'script': 'return arguments[0].textContent.trim();', 'args': [{'element-6066-11e4-a52e-4f735466cecf': 'f.4F43718FA93D6414267F90606F9738F8.d.4124141701B4037D5393CDA2E347394A.e.832'}]} (Line: 403) [remote_connection.py]
DEBUG (15/09/2026 09:14:39): http://localhost:62331 "POST /session/f81b76abdd2c93f3ee341da095e31ca1/execute/sync HTTP/1.1" 200 0 (Line: 544) [connectionpool.py]
DEBUG (15/09/2026 09:14:39): Remote response: status=200 | data={"value":"Максим Щ."} | headers=HTTPHeaderDict({'Content-Length': '28', 'Content-Type': 'application/json; charset=utf-8', 'cache-control': 'no-cache'}) (Line: 436) [remote_connection.py]
DEBUG (15/09/2026 09:14:39): Finished Request (Line: 465) [remote_connection.py]
DEBUG (15/09/2026 09:14:39): POST http://localhost:62331/session/f81b76abdd2c93f3ee341da095e31ca1/element/f.4F43718FA93D6414267F90606F9738F8.d.4124141701B4037D5393CDA2E347394A.e.643/element {'using': 'css selector', 'value': '.business-review-view__date span'} (Line: 403) [remote_connection.py]
DEBUG (15/09/2026 09:14:39): http://localhost:62331 "POST /session/f81b76abdd2c93f3ee341da095e31ca1/element/f.4F43718FA93D6414267F90606F9738F8.d.4124141701B4037D5393CDA2E347394A.e.643/element HTTP/1.1" 200 0 (Line: 544) [connectionpool.py]
DEBUG (15/09/2026 09:14:39): Remote response: status=200 | data={"value":{"element-6066-11e4-a52e-4f735466cecf":"f.4F43718FA93D6414267F90606F9738F8.d.4124141701B4037D5393CDA2E347394A.e.833"}} | headers=HTTPHeaderDict({'Content-Length': '127', 'Content-Type': 'application/json; charset=utf-8', 'cache-control': 'no-cache'}) (Line: 436) [remote_connection.py]
DEBUG (15/09/2026 09:14:39): Finished Request (Line: 465) [remote_connection.py]
DEBUG (15/09/2026 09:14:39): POST http://localhost:62331/session/f81b76abdd2c93f3ee341da095e31ca1/element/f.4F43718FA93D6414267F90606F9738F8.d.4124141701B4037D5393CDA2E347394A.e.643/element {'using': 'css selector', 'value': '.business-review-view__date span'} (Line: 403) [remote_connection.py]
DEBUG (15/09/2026 09:14:39): http://localhost:62331 "POST /session/f81b76abdd2c93f3ee341da095e31ca1/element/f.4F43718FA93D6414267F90606F9738F8.d.4124141701B4037D5393CDA2E347394A.e.643/element HTTP/1.1" 200 0 (Line: 544) [connectionpool.py]
DEBUG (15/09/2026 09:14:39): Remote response: status=200 | data={"value":{"element-6066-11e4-a52e-4f735466cecf":"f.4F43718FA93D6414267F90606F9738F8.d.4124141701B4037D5393CDA2E347394A.e.833"}} | headers=HTTPHeaderDict({'Content-Length': '127', 'Content-Type': 'application/json; charset=utf-8', 'cache-control': 'no-cache'}) (Line: 436) [remote_connection.py]
DEBUG (15/09/2026 09:14:39): Finished Request (Line: 465) [remote_connection.py]
DEBUG (15/09/2026 09:14:39): POST http://localhost:62331/session/f81b76abdd2c93f3ee341da095e31ca1/execute/sync {'script': 'return arguments[0].textContent.trim();', 'args': [{'element-6066-11e4-a52e-4f735466cecf': 'f.4F43718FA93D6414267F90606F9738F8.d.4124141701B4037D5393CDA2E347394A.e.833'}]} (Line: 403) [remote_connection.py]
DEBUG (15/09/2026 09:14:39): http://localhost:62331 "POST /session/f81b76abdd2c93f3ee341da095e31ca1/execute/sync HTTP/1.1" 200 0 (Line: 544) [connectionpool.py]
DEBUG (15/09/2026 09:14:39): Remote response: status=200 | data={"value":"14 января 2020"} | headers=HTTPHeaderDict({'Content-Length': '32', 'Content-Type': 'application/json; charset=utf-8', 'cache-control': 'no-cache'}) (Line: 436) [remote_connection.py]
DEBUG (15/09/2026 09:14:39): Finished Request (Line: 465) [remote_connection.py]
DEBUG (15/09/2026 09:14:39): POST http://localhost:62331/session/f81b76abdd2c93f3ee341da095e31ca1/element/f.4F43718FA93D6414267F90606F9738F8.d.4124141701B4037D5393CDA2E347394A.e.643/element {'using': 'css selector', 'value': '._full'} (Line: 403) [remote_connection.py]
DEBUG (15/09/2026 09:14:39): http://localhost:62331 "POST /session/f81b76abdd2c93f3ee341da095e31ca1/element/f.4F43718FA93D6414267F90606F9738F8.d.4124141701B4037D5393CDA2E347394A.e.643/element HTTP/1.1" 200 0 (Line: 544) [connectionpool.py]
DEBUG (15/09/2026 09:14:39): Remote response: status=200 | data={"value":{"element-6066-11e4-a52e-4f735466cecf":"f.4F43718FA93D6414267F90606F9738F8.d.4124141701B4037D5393CDA2E347394A.e.834"}} | headers=HTTPHeaderDict({'Content-Length': '127', 'Content-Type': 'application/json; charset=utf-8', 'cache-control': 'no-cache'}) (Line: 436) [remote_connection.py]
DEBUG (15/09/2026 09:14:39): Finished Request (Line: 465) [remote_connection.py]
DEBUG (15/09/2026 09:14:39): POST http://localhost:62331/session/f81b76abdd2c93f3ee341da095e31ca1/element/f.4F43718FA93D6414267F90606F9738F8.d.4124141701B4037D5393CDA2E347394A.e.643/elements {'using': 'css selector', 'value': '._full'} (Line: 403) [remote_connection.py]
DEBUG (15/09/2026 09:14:39): http://localhost:62331 "POST /session/f81b76abdd2c93f3ee341da095e31ca1/element/f.4F43718FA93D6414267F90606F9738F8.d.4124141701B4037D5393CDA2E347394A.e.643/elements HTTP/1.1" 200 0 (Line: 544) [connectionpool.py]
DEBUG (15/09/2026 09:14:39): Remote response: status=200 | data={"value":[{"element-6066-11e4-a52e-4f735466cecf":"f.4F43718FA93D6414267F90606F9738F8.d.4124141701B4037D5393CDA2E347394A.e.834"},{"element-6066-11e4-a52e-4f735466cecf":"f.4F43718FA93D6414267F90606F9738F8.d.4124141701B4037D5393CDA2E347394A.e.835"},{"element-6066-11e4-a52e-4f735466cecf":"f.4F43718FA93D6414267F90606F9738F8.d.4124141701B4037D5393CDA2E347394A.e.836"},{"element-6066-11e4-a52e-4f735466cecf":"f.4F43718FA93D6414267F90606F9738F8.d.4124141701B4037D5393CDA2E347394A.e.837"},{"element-6066-11e4-a52e-4f735466cecf":"f.4F43718FA93D6414267F90606F9738F8.d.4124141701B4037D5393CDA2E347394A.e.838"}]} | headers=HTTPHeaderDict({'Content-Length': '601', 'Content-Type': 'application/json; charset=utf-8', 'cache-control': 'no-cache'}) (Line: 436) [remote_connection.py]
DEBUG (15/09/2026 09:14:39): Finished Request (Line: 465) [remote_connection.py]
DEBUG (15/09/2026 09:14:39): POST http://localhost:62331/session/f81b76abdd2c93f3ee341da095e31ca1/element/f.4F43718FA93D6414267F90606F9738F8.d.4124141701B4037D5393CDA2E347394A.e.643/element {'using': 'css selector', 'value': '.spoiler-view__text-container'} (Line: 403) [remote_connection.py]
DEBUG (15/09/2026 09:14:39): http://localhost:62331 "POST /session/f81b76abdd2c93f3ee341da095e31ca1/element/f.4F43718FA93D6414267F90606F9738F8.d.4124141701B4037D5393CDA2E347394A.e.643/element HTTP/1.1" 200 0 (Line: 544) [connectionpool.py]
DEBUG (15/09/2026 09:14:39): Remote response: status=200 | data={"value":{"element-6066-11e4-a52e-4f735466cecf":"f.4F43718FA93D6414267F90606F9738F8.d.4124141701B4037D5393CDA2E347394A.e.839"}} | headers=HTTPHeaderDict({'Content-Length': '127', 'Content-Type': 'application/json; charset=utf-8', 'cache-control': 'no-cache'}) (Line: 436) [remote_connection.py]
DEBUG (15/09/2026 09:14:39): Finished Request (Line: 465) [remote_connection.py]
DEBUG (15/09/2026 09:14:39): POST http://localhost:62331/session/f81b76abdd2c93f3ee341da095e31ca1/element/f.4F43718FA93D6414267F90606F9738F8.d.4124141701B4037D5393CDA2E347394A.e.643/element {'using': 'css selector', 'value': '.spoiler-view__text-container'} (Line: 403) [remote_connection.py]
DEBUG (15/09/2026 09:14:39): http://localhost:62331 "POST /session/f81b76abdd2c93f3ee341da095e31ca1/element/f.4F43718FA93D6414267F90606F9738F8.d.4124141701B4037D5393CDA2E347394A.e.643/element HTTP/1.1" 200 0 (Line: 544) [connectionpool.py]
DEBUG (15/09/2026 09:14:39): Remote response: status=200 | data={"value":{"element-6066-11e4-a52e-4f735466cecf":"f.4F43718FA93D6414267F90606F9738F8.d.4124141701B4037D5393CDA2E347394A.e.839"}} | headers=HTTPHeaderDict({'Content-Length': '127', 'Content-Type': 'application/json; charset=utf-8', 'cache-control': 'no-cache'}) (Line: 436) [remote_connection.py]
DEBUG (15/09/2026 09:14:39): Finished Request (Line: 465) [remote_connection.py]
DEBUG (15/09/2026 09:14:39): POST http://localhost:62331/session/f81b76abdd2c93f3ee341da095e31ca1/execute/sync {'script': 'return arguments[0].textContent.trim();', 'args': [{'element-6066-11e4-a52e-4f735466cecf': 'f.4F43718FA93D6414267F90606F9738F8.d.4124141701B4037D5393CDA2E347394A.e.839'}]} (Line: 403) [remote_connection.py]
DEBUG (15/09/2026 09:14:39): http://localhost:62331 "POST /session/f81b76abdd2c93f3ee341da095e31ca1/execute/sync HTTP/1.1" 200 0 (Line: 544) [connectionpool.py]
DEBUG (15/09/2026 09:14:39): Remote response: status=200 | data={"value":"Крутые ребята, настоящие спецы в дизеле"} | headers=HTTPHeaderDict({'Content-Length': '84', 'Content-Type': 'application/json; charset=utf-8', 'cache-control': 'no-cache'}) (Line: 436) [remote_connection.py]
DEBUG (15/09/2026 09:14:39): Finished Request (Line: 465) [remote_connection.py]
DEBUG (15/09/2026 09:14:39): POST http://localhost:62331/session/f81b76abdd2c93f3ee341da095e31ca1/element/f.4F43718FA93D6414267F90606F9738F8.d.4124141701B4037D5393CDA2E347394A.e.643/element {'using': 'css selector', 'value': '.business-review-comment-content__date'} (Line: 403) [remote_connection.py]
DEBUG (15/09/2026 09:14:39): http://localhost:62331 "POST /session/f81b76abdd2c93f3ee341da095e31ca1/element/f.4F43718FA93D6414267F90606F9738F8.d.4124141701B4037D5393CDA2E347394A.e.643/element HTTP/1.1" 404 0 (Line: 544) [connectionpool.py]
DEBUG (15/09/2026 09:14:39): Remote response: status=404 | data={"value":{"error":"no such element","message":"no such element: Unable to locate element: {\"method\":\"css selector\",\"selector\":\".business-review-comment-content__date\"}\n  (Session info: chrome=153.0.8010.36)","stacktrace":"\tchromedriver!GetHandleVerifier [0x7ff6d385ff25+5ae5]\n\tchromedriver!(No symbol) [0x7ff6d3782210]\n\tchromedriver!(No symbol) [0x7ff6d35a4a9d]\n\tchromedriver!(No symbol) [0x7ff6d36004ad]\n\tchromedriver!(No symbol) [0x7ff6d360076c]\n\tchromedriver!(No symbol) [0x7ff6d35f39ec]\n\tchromedriver!(No symbol) [0x7ff6d35f3896]\n\tchromedriver!(No symbol) [0x7ff6d36500df]\n\tchromedriver!(No symbol) [0x7ff6d35f2202]\n\tchromedriver!(No symbol) [0x7ff6d35f3013]\n\tchromedriver!GetHandleVerifier [0x7ff6d3c84231+429df1]\n\tchromedriver!GetHandleVerifier [0x7ff6d3cafce7+4558a7]\n\tchromedriver!GetHandleVerifier [0x7ff6d3ca413e+449cfe]\n\tchromedriver!GetHandleVerifier [0x7ff6d395c9ce+10258e]\n\tchromedriver!(No symbol) [0x7ff6d3790545]\n\tchromedriver!(No symbol) [0x7ff6d378b6a4]\n\tchromedriver!(No symbol) [0x7ff6d378b834]\n\tchromedriver!(No symbol) [0x7ff6d377601c]\n\tKERNEL32!BaseThreadInitThunk [0x7ffdc53fcd87+17]\n\tntdll!RtlUserThreadStart [0x7ffdc6dccaec+2c]\n"}} | headers=HTTPHeaderDict({'Content-Length': '1207', 'Content-Type': 'application/json; charset=utf-8', 'cache-control': 'no-cache'}) (Line: 436) [remote_connection.py]
DEBUG (15/09/2026 09:14:39): Finished Request (Line: 465) [remote_connection.py]
DEBUG (15/09/2026 09:14:39): POST http://localhost:62331/session/f81b76abdd2c93f3ee341da095e31ca1/element/f.4F43718FA93D6414267F90606F9738F8.d.4124141701B4037D5393CDA2E347394A.e.643/element {'using': 'css selector', 'value': '.business-review-comment-content__bubble'} (Line: 403) [remote_connection.py]
DEBUG (15/09/2026 09:14:39): http://localhost:62331 "POST /session/f81b76abdd2c93f3ee341da095e31ca1/element/f.4F43718FA93D6414267F90606F9738F8.d.4124141701B4037D5393CDA2E347394A.e.643/element HTTP/1.1" 404 0 (Line: 544) [connectionpool.py]
DEBUG (15/09/2026 09:14:39): Remote response: status=404 | data={"value":{"error":"no such element","message":"no such element: Unable to locate element: {\"method\":\"css selector\",\"selector\":\".business-review-comment-content__bubble\"}\n  (Session info: chrome=153.0.8010.36)","stacktrace":"\tchromedriver!GetHandleVerifier [0x7ff6d385ff25+5ae5]\n\tchromedriver!(No symbol) [0x7ff6d3782210]\n\tchromedriver!(No symbol) [0x7ff6d35a4a9d]\n\tchromedriver!(No symbol) [0x7ff6d36004ad]\n\tchromedriver!(No symbol) [0x7ff6d360076c]\n\tchromedriver!(No symbol) [0x7ff6d35f39ec]\n\tchromedriver!(No symbol) [0x7ff6d35f3896]\n\tchromedriver!(No symbol) [0x7ff6d36500df]\n\tchromedriver!(No symbol) [0x7ff6d35f2202]\n\tchromedriver!(No symbol) [0x7ff6d35f3013]\n\tchromedriver!GetHandleVerifier [0x7ff6d3c84231+429df1]\n\tchromedriver!GetHandleVerifier [0x7ff6d3cafce7+4558a7]\n\tchromedriver!GetHandleVerifier [0x7ff6d3ca413e+449cfe]\n\tchromedriver!GetHandleVerifier [0x7ff6d395c9ce+10258e]\n\tchromedriver!(No symbol) [0x7ff6d3790545]\n\tchromedriver!(No symbol) [0x7ff6d378b6a4]\n\tchromedriver!(No symbol) [0x7ff6d378b834]\n\tchromedriver!(No symbol) [0x7ff6d377601c]\n\tKERNEL32!BaseThreadInitThunk [0x7ffdc53fcd87+17]\n\tntdll!RtlUserThreadStart [0x7ffdc6dccaec+2c]\n"}} | headers=HTTPHeaderDict({'Content-Length': '1209', 'Content-Type': 'application/json; charset=utf-8', 'cache-control': 'no-cache'}) (Line: 436) [remote_connection.py]
DEBUG (15/09/2026 09:14:39): Finished Request (Line: 465) [remote_connection.py]
DEBUG (15/09/2026 09:14:39): POST http://localhost:62331/session/f81b76abdd2c93f3ee341da095e31ca1/element/f.4F43718FA93D6414267F90606F9738F8.d.4124141701B4037D5393CDA2E347394A.e.644/element {'using': 'css selector', 'value': '.business-review-comment-expandable-view__expand'} (Line: 403) [remote_connection.py]
DEBUG (15/09/2026 09:14:39): http://localhost:62331 "POST /session/f81b76abdd2c93f3ee341da095e31ca1/element/f.4F43718FA93D6414267F90606F9738F8.d.4124141701B4037D5393CDA2E347394A.e.644/element HTTP/1.1" 200 0 (Line: 544) [connectionpool.py]
DEBUG (15/09/2026 09:14:39): Remote response: status=200 | data={"value":{"element-6066-11e4-a52e-4f735466cecf":"f.4F43718FA93D6414267F90606F9738F8.d.4124141701B4037D5393CDA2E347394A.e.663"}} | headers=HTTPHeaderDict({'Content-Length': '127', 'Content-Type': 'application/json; charset=utf-8', 'cache-control': 'no-cache'}) (Line: 436) [remote_connection.py]
DEBUG (15/09/2026 09:14:39): Finished Request (Line: 465) [remote_connection.py]
DEBUG (15/09/2026 09:14:39): POST http://localhost:62331/session/f81b76abdd2c93f3ee341da095e31ca1/element/f.4F43718FA93D6414267F90606F9738F8.d.4124141701B4037D5393CDA2E347394A.e.644/element {'using': 'css selector', 'value': '.business-review-view__author-name span'} (Line: 403) [remote_connection.py]
DEBUG (15/09/2026 09:14:39): http://localhost:62331 "POST /session/f81b76abdd2c93f3ee341da095e31ca1/element/f.4F43718FA93D6414267F90606F9738F8.d.4124141701B4037D5393CDA2E347394A.e.644/element HTTP/1.1" 200 0 (Line: 544) [connectionpool.py]
DEBUG (15/09/2026 09:14:39): Remote response: status=200 | data={"value":{"element-6066-11e4-a52e-4f735466cecf":"f.4F43718FA93D6414267F90606F9738F8.d.4124141701B4037D5393CDA2E347394A.e.840"}} | headers=HTTPHeaderDict({'Content-Length': '127', 'Content-Type': 'application/json; charset=utf-8', 'cache-control': 'no-cache'}) (Line: 436) [remote_connection.py]
DEBUG (15/09/2026 09:14:39): Finished Request (Line: 465) [remote_connection.py]
DEBUG (15/09/2026 09:14:39): POST http://localhost:62331/session/f81b76abdd2c93f3ee341da095e31ca1/element/f.4F43718FA93D6414267F90606F9738F8.d.4124141701B4037D5393CDA2E347394A.e.644/element {'using': 'css selector', 'value': '.business-review-view__author-name span'} (Line: 403) [remote_connection.py]
DEBUG (15/09/2026 09:14:39): http://localhost:62331 "POST /session/f81b76abdd2c93f3ee341da095e31ca1/element/f.4F43718FA93D6414267F90606F9738F8.d.4124141701B4037D5393CDA2E347394A.e.644/element HTTP/1.1" 200 0 (Line: 544) [connectionpool.py]
DEBUG (15/09/2026 09:14:39): Remote response: status=200 | data={"value":{"element-6066-11e4-a52e-4f735466cecf":"f.4F43718FA93D6414267F90606F9738F8.d.4124141701B4037D5393CDA2E347394A.e.840"}} | headers=HTTPHeaderDict({'Content-Length': '127', 'Content-Type': 'application/json; charset=utf-8', 'cache-control': 'no-cache'}) (Line: 436) [remote_connection.py]
DEBUG (15/09/2026 09:14:39): Finished Request (Line: 465) [remote_connection.py]
DEBUG (15/09/2026 09:14:39): POST http://localhost:62331/session/f81b76abdd2c93f3ee341da095e31ca1/execute/sync {'script': 'return arguments[0].textContent.trim();', 'args': [{'element-6066-11e4-a52e-4f735466cecf': 'f.4F43718FA93D6414267F90606F9738F8.d.4124141701B4037D5393CDA2E347394A.e.840'}]} (Line: 403) [remote_connection.py]
DEBUG (15/09/2026 09:14:39): http://localhost:62331 "POST /session/f81b76abdd2c93f3ee341da095e31ca1/execute/sync HTTP/1.1" 200 0 (Line: 544) [connectionpool.py]
DEBUG (15/09/2026 09:14:39): Remote response: status=200 | data={"value":"Игнат Парков"} | headers=HTTPHeaderDict({'Content-Length': '35', 'Content-Type': 'application/json; charset=utf-8', 'cache-control': 'no-cache'}) (Line: 436) [remote_connection.py]
DEBUG (15/09/2026 09:14:39): Finished Request (Line: 465) [remote_connection.py]
DEBUG (15/09/2026 09:14:39): POST http://localhost:62331/session/f81b76abdd2c93f3ee341da095e31ca1/element/f.4F43718FA93D6414267F90606F9738F8.d.4124141701B4037D5393CDA2E347394A.e.644/element {'using': 'css selector', 'value': '.business-review-view__date span'} (Line: 403) [remote_connection.py]
DEBUG (15/09/2026 09:14:39): http://localhost:62331 "POST /session/f81b76abdd2c93f3ee341da095e31ca1/element/f.4F43718FA93D6414267F90606F9738F8.d.4124141701B4037D5393CDA2E347394A.e.644/element HTTP/1.1" 200 0 (Line: 544) [connectionpool.py]
DEBUG (15/09/2026 09:14:39): Remote response: status=200 | data={"value":{"element-6066-11e4-a52e-4f735466cecf":"f.4F43718FA93D6414267F90606F9738F8.d.4124141701B4037D5393CDA2E347394A.e.841"}} | headers=HTTPHeaderDict({'Content-Length': '127', 'Content-Type': 'application/json; charset=utf-8', 'cache-control': 'no-cache'}) (Line: 436) [remote_connection.py]
DEBUG (15/09/2026 09:14:39): Finished Request (Line: 465) [remote_connection.py]
DEBUG (15/09/2026 09:14:39): POST http://localhost:62331/session/f81b76abdd2c93f3ee341da095e31ca1/element/f.4F43718FA93D6414267F90606F9738F8.d.4124141701B4037D5393CDA2E347394A.e.644/element {'using': 'css selector', 'value': '.business-review-view__date span'} (Line: 403) [remote_connection.py]
DEBUG (15/09/2026 09:14:39): http://localhost:62331 "POST /session/f81b76abdd2c93f3ee341da095e31ca1/element/f.4F43718FA93D6414267F90606F9738F8.d.4124141701B4037D5393CDA2E347394A.e.644/element HTTP/1.1" 200 0 (Line: 544) [connectionpool.py]
DEBUG (15/09/2026 09:14:39): Remote response: status=200 | data={"value":{"element-6066-11e4-a52e-4f735466cecf":"f.4F43718FA93D6414267F90606F9738F8.d.4124141701B4037D5393CDA2E347394A.e.841"}} | headers=HTTPHeaderDict({'Content-Length': '127', 'Content-Type': 'application/json; charset=utf-8', 'cache-control': 'no-cache'}) (Line: 436) [remote_connection.py]
DEBUG (15/09/2026 09:14:39): Finished Request (Line: 465) [remote_connection.py]
DEBUG (15/09/2026 09:14:39): POST http://localhost:62331/session/f81b76abdd2c93f3ee341da095e31ca1/execute/sync {'script': 'return arguments[0].textContent.trim();', 'args': [{'element-6066-11e4-a52e-4f735466cecf': 'f.4F43718FA93D6414267F90606F9738F8.d.4124141701B4037D5393CDA2E347394A.e.841'}]} (Line: 403) [remote_connection.py]
DEBUG (15/09/2026 09:14:39): http://localhost:62331 "POST /session/f81b76abdd2c93f3ee341da095e31ca1/execute/sync HTTP/1.1" 200 0 (Line: 544) [connectionpool.py]
DEBUG (15/09/2026 09:14:39): Remote response: status=200 | data={"value":"28 февраля 2025"} | headers=HTTPHeaderDict({'Content-Length': '34', 'Content-Type': 'application/json; charset=utf-8', 'cache-control': 'no-cache'}) (Line: 436) [remote_connection.py]
DEBUG (15/09/2026 09:14:39): Finished Request (Line: 465) [remote_connection.py]
DEBUG (15/09/2026 09:14:39): POST http://localhost:62331/session/f81b76abdd2c93f3ee341da095e31ca1/element/f.4F43718FA93D6414267F90606F9738F8.d.4124141701B4037D5393CDA2E347394A.e.644/element {'using': 'css selector', 'value': '._full'} (Line: 403) [remote_connection.py]
DEBUG (15/09/2026 09:14:39): http://localhost:62331 "POST /session/f81b76abdd2c93f3ee341da095e31ca1/element/f.4F43718FA93D6414267F90606F9738F8.d.4124141701B4037D5393CDA2E347394A.e.644/element HTTP/1.1" 200 0 (Line: 544) [connectionpool.py]
DEBUG (15/09/2026 09:14:39): Remote response: status=200 | data={"value":{"element-6066-11e4-a52e-4f735466cecf":"f.4F43718FA93D6414267F90606F9738F8.d.4124141701B4037D5393CDA2E347394A.e.842"}} | headers=HTTPHeaderDict({'Content-Length': '127', 'Content-Type': 'application/json; charset=utf-8', 'cache-control': 'no-cache'}) (Line: 436) [remote_connection.py]
DEBUG (15/09/2026 09:14:39): Finished Request (Line: 465) [remote_connection.py]
DEBUG (15/09/2026 09:14:39): POST http://localhost:62331/session/f81b76abdd2c93f3ee341da095e31ca1/element/f.4F43718FA93D6414267F90606F9738F8.d.4124141701B4037D5393CDA2E347394A.e.644/elements {'using': 'css selector', 'value': '._full'} (Line: 403) [remote_connection.py]
DEBUG (15/09/2026 09:14:39): http://localhost:62331 "POST /session/f81b76abdd2c93f3ee341da095e31ca1/element/f.4F43718FA93D6414267F90606F9738F8.d.4124141701B4037D5393CDA2E347394A.e.644/elements HTTP/1.1" 200 0 (Line: 544) [connectionpool.py]
DEBUG (15/09/2026 09:14:39): Remote response: status=200 | data={"value":[{"element-6066-11e4-a52e-4f735466cecf":"f.4F43718FA93D6414267F90606F9738F8.d.4124141701B4037D5393CDA2E347394A.e.842"},{"element-6066-11e4-a52e-4f735466cecf":"f.4F43718FA93D6414267F90606F9738F8.d.4124141701B4037D5393CDA2E347394A.e.843"},{"element-6066-11e4-a52e-4f735466cecf":"f.4F43718FA93D6414267F90606F9738F8.d.4124141701B4037D5393CDA2E347394A.e.844"},{"element-6066-11e4-a52e-4f735466cecf":"f.4F43718FA93D6414267F90606F9738F8.d.4124141701B4037D5393CDA2E347394A.e.845"},{"element-6066-11e4-a52e-4f735466cecf":"f.4F43718FA93D6414267F90606F9738F8.d.4124141701B4037D5393CDA2E347394A.e.846"}]} | headers=HTTPHeaderDict({'Content-Length': '601', 'Content-Type': 'application/json; charset=utf-8', 'cache-control': 'no-cache'}) (Line: 436) [remote_connection.py]
DEBUG (15/09/2026 09:14:39): Finished Request (Line: 465) [remote_connection.py]
DEBUG (15/09/2026 09:14:39): POST http://localhost:62331/session/f81b76abdd2c93f3ee341da095e31ca1/element/f.4F43718FA93D6414267F90606F9738F8.d.4124141701B4037D5393CDA2E347394A.e.644/element {'using': 'css selector', 'value': '.spoiler-view__text-container'} (Line: 403) [remote_connection.py]
DEBUG (15/09/2026 09:14:39): http://localhost:62331 "POST /session/f81b76abdd2c93f3ee341da095e31ca1/element/f.4F43718FA93D6414267F90606F9738F8.d.4124141701B4037D5393CDA2E347394A.e.644/element HTTP/1.1" 200 0 (Line: 544) [connectionpool.py]
DEBUG (15/09/2026 09:14:39): Remote response: status=200 | data={"value":{"element-6066-11e4-a52e-4f735466cecf":"f.4F43718FA93D6414267F90606F9738F8.d.4124141701B4037D5393CDA2E347394A.e.847"}} | headers=HTTPHeaderDict({'Content-Length': '127', 'Content-Type': 'application/json; charset=utf-8', 'cache-control': 'no-cache'}) (Line: 436) [remote_connection.py]
DEBUG (15/09/2026 09:14:39): Finished Request (Line: 465) [remote_connection.py]
DEBUG (15/09/2026 09:14:39): POST http://localhost:62331/session/f81b76abdd2c93f3ee341da095e31ca1/element/f.4F43718FA93D6414267F90606F9738F8.d.4124141701B4037D5393CDA2E347394A.e.644/element {'using': 'css selector', 'value': '.spoiler-view__text-container'} (Line: 403) [remote_connection.py]
DEBUG (15/09/2026 09:14:39): http://localhost:62331 "POST /session/f81b76abdd2c93f3ee341da095e31ca1/element/f.4F43718FA93D6414267F90606F9738F8.d.4124141701B4037D5393CDA2E347394A.e.644/element HTTP/1.1" 200 0 (Line: 544) [connectionpool.py]
DEBUG (15/09/2026 09:14:39): Remote response: status=200 | data={"value":{"element-6066-11e4-a52e-4f735466cecf":"f.4F43718FA93D6414267F90606F9738F8.d.4124141701B4037D5393CDA2E347394A.e.847"}} | headers=HTTPHeaderDict({'Content-Length': '127', 'Content-Type': 'application/json; charset=utf-8', 'cache-control': 'no-cache'}) (Line: 436) [remote_connection.py]
DEBUG (15/09/2026 09:14:39): Finished Request (Line: 465) [remote_connection.py]
DEBUG (15/09/2026 09:14:39): POST http://localhost:62331/session/f81b76abdd2c93f3ee341da095e31ca1/execute/sync {'script': 'return arguments[0].textContent.trim();', 'args': [{'element-6066-11e4-a52e-4f735466cecf': 'f.4F43718FA93D6414267F90606F9738F8.d.4124141701B4037D5393CDA2E347394A.e.847'}]} (Line: 403) [remote_connection.py]
DEBUG (15/09/2026 09:14:39): http://localhost:62331 "POST /session/f81b76abdd2c93f3ee341da095e31ca1/execute/sync HTTP/1.1" 200 0 (Line: 544) [connectionpool.py]
DEBUG (15/09/2026 09:14:39): Remote response: status=200 | data={"value":"Хорошие партнеры"} | headers=HTTPHeaderDict({'Content-Length': '43', 'Content-Type': 'application/json; charset=utf-8', 'cache-control': 'no-cache'}) (Line: 436) [remote_connection.py]
DEBUG (15/09/2026 09:14:39): Finished Request (Line: 465) [remote_connection.py]
DEBUG (15/09/2026 09:14:39): POST http://localhost:62331/session/f81b76abdd2c93f3ee341da095e31ca1/element/f.4F43718FA93D6414267F90606F9738F8.d.4124141701B4037D5393CDA2E347394A.e.644/element {'using': 'css selector', 'value': '.business-review-comment-content__date'} (Line: 403) [remote_connection.py]
DEBUG (15/09/2026 09:14:39): http://localhost:62331 "POST /session/f81b76abdd2c93f3ee341da095e31ca1/element/f.4F43718FA93D6414267F90606F9738F8.d.4124141701B4037D5393CDA2E347394A.e.644/element HTTP/1.1" 200 0 (Line: 544) [connectionpool.py]
DEBUG (15/09/2026 09:14:39): Remote response: status=200 | data={"value":{"element-6066-11e4-a52e-4f735466cecf":"f.4F43718FA93D6414267F90606F9738F8.d.4124141701B4037D5393CDA2E347394A.e.848"}} | headers=HTTPHeaderDict({'Content-Length': '127', 'Content-Type': 'application/json; charset=utf-8', 'cache-control': 'no-cache'}) (Line: 436) [remote_connection.py]
DEBUG (15/09/2026 09:14:39): Finished Request (Line: 465) [remote_connection.py]
DEBUG (15/09/2026 09:14:39): POST http://localhost:62331/session/f81b76abdd2c93f3ee341da095e31ca1/element/f.4F43718FA93D6414267F90606F9738F8.d.4124141701B4037D5393CDA2E347394A.e.644/element {'using': 'css selector', 'value': '.business-review-comment-content__date'} (Line: 403) [remote_connection.py]
DEBUG (15/09/2026 09:14:39): http://localhost:62331 "POST /session/f81b76abdd2c93f3ee341da095e31ca1/element/f.4F43718FA93D6414267F90606F9738F8.d.4124141701B4037D5393CDA2E347394A.e.644/element HTTP/1.1" 200 0 (Line: 544) [connectionpool.py]
DEBUG (15/09/2026 09:14:39): Remote response: status=200 | data={"value":{"element-6066-11e4-a52e-4f735466cecf":"f.4F43718FA93D6414267F90606F9738F8.d.4124141701B4037D5393CDA2E347394A.e.848"}} | headers=HTTPHeaderDict({'Content-Length': '127', 'Content-Type': 'application/json; charset=utf-8', 'cache-control': 'no-cache'}) (Line: 436) [remote_connection.py]
DEBUG (15/09/2026 09:14:39): Finished Request (Line: 465) [remote_connection.py]
DEBUG (15/09/2026 09:14:39): POST http://localhost:62331/session/f81b76abdd2c93f3ee341da095e31ca1/execute/sync {'script': 'return arguments[0].textContent.trim();', 'args': [{'element-6066-11e4-a52e-4f735466cecf': 'f.4F43718FA93D6414267F90606F9738F8.d.4124141701B4037D5393CDA2E347394A.e.848'}]} (Line: 403) [remote_connection.py]
DEBUG (15/09/2026 09:14:39): http://localhost:62331 "POST /session/f81b76abdd2c93f3ee341da095e31ca1/execute/sync HTTP/1.1" 200 0 (Line: 544) [connectionpool.py]
DEBUG (15/09/2026 09:14:39): Remote response: status=200 | data={"value":"5 марта 2025"} | headers=HTTPHeaderDict({'Content-Length': '29', 'Content-Type': 'application/json; charset=utf-8', 'cache-control': 'no-cache'}) (Line: 436) [remote_connection.py]
DEBUG (15/09/2026 09:14:39): Finished Request (Line: 465) [remote_connection.py]
DEBUG (15/09/2026 09:14:39): POST http://localhost:62331/session/f81b76abdd2c93f3ee341da095e31ca1/element/f.4F43718FA93D6414267F90606F9738F8.d.4124141701B4037D5393CDA2E347394A.e.644/element {'using': 'css selector', 'value': '.business-review-comment-content__bubble'} (Line: 403) [remote_connection.py]
DEBUG (15/09/2026 09:14:39): http://localhost:62331 "POST /session/f81b76abdd2c93f3ee341da095e31ca1/element/f.4F43718FA93D6414267F90606F9738F8.d.4124141701B4037D5393CDA2E347394A.e.644/element HTTP/1.1" 200 0 (Line: 544) [connectionpool.py]
DEBUG (15/09/2026 09:14:39): Remote response: status=200 | data={"value":{"element-6066-11e4-a52e-4f735466cecf":"f.4F43718FA93D6414267F90606F9738F8.d.4124141701B4037D5393CDA2E347394A.e.849"}} | headers=HTTPHeaderDict({'Content-Length': '127', 'Content-Type': 'application/json; charset=utf-8', 'cache-control': 'no-cache'}) (Line: 436) [remote_connection.py]
DEBUG (15/09/2026 09:14:39): Finished Request (Line: 465) [remote_connection.py]
DEBUG (15/09/2026 09:14:39): POST http://localhost:62331/session/f81b76abdd2c93f3ee341da095e31ca1/element/f.4F43718FA93D6414267F90606F9738F8.d.4124141701B4037D5393CDA2E347394A.e.644/element {'using': 'css selector', 'value': '.business-review-comment-content__bubble'} (Line: 403) [remote_connection.py]
DEBUG (15/09/2026 09:14:39): http://localhost:62331 "POST /session/f81b76abdd2c93f3ee341da095e31ca1/element/f.4F43718FA93D6414267F90606F9738F8.d.4124141701B4037D5393CDA2E347394A.e.644/element HTTP/1.1" 200 0 (Line: 544) [connectionpool.py]
DEBUG (15/09/2026 09:14:39): Remote response: status=200 | data={"value":{"element-6066-11e4-a52e-4f735466cecf":"f.4F43718FA93D6414267F90606F9738F8.d.4124141701B4037D5393CDA2E347394A.e.849"}} | headers=HTTPHeaderDict({'Content-Length': '127', 'Content-Type': 'application/json; charset=utf-8', 'cache-control': 'no-cache'}) (Line: 436) [remote_connection.py]
DEBUG (15/09/2026 09:14:39): Finished Request (Line: 465) [remote_connection.py]
DEBUG (15/09/2026 09:14:39): POST http://localhost:62331/session/f81b76abdd2c93f3ee341da095e31ca1/execute/sync {'script': 'return arguments[0].textContent.trim();', 'args': [{'element-6066-11e4-a52e-4f735466cecf': 'f.4F43718FA93D6414267F90606F9738F8.d.4124141701B4037D5393CDA2E347394A.e.849'}]} (Line: 403) [remote_connection.py]
DEBUG (15/09/2026 09:14:39): http://localhost:62331 "POST /session/f81b76abdd2c93f3ee341da095e31ca1/execute/sync HTTP/1.1" 200 0 (Line: 544) [connectionpool.py]
DEBUG (15/09/2026 09:14:39): Remote response: status=200 | data={"value":"Благодарим за ваш отзыв!\nС уважением, коллектив ООО \"АвтоДизельПарт\"."} | headers=HTTPHeaderDict({'Content-Length': '140', 'Content-Type': 'application/json; charset=utf-8', 'cache-control': 'no-cache'}) (Line: 436) [remote_connection.py]
DEBUG (15/09/2026 09:14:39): Finished Request (Line: 465) [remote_connection.py]
DEBUG (15/09/2026 09:14:39): POST http://localhost:62331/session/f81b76abdd2c93f3ee341da095e31ca1/element/f.4F43718FA93D6414267F90606F9738F8.d.4124141701B4037D5393CDA2E347394A.e.645/element {'using': 'css selector', 'value': '.business-review-comment-expandable-view__expand'} (Line: 403) [remote_connection.py]
DEBUG (15/09/2026 09:14:39): http://localhost:62331 "POST /session/f81b76abdd2c93f3ee341da095e31ca1/element/f.4F43718FA93D6414267F90606F9738F8.d.4124141701B4037D5393CDA2E347394A.e.645/element HTTP/1.1" 404 0 (Line: 544) [connectionpool.py]
DEBUG (15/09/2026 09:14:39): Remote response: status=404 | data={"value":{"error":"no such element","message":"no such element: Unable to locate element: {\"method\":\"css selector\",\"selector\":\".business-review-comment-expandable-view__expand\"}\n  (Session info: chrome=153.0.8010.36)","stacktrace":"\tchromedriver!GetHandleVerifier [0x7ff6d385ff25+5ae5]\n\tchromedriver!(No symbol) [0x7ff6d3782210]\n\tchromedriver!(No symbol) [0x7ff6d35a4a9d]\n\tchromedriver!(No symbol) [0x7ff6d36004ad]\n\tchromedriver!(No symbol) [0x7ff6d360076c]\n\tchromedriver!(No symbol) [0x7ff6d35f39ec]\n\tchromedriver!(No symbol) [0x7ff6d35f3896]\n\tchromedriver!(No symbol) [0x7ff6d36500df]\n\tchromedriver!(No symbol) [0x7ff6d35f2202]\n\tchromedriver!(No symbol) [0x7ff6d35f3013]\n\tchromedriver!GetHandleVerifier [0x7ff6d3c84231+429df1]\n\tchromedriver!GetHandleVerifier [0x7ff6d3cafce7+4558a7]\n\tchromedriver!GetHandleVerifier [0x7ff6d3ca413e+449cfe]\n\tchromedriver!GetHandleVerifier [0x7ff6d395c9ce+10258e]\n\tchromedriver!(No symbol) [0x7ff6d3790545]\n\tchromedriver!(No symbol) [0x7ff6d378b6a4]\n\tchromedriver!(No symbol) [0x7ff6d378b834]\n\tchromedriver!(No symbol) [0x7ff6d377601c]\n\tKERNEL32!BaseThreadInitThunk [0x7ffdc53fcd87+17]\n\tntdll!RtlUserThreadStart [0x7ffdc6dccaec+2c]\n"}} | headers=HTTPHeaderDict({'Content-Length': '1217', 'Content-Type': 'application/json; charset=utf-8', 'cache-control': 'no-cache'}) (Line: 436) [remote_connection.py]
DEBUG (15/09/2026 09:14:39): Finished Request (Line: 465) [remote_connection.py]
DEBUG (15/09/2026 09:14:39): POST http://localhost:62331/session/f81b76abdd2c93f3ee341da095e31ca1/element/f.4F43718FA93D6414267F90606F9738F8.d.4124141701B4037D5393CDA2E347394A.e.645/element {'using': 'css selector', 'value': '.business-review-view__author-name span'} (Line: 403) [remote_connection.py]
DEBUG (15/09/2026 09:14:39): http://localhost:62331 "POST /session/f81b76abdd2c93f3ee341da095e31ca1/element/f.4F43718FA93D6414267F90606F9738F8.d.4124141701B4037D5393CDA2E347394A.e.645/element HTTP/1.1" 200 0 (Line: 544) [connectionpool.py]
DEBUG (15/09/2026 09:14:39): Remote response: status=200 | data={"value":{"element-6066-11e4-a52e-4f735466cecf":"f.4F43718FA93D6414267F90606F9738F8.d.4124141701B4037D5393CDA2E347394A.e.850"}} | headers=HTTPHeaderDict({'Content-Length': '127', 'Content-Type': 'application/json; charset=utf-8', 'cache-control': 'no-cache'}) (Line: 436) [remote_connection.py]
DEBUG (15/09/2026 09:14:39): Finished Request (Line: 465) [remote_connection.py]
DEBUG (15/09/2026 09:14:39): POST http://localhost:62331/session/f81b76abdd2c93f3ee341da095e31ca1/element/f.4F43718FA93D6414267F90606F9738F8.d.4124141701B4037D5393CDA2E347394A.e.645/element {'using': 'css selector', 'value': '.business-review-view__author-name span'} (Line: 403) [remote_connection.py]
DEBUG (15/09/2026 09:14:39): http://localhost:62331 "POST /session/f81b76abdd2c93f3ee341da095e31ca1/element/f.4F43718FA93D6414267F90606F9738F8.d.4124141701B4037D5393CDA2E347394A.e.645/element HTTP/1.1" 200 0 (Line: 544) [connectionpool.py]
DEBUG (15/09/2026 09:14:39): Remote response: status=200 | data={"value":{"element-6066-11e4-a52e-4f735466cecf":"f.4F43718FA93D6414267F90606F9738F8.d.4124141701B4037D5393CDA2E347394A.e.850"}} | headers=HTTPHeaderDict({'Content-Length': '127', 'Content-Type': 'application/json; charset=utf-8', 'cache-control': 'no-cache'}) (Line: 436) [remote_connection.py]
DEBUG (15/09/2026 09:14:39): Finished Request (Line: 465) [remote_connection.py]
DEBUG (15/09/2026 09:14:39): POST http://localhost:62331/session/f81b76abdd2c93f3ee341da095e31ca1/execute/sync {'script': 'return arguments[0].textContent.trim();', 'args': [{'element-6066-11e4-a52e-4f735466cecf': 'f.4F43718FA93D6414267F90606F9738F8.d.4124141701B4037D5393CDA2E347394A.e.850'}]} (Line: 403) [remote_connection.py]
DEBUG (15/09/2026 09:14:39): http://localhost:62331 "POST /session/f81b76abdd2c93f3ee341da095e31ca1/execute/sync HTTP/1.1" 200 0 (Line: 544) [connectionpool.py]
DEBUG (15/09/2026 09:14:39): Remote response: status=200 | data={"value":"Виталий"} | headers=HTTPHeaderDict({'Content-Length': '26', 'Content-Type': 'application/json; charset=utf-8', 'cache-control': 'no-cache'}) (Line: 436) [remote_connection.py]
DEBUG (15/09/2026 09:14:39): Finished Request (Line: 465) [remote_connection.py]
DEBUG (15/09/2026 09:14:39): POST http://localhost:62331/session/f81b76abdd2c93f3ee341da095e31ca1/element/f.4F43718FA93D6414267F90606F9738F8.d.4124141701B4037D5393CDA2E347394A.e.645/element {'using': 'css selector', 'value': '.business-review-view__date span'} (Line: 403) [remote_connection.py]
DEBUG (15/09/2026 09:14:40): http://localhost:62331 "POST /session/f81b76abdd2c93f3ee341da095e31ca1/element/f.4F43718FA93D6414267F90606F9738F8.d.4124141701B4037D5393CDA2E347394A.e.645/element HTTP/1.1" 200 0 (Line: 544) [connectionpool.py]
DEBUG (15/09/2026 09:14:40): Remote response: status=200 | data={"value":{"element-6066-11e4-a52e-4f735466cecf":"f.4F43718FA93D6414267F90606F9738F8.d.4124141701B4037D5393CDA2E347394A.e.851"}} | headers=HTTPHeaderDict({'Content-Length': '127', 'Content-Type': 'application/json; charset=utf-8', 'cache-control': 'no-cache'}) (Line: 436) [remote_connection.py]
DEBUG (15/09/2026 09:14:40): Finished Request (Line: 465) [remote_connection.py]
DEBUG (15/09/2026 09:14:40): POST http://localhost:62331/session/f81b76abdd2c93f3ee341da095e31ca1/element/f.4F43718FA93D6414267F90606F9738F8.d.4124141701B4037D5393CDA2E347394A.e.645/element {'using': 'css selector', 'value': '.business-review-view__date span'} (Line: 403) [remote_connection.py]
DEBUG (15/09/2026 09:14:40): http://localhost:62331 "POST /session/f81b76abdd2c93f3ee341da095e31ca1/element/f.4F43718FA93D6414267F90606F9738F8.d.4124141701B4037D5393CDA2E347394A.e.645/element HTTP/1.1" 200 0 (Line: 544) [connectionpool.py]
DEBUG (15/09/2026 09:14:40): Remote response: status=200 | data={"value":{"element-6066-11e4-a52e-4f735466cecf":"f.4F43718FA93D6414267F90606F9738F8.d.4124141701B4037D5393CDA2E347394A.e.851"}} | headers=HTTPHeaderDict({'Content-Length': '127', 'Content-Type': 'application/json; charset=utf-8', 'cache-control': 'no-cache'}) (Line: 436) [remote_connection.py]
DEBUG (15/09/2026 09:14:40): Finished Request (Line: 465) [remote_connection.py]
DEBUG (15/09/2026 09:14:40): POST http://localhost:62331/session/f81b76abdd2c93f3ee341da095e31ca1/execute/sync {'script': 'return arguments[0].textContent.trim();', 'args': [{'element-6066-11e4-a52e-4f735466cecf': 'f.4F43718FA93D6414267F90606F9738F8.d.4124141701B4037D5393CDA2E347394A.e.851'}]} (Line: 403) [remote_connection.py]
DEBUG (15/09/2026 09:14:40): http://localhost:62331 "POST /session/f81b76abdd2c93f3ee341da095e31ca1/execute/sync HTTP/1.1" 200 0 (Line: 544) [connectionpool.py]
DEBUG (15/09/2026 09:14:40): Remote response: status=200 | data={"value":"12 марта 2021"} | headers=HTTPHeaderDict({'Content-Length': '30', 'Content-Type': 'application/json; charset=utf-8', 'cache-control': 'no-cache'}) (Line: 436) [remote_connection.py]
DEBUG (15/09/2026 09:14:40): Finished Request (Line: 465) [remote_connection.py]
DEBUG (15/09/2026 09:14:40): POST http://localhost:62331/session/f81b76abdd2c93f3ee341da095e31ca1/element/f.4F43718FA93D6414267F90606F9738F8.d.4124141701B4037D5393CDA2E347394A.e.645/element {'using': 'css selector', 'value': '._full'} (Line: 403) [remote_connection.py]
DEBUG (15/09/2026 09:14:40): http://localhost:62331 "POST /session/f81b76abdd2c93f3ee341da095e31ca1/element/f.4F43718FA93D6414267F90606F9738F8.d.4124141701B4037D5393CDA2E347394A.e.645/element HTTP/1.1" 200 0 (Line: 544) [connectionpool.py]
DEBUG (15/09/2026 09:14:40): Remote response: status=200 | data={"value":{"element-6066-11e4-a52e-4f735466cecf":"f.4F43718FA93D6414267F90606F9738F8.d.4124141701B4037D5393CDA2E347394A.e.852"}} | headers=HTTPHeaderDict({'Content-Length': '127', 'Content-Type': 'application/json; charset=utf-8', 'cache-control': 'no-cache'}) (Line: 436) [remote_connection.py]
DEBUG (15/09/2026 09:14:40): Finished Request (Line: 465) [remote_connection.py]
DEBUG (15/09/2026 09:14:40): POST http://localhost:62331/session/f81b76abdd2c93f3ee341da095e31ca1/element/f.4F43718FA93D6414267F90606F9738F8.d.4124141701B4037D5393CDA2E347394A.e.645/elements {'using': 'css selector', 'value': '._full'} (Line: 403) [remote_connection.py]
DEBUG (15/09/2026 09:14:40): http://localhost:62331 "POST /session/f81b76abdd2c93f3ee341da095e31ca1/element/f.4F43718FA93D6414267F90606F9738F8.d.4124141701B4037D5393CDA2E347394A.e.645/elements HTTP/1.1" 200 0 (Line: 544) [connectionpool.py]
DEBUG (15/09/2026 09:14:40): Remote response: status=200 | data={"value":[{"element-6066-11e4-a52e-4f735466cecf":"f.4F43718FA93D6414267F90606F9738F8.d.4124141701B4037D5393CDA2E347394A.e.852"},{"element-6066-11e4-a52e-4f735466cecf":"f.4F43718FA93D6414267F90606F9738F8.d.4124141701B4037D5393CDA2E347394A.e.853"},{"element-6066-11e4-a52e-4f735466cecf":"f.4F43718FA93D6414267F90606F9738F8.d.4124141701B4037D5393CDA2E347394A.e.854"},{"element-6066-11e4-a52e-4f735466cecf":"f.4F43718FA93D6414267F90606F9738F8.d.4124141701B4037D5393CDA2E347394A.e.855"},{"element-6066-11e4-a52e-4f735466cecf":"f.4F43718FA93D6414267F90606F9738F8.d.4124141701B4037D5393CDA2E347394A.e.856"}]} | headers=HTTPHeaderDict({'Content-Length': '601', 'Content-Type': 'application/json; charset=utf-8', 'cache-control': 'no-cache'}) (Line: 436) [remote_connection.py]
DEBUG (15/09/2026 09:14:40): Finished Request (Line: 465) [remote_connection.py]
DEBUG (15/09/2026 09:14:40): POST http://localhost:62331/session/f81b76abdd2c93f3ee341da095e31ca1/element/f.4F43718FA93D6414267F90606F9738F8.d.4124141701B4037D5393CDA2E347394A.e.645/element {'using': 'css selector', 'value': '.spoiler-view__text-container'} (Line: 403) [remote_connection.py]
DEBUG (15/09/2026 09:14:40): http://localhost:62331 "POST /session/f81b76abdd2c93f3ee341da095e31ca1/element/f.4F43718FA93D6414267F90606F9738F8.d.4124141701B4037D5393CDA2E347394A.e.645/element HTTP/1.1" 200 0 (Line: 544) [connectionpool.py]
DEBUG (15/09/2026 09:14:40): Remote response: status=200 | data={"value":{"element-6066-11e4-a52e-4f735466cecf":"f.4F43718FA93D6414267F90606F9738F8.d.4124141701B4037D5393CDA2E347394A.e.857"}} | headers=HTTPHeaderDict({'Content-Length': '127', 'Content-Type': 'application/json; charset=utf-8', 'cache-control': 'no-cache'}) (Line: 436) [remote_connection.py]
DEBUG (15/09/2026 09:14:40): Finished Request (Line: 465) [remote_connection.py]
DEBUG (15/09/2026 09:14:40): POST http://localhost:62331/session/f81b76abdd2c93f3ee341da095e31ca1/element/f.4F43718FA93D6414267F90606F9738F8.d.4124141701B4037D5393CDA2E347394A.e.645/element {'using': 'css selector', 'value': '.spoiler-view__text-container'} (Line: 403) [remote_connection.py]
DEBUG (15/09/2026 09:14:40): http://localhost:62331 "POST /session/f81b76abdd2c93f3ee341da095e31ca1/element/f.4F43718FA93D6414267F90606F9738F8.d.4124141701B4037D5393CDA2E347394A.e.645/element HTTP/1.1" 200 0 (Line: 544) [connectionpool.py]
DEBUG (15/09/2026 09:14:40): Remote response: status=200 | data={"value":{"element-6066-11e4-a52e-4f735466cecf":"f.4F43718FA93D6414267F90606F9738F8.d.4124141701B4037D5393CDA2E347394A.e.857"}} | headers=HTTPHeaderDict({'Content-Length': '127', 'Content-Type': 'application/json; charset=utf-8', 'cache-control': 'no-cache'}) (Line: 436) [remote_connection.py]
DEBUG (15/09/2026 09:14:40): Finished Request (Line: 465) [remote_connection.py]
DEBUG (15/09/2026 09:14:40): POST http://localhost:62331/session/f81b76abdd2c93f3ee341da095e31ca1/execute/sync {'script': 'return arguments[0].textContent.trim();', 'args': [{'element-6066-11e4-a52e-4f735466cecf': 'f.4F43718FA93D6414267F90606F9738F8.d.4124141701B4037D5393CDA2E347394A.e.857'}]} (Line: 403) [remote_connection.py]
DEBUG (15/09/2026 09:14:40): http://localhost:62331 "POST /session/f81b76abdd2c93f3ee341da095e31ca1/execute/sync HTTP/1.1" 200 0 (Line: 544) [connectionpool.py]
DEBUG (15/09/2026 09:14:40): Remote response: status=200 | data={"value":"Хороший магазин"} | headers=HTTPHeaderDict({'Content-Length': '41', 'Content-Type': 'application/json; charset=utf-8', 'cache-control': 'no-cache'}) (Line: 436) [remote_connection.py]
DEBUG (15/09/2026 09:14:40): Finished Request (Line: 465) [remote_connection.py]
DEBUG (15/09/2026 09:14:40): POST http://localhost:62331/session/f81b76abdd2c93f3ee341da095e31ca1/element/f.4F43718FA93D6414267F90606F9738F8.d.4124141701B4037D5393CDA2E347394A.e.645/element {'using': 'css selector', 'value': '.business-review-comment-content__date'} (Line: 403) [remote_connection.py]
DEBUG (15/09/2026 09:14:40): http://localhost:62331 "POST /session/f81b76abdd2c93f3ee341da095e31ca1/element/f.4F43718FA93D6414267F90606F9738F8.d.4124141701B4037D5393CDA2E347394A.e.645/element HTTP/1.1" 404 0 (Line: 544) [connectionpool.py]
DEBUG (15/09/2026 09:14:40): Remote response: status=404 | data={"value":{"error":"no such element","message":"no such element: Unable to locate element: {\"method\":\"css selector\",\"selector\":\".business-review-comment-content__date\"}\n  (Session info: chrome=153.0.8010.36)","stacktrace":"\tchromedriver!GetHandleVerifier [0x7ff6d385ff25+5ae5]\n\tchromedriver!(No symbol) [0x7ff6d3782210]\n\tchromedriver!(No symbol) [0x7ff6d35a4a9d]\n\tchromedriver!(No symbol) [0x7ff6d36004ad]\n\tchromedriver!(No symbol) [0x7ff6d360076c]\n\tchromedriver!(No symbol) [0x7ff6d35f39ec]\n\tchromedriver!(No symbol) [0x7ff6d35f3896]\n\tchromedriver!(No symbol) [0x7ff6d36500df]\n\tchromedriver!(No symbol) [0x7ff6d35f2202]\n\tchromedriver!(No symbol) [0x7ff6d35f3013]\n\tchromedriver!GetHandleVerifier [0x7ff6d3c84231+429df1]\n\tchromedriver!GetHandleVerifier [0x7ff6d3cafce7+4558a7]\n\tchromedriver!GetHandleVerifier [0x7ff6d3ca413e+449cfe]\n\tchromedriver!GetHandleVerifier [0x7ff6d395c9ce+10258e]\n\tchromedriver!(No symbol) [0x7ff6d3790545]\n\tchromedriver!(No symbol) [0x7ff6d378b6a4]\n\tchromedriver!(No symbol) [0x7ff6d378b834]\n\tchromedriver!(No symbol) [0x7ff6d377601c]\n\tKERNEL32!BaseThreadInitThunk [0x7ffdc53fcd87+17]\n\tntdll!RtlUserThreadStart [0x7ffdc6dccaec+2c]\n"}} | headers=HTTPHeaderDict({'Content-Length': '1207', 'Content-Type': 'application/json; charset=utf-8', 'cache-control': 'no-cache'}) (Line: 436) [remote_connection.py]
DEBUG (15/09/2026 09:14:40): Finished Request (Line: 465) [remote_connection.py]
DEBUG (15/09/2026 09:14:40): POST http://localhost:62331/session/f81b76abdd2c93f3ee341da095e31ca1/element/f.4F43718FA93D6414267F90606F9738F8.d.4124141701B4037D5393CDA2E347394A.e.645/element {'using': 'css selector', 'value': '.business-review-comment-content__bubble'} (Line: 403) [remote_connection.py]
DEBUG (15/09/2026 09:14:40): http://localhost:62331 "POST /session/f81b76abdd2c93f3ee341da095e31ca1/element/f.4F43718FA93D6414267F90606F9738F8.d.4124141701B4037D5393CDA2E347394A.e.645/element HTTP/1.1" 404 0 (Line: 544) [connectionpool.py]
DEBUG (15/09/2026 09:14:40): Remote response: status=404 | data={"value":{"error":"no such element","message":"no such element: Unable to locate element: {\"method\":\"css selector\",\"selector\":\".business-review-comment-content__bubble\"}\n  (Session info: chrome=153.0.8010.36)","stacktrace":"\tchromedriver!GetHandleVerifier [0x7ff6d385ff25+5ae5]\n\tchromedriver!(No symbol) [0x7ff6d3782210]\n\tchromedriver!(No symbol) [0x7ff6d35a4a9d]\n\tchromedriver!(No symbol) [0x7ff6d36004ad]\n\tchromedriver!(No symbol) [0x7ff6d360076c]\n\tchromedriver!(No symbol) [0x7ff6d35f39ec]\n\tchromedriver!(No symbol) [0x7ff6d35f3896]\n\tchromedriver!(No symbol) [0x7ff6d36500df]\n\tchromedriver!(No symbol) [0x7ff6d35f2202]\n\tchromedriver!(No symbol) [0x7ff6d35f3013]\n\tchromedriver!GetHandleVerifier [0x7ff6d3c84231+429df1]\n\tchromedriver!GetHandleVerifier [0x7ff6d3cafce7+4558a7]\n\tchromedriver!GetHandleVerifier [0x7ff6d3ca413e+449cfe]\n\tchromedriver!GetHandleVerifier [0x7ff6d395c9ce+10258e]\n\tchromedriver!(No symbol) [0x7ff6d3790545]\n\tchromedriver!(No symbol) [0x7ff6d378b6a4]\n\tchromedriver!(No symbol) [0x7ff6d378b834]\n\tchromedriver!(No symbol) [0x7ff6d377601c]\n\tKERNEL32!BaseThreadInitThunk [0x7ffdc53fcd87+17]\n\tntdll!RtlUserThreadStart [0x7ffdc6dccaec+2c]\n"}} | headers=HTTPHeaderDict({'Content-Length': '1209', 'Content-Type': 'application/json; charset=utf-8', 'cache-control': 'no-cache'}) (Line: 436) [remote_connection.py]
DEBUG (15/09/2026 09:14:40): Finished Request (Line: 465) [remote_connection.py]
DEBUG (15/09/2026 09:14:40): POST http://localhost:62331/session/f81b76abdd2c93f3ee341da095e31ca1/element/f.4F43718FA93D6414267F90606F9738F8.d.4124141701B4037D5393CDA2E347394A.e.646/element {'using': 'css selector', 'value': '.business-review-comment-expandable-view__expand'} (Line: 403) [remote_connection.py]
DEBUG (15/09/2026 09:14:40): http://localhost:62331 "POST /session/f81b76abdd2c93f3ee341da095e31ca1/element/f.4F43718FA93D6414267F90606F9738F8.d.4124141701B4037D5393CDA2E347394A.e.646/element HTTP/1.1" 404 0 (Line: 544) [connectionpool.py]
DEBUG (15/09/2026 09:14:40): Remote response: status=404 | data={"value":{"error":"no such element","message":"no such element: Unable to locate element: {\"method\":\"css selector\",\"selector\":\".business-review-comment-expandable-view__expand\"}\n  (Session info: chrome=153.0.8010.36)","stacktrace":"\tchromedriver!GetHandleVerifier [0x7ff6d385ff25+5ae5]\n\tchromedriver!(No symbol) [0x7ff6d3782210]\n\tchromedriver!(No symbol) [0x7ff6d35a4a9d]\n\tchromedriver!(No symbol) [0x7ff6d36004ad]\n\tchromedriver!(No symbol) [0x7ff6d360076c]\n\tchromedriver!(No symbol) [0x7ff6d35f39ec]\n\tchromedriver!(No symbol) [0x7ff6d35f3896]\n\tchromedriver!(No symbol) [0x7ff6d36500df]\n\tchromedriver!(No symbol) [0x7ff6d35f2202]\n\tchromedriver!(No symbol) [0x7ff6d35f3013]\n\tchromedriver!GetHandleVerifier [0x7ff6d3c84231+429df1]\n\tchromedriver!GetHandleVerifier [0x7ff6d3cafce7+4558a7]\n\tchromedriver!GetHandleVerifier [0x7ff6d3ca413e+449cfe]\n\tchromedriver!GetHandleVerifier [0x7ff6d395c9ce+10258e]\n\tchromedriver!(No symbol) [0x7ff6d3790545]\n\tchromedriver!(No symbol) [0x7ff6d378b6a4]\n\tchromedriver!(No symbol) [0x7ff6d378b834]\n\tchromedriver!(No symbol) [0x7ff6d377601c]\n\tKERNEL32!BaseThreadInitThunk [0x7ffdc53fcd87+17]\n\tntdll!RtlUserThreadStart [0x7ffdc6dccaec+2c]\n"}} | headers=HTTPHeaderDict({'Content-Length': '1217', 'Content-Type': 'application/json; charset=utf-8', 'cache-control': 'no-cache'}) (Line: 436) [remote_connection.py]
DEBUG (15/09/2026 09:14:40): Finished Request (Line: 465) [remote_connection.py]
DEBUG (15/09/2026 09:14:40): POST http://localhost:62331/session/f81b76abdd2c93f3ee341da095e31ca1/element/f.4F43718FA93D6414267F90606F9738F8.d.4124141701B4037D5393CDA2E347394A.e.646/element {'using': 'css selector', 'value': '.business-review-view__author-name span'} (Line: 403) [remote_connection.py]
DEBUG (15/09/2026 09:14:40): http://localhost:62331 "POST /session/f81b76abdd2c93f3ee341da095e31ca1/element/f.4F43718FA93D6414267F90606F9738F8.d.4124141701B4037D5393CDA2E347394A.e.646/element HTTP/1.1" 200 0 (Line: 544) [connectionpool.py]
DEBUG (15/09/2026 09:14:40): Remote response: status=200 | data={"value":{"element-6066-11e4-a52e-4f735466cecf":"f.4F43718FA93D6414267F90606F9738F8.d.4124141701B4037D5393CDA2E347394A.e.858"}} | headers=HTTPHeaderDict({'Content-Length': '127', 'Content-Type': 'application/json; charset=utf-8', 'cache-control': 'no-cache'}) (Line: 436) [remote_connection.py]
DEBUG (15/09/2026 09:14:40): Finished Request (Line: 465) [remote_connection.py]
DEBUG (15/09/2026 09:14:40): POST http://localhost:62331/session/f81b76abdd2c93f3ee341da095e31ca1/element/f.4F43718FA93D6414267F90606F9738F8.d.4124141701B4037D5393CDA2E347394A.e.646/element {'using': 'css selector', 'value': '.business-review-view__author-name span'} (Line: 403) [remote_connection.py]
DEBUG (15/09/2026 09:14:40): http://localhost:62331 "POST /session/f81b76abdd2c93f3ee341da095e31ca1/element/f.4F43718FA93D6414267F90606F9738F8.d.4124141701B4037D5393CDA2E347394A.e.646/element HTTP/1.1" 200 0 (Line: 544) [connectionpool.py]
DEBUG (15/09/2026 09:14:40): Remote response: status=200 | data={"value":{"element-6066-11e4-a52e-4f735466cecf":"f.4F43718FA93D6414267F90606F9738F8.d.4124141701B4037D5393CDA2E347394A.e.858"}} | headers=HTTPHeaderDict({'Content-Length': '127', 'Content-Type': 'application/json; charset=utf-8', 'cache-control': 'no-cache'}) (Line: 436) [remote_connection.py]
DEBUG (15/09/2026 09:14:40): Finished Request (Line: 465) [remote_connection.py]
DEBUG (15/09/2026 09:14:40): POST http://localhost:62331/session/f81b76abdd2c93f3ee341da095e31ca1/execute/sync {'script': 'return arguments[0].textContent.trim();', 'args': [{'element-6066-11e4-a52e-4f735466cecf': 'f.4F43718FA93D6414267F90606F9738F8.d.4124141701B4037D5393CDA2E347394A.e.858'}]} (Line: 403) [remote_connection.py]
DEBUG (15/09/2026 09:14:40): http://localhost:62331 "POST /session/f81b76abdd2c93f3ee341da095e31ca1/execute/sync HTTP/1.1" 200 0 (Line: 544) [connectionpool.py]
DEBUG (15/09/2026 09:14:40): Remote response: status=200 | data={"value":"Романов  Леонид"} | headers=HTTPHeaderDict({'Content-Length': '40', 'Content-Type': 'application/json; charset=utf-8', 'cache-control': 'no-cache'}) (Line: 436) [remote_connection.py]
DEBUG (15/09/2026 09:14:40): Finished Request (Line: 465) [remote_connection.py]
DEBUG (15/09/2026 09:14:40): POST http://localhost:62331/session/f81b76abdd2c93f3ee341da095e31ca1/element/f.4F43718FA93D6414267F90606F9738F8.d.4124141701B4037D5393CDA2E347394A.e.646/element {'using': 'css selector', 'value': '.business-review-view__date span'} (Line: 403) [remote_connection.py]
DEBUG (15/09/2026 09:14:40): http://localhost:62331 "POST /session/f81b76abdd2c93f3ee341da095e31ca1/element/f.4F43718FA93D6414267F90606F9738F8.d.4124141701B4037D5393CDA2E347394A.e.646/element HTTP/1.1" 200 0 (Line: 544) [connectionpool.py]
DEBUG (15/09/2026 09:14:40): Remote response: status=200 | data={"value":{"element-6066-11e4-a52e-4f735466cecf":"f.4F43718FA93D6414267F90606F9738F8.d.4124141701B4037D5393CDA2E347394A.e.859"}} | headers=HTTPHeaderDict({'Content-Length': '127', 'Content-Type': 'application/json; charset=utf-8', 'cache-control': 'no-cache'}) (Line: 436) [remote_connection.py]
DEBUG (15/09/2026 09:14:40): Finished Request (Line: 465) [remote_connection.py]
DEBUG (15/09/2026 09:14:40): POST http://localhost:62331/session/f81b76abdd2c93f3ee341da095e31ca1/element/f.4F43718FA93D6414267F90606F9738F8.d.4124141701B4037D5393CDA2E347394A.e.646/element {'using': 'css selector', 'value': '.business-review-view__date span'} (Line: 403) [remote_connection.py]
DEBUG (15/09/2026 09:14:40): http://localhost:62331 "POST /session/f81b76abdd2c93f3ee341da095e31ca1/element/f.4F43718FA93D6414267F90606F9738F8.d.4124141701B4037D5393CDA2E347394A.e.646/element HTTP/1.1" 200 0 (Line: 544) [connectionpool.py]
DEBUG (15/09/2026 09:14:40): Remote response: status=200 | data={"value":{"element-6066-11e4-a52e-4f735466cecf":"f.4F43718FA93D6414267F90606F9738F8.d.4124141701B4037D5393CDA2E347394A.e.859"}} | headers=HTTPHeaderDict({'Content-Length': '127', 'Content-Type': 'application/json; charset=utf-8', 'cache-control': 'no-cache'}) (Line: 436) [remote_connection.py]
DEBUG (15/09/2026 09:14:40): Finished Request (Line: 465) [remote_connection.py]
DEBUG (15/09/2026 09:14:40): POST http://localhost:62331/session/f81b76abdd2c93f3ee341da095e31ca1/execute/sync {'script': 'return arguments[0].textContent.trim();', 'args': [{'element-6066-11e4-a52e-4f735466cecf': 'f.4F43718FA93D6414267F90606F9738F8.d.4124141701B4037D5393CDA2E347394A.e.859'}]} (Line: 403) [remote_connection.py]
DEBUG (15/09/2026 09:14:40): http://localhost:62331 "POST /session/f81b76abdd2c93f3ee341da095e31ca1/execute/sync HTTP/1.1" 200 0 (Line: 544) [connectionpool.py]
DEBUG (15/09/2026 09:14:40): Remote response: status=200 | data={"value":"3 апреля 2020"} | headers=HTTPHeaderDict({'Content-Length': '31', 'Content-Type': 'application/json; charset=utf-8', 'cache-control': 'no-cache'}) (Line: 436) [remote_connection.py]
DEBUG (15/09/2026 09:14:40): Finished Request (Line: 465) [remote_connection.py]
DEBUG (15/09/2026 09:14:40): POST http://localhost:62331/session/f81b76abdd2c93f3ee341da095e31ca1/element/f.4F43718FA93D6414267F90606F9738F8.d.4124141701B4037D5393CDA2E347394A.e.646/element {'using': 'css selector', 'value': '._full'} (Line: 403) [remote_connection.py]
DEBUG (15/09/2026 09:14:40): http://localhost:62331 "POST /session/f81b76abdd2c93f3ee341da095e31ca1/element/f.4F43718FA93D6414267F90606F9738F8.d.4124141701B4037D5393CDA2E347394A.e.646/element HTTP/1.1" 200 0 (Line: 544) [connectionpool.py]
DEBUG (15/09/2026 09:14:40): Remote response: status=200 | data={"value":{"element-6066-11e4-a52e-4f735466cecf":"f.4F43718FA93D6414267F90606F9738F8.d.4124141701B4037D5393CDA2E347394A.e.860"}} | headers=HTTPHeaderDict({'Content-Length': '127', 'Content-Type': 'application/json; charset=utf-8', 'cache-control': 'no-cache'}) (Line: 436) [remote_connection.py]
DEBUG (15/09/2026 09:14:40): Finished Request (Line: 465) [remote_connection.py]
DEBUG (15/09/2026 09:14:40): POST http://localhost:62331/session/f81b76abdd2c93f3ee341da095e31ca1/element/f.4F43718FA93D6414267F90606F9738F8.d.4124141701B4037D5393CDA2E347394A.e.646/elements {'using': 'css selector', 'value': '._full'} (Line: 403) [remote_connection.py]
DEBUG (15/09/2026 09:14:40): http://localhost:62331 "POST /session/f81b76abdd2c93f3ee341da095e31ca1/element/f.4F43718FA93D6414267F90606F9738F8.d.4124141701B4037D5393CDA2E347394A.e.646/elements HTTP/1.1" 200 0 (Line: 544) [connectionpool.py]
DEBUG (15/09/2026 09:14:40): Remote response: status=200 | data={"value":[{"element-6066-11e4-a52e-4f735466cecf":"f.4F43718FA93D6414267F90606F9738F8.d.4124141701B4037D5393CDA2E347394A.e.860"},{"element-6066-11e4-a52e-4f735466cecf":"f.4F43718FA93D6414267F90606F9738F8.d.4124141701B4037D5393CDA2E347394A.e.861"},{"element-6066-11e4-a52e-4f735466cecf":"f.4F43718FA93D6414267F90606F9738F8.d.4124141701B4037D5393CDA2E347394A.e.862"},{"element-6066-11e4-a52e-4f735466cecf":"f.4F43718FA93D6414267F90606F9738F8.d.4124141701B4037D5393CDA2E347394A.e.863"},{"element-6066-11e4-a52e-4f735466cecf":"f.4F43718FA93D6414267F90606F9738F8.d.4124141701B4037D5393CDA2E347394A.e.864"}]} | headers=HTTPHeaderDict({'Content-Length': '601', 'Content-Type': 'application/json; charset=utf-8', 'cache-control': 'no-cache'}) (Line: 436) [remote_connection.py]
DEBUG (15/09/2026 09:14:40): Finished Request (Line: 465) [remote_connection.py]
DEBUG (15/09/2026 09:14:40): POST http://localhost:62331/session/f81b76abdd2c93f3ee341da095e31ca1/element/f.4F43718FA93D6414267F90606F9738F8.d.4124141701B4037D5393CDA2E347394A.e.646/element {'using': 'css selector', 'value': '.spoiler-view__text-container'} (Line: 403) [remote_connection.py]
DEBUG (15/09/2026 09:14:40): http://localhost:62331 "POST /session/f81b76abdd2c93f3ee341da095e31ca1/element/f.4F43718FA93D6414267F90606F9738F8.d.4124141701B4037D5393CDA2E347394A.e.646/element HTTP/1.1" 200 0 (Line: 544) [connectionpool.py]
DEBUG (15/09/2026 09:14:40): Remote response: status=200 | data={"value":{"element-6066-11e4-a52e-4f735466cecf":"f.4F43718FA93D6414267F90606F9738F8.d.4124141701B4037D5393CDA2E347394A.e.865"}} | headers=HTTPHeaderDict({'Content-Length': '127', 'Content-Type': 'application/json; charset=utf-8', 'cache-control': 'no-cache'}) (Line: 436) [remote_connection.py]
DEBUG (15/09/2026 09:14:40): Finished Request (Line: 465) [remote_connection.py]
DEBUG (15/09/2026 09:14:40): POST http://localhost:62331/session/f81b76abdd2c93f3ee341da095e31ca1/element/f.4F43718FA93D6414267F90606F9738F8.d.4124141701B4037D5393CDA2E347394A.e.646/element {'using': 'css selector', 'value': '.spoiler-view__text-container'} (Line: 403) [remote_connection.py]
DEBUG (15/09/2026 09:14:40): http://localhost:62331 "POST /session/f81b76abdd2c93f3ee341da095e31ca1/element/f.4F43718FA93D6414267F90606F9738F8.d.4124141701B4037D5393CDA2E347394A.e.646/element HTTP/1.1" 200 0 (Line: 544) [connectionpool.py]
DEBUG (15/09/2026 09:14:40): Remote response: status=200 | data={"value":{"element-6066-11e4-a52e-4f735466cecf":"f.4F43718FA93D6414267F90606F9738F8.d.4124141701B4037D5393CDA2E347394A.e.865"}} | headers=HTTPHeaderDict({'Content-Length': '127', 'Content-Type': 'application/json; charset=utf-8', 'cache-control': 'no-cache'}) (Line: 436) [remote_connection.py]
DEBUG (15/09/2026 09:14:40): Finished Request (Line: 465) [remote_connection.py]
DEBUG (15/09/2026 09:14:40): POST http://localhost:62331/session/f81b76abdd2c93f3ee341da095e31ca1/execute/sync {'script': 'return arguments[0].textContent.trim();', 'args': [{'element-6066-11e4-a52e-4f735466cecf': 'f.4F43718FA93D6414267F90606F9738F8.d.4124141701B4037D5393CDA2E347394A.e.865'}]} (Line: 403) [remote_connection.py]
DEBUG (15/09/2026 09:14:40): http://localhost:62331 "POST /session/f81b76abdd2c93f3ee341da095e31ca1/execute/sync HTTP/1.1" 200 0 (Line: 544) [connectionpool.py]
DEBUG (15/09/2026 09:14:40): Remote response: status=200 | data={"value":"Там продают хорошие цветы"} | headers=HTTPHeaderDict({'Content-Length': '59', 'Content-Type': 'application/json; charset=utf-8', 'cache-control': 'no-cache'}) (Line: 436) [remote_connection.py]
DEBUG (15/09/2026 09:14:40): Finished Request (Line: 465) [remote_connection.py]
DEBUG (15/09/2026 09:14:40): POST http://localhost:62331/session/f81b76abdd2c93f3ee341da095e31ca1/element/f.4F43718FA93D6414267F90606F9738F8.d.4124141701B4037D5393CDA2E347394A.e.646/element {'using': 'css selector', 'value': '.business-review-comment-content__date'} (Line: 403) [remote_connection.py]
DEBUG (15/09/2026 09:14:40): http://localhost:62331 "POST /session/f81b76abdd2c93f3ee341da095e31ca1/element/f.4F43718FA93D6414267F90606F9738F8.d.4124141701B4037D5393CDA2E347394A.e.646/element HTTP/1.1" 404 0 (Line: 544) [connectionpool.py]
DEBUG (15/09/2026 09:14:40): Remote response: status=404 | data={"value":{"error":"no such element","message":"no such element: Unable to locate element: {\"method\":\"css selector\",\"selector\":\".business-review-comment-content__date\"}\n  (Session info: chrome=153.0.8010.36)","stacktrace":"\tchromedriver!GetHandleVerifier [0x7ff6d385ff25+5ae5]\n\tchromedriver!(No symbol) [0x7ff6d3782210]\n\tchromedriver!(No symbol) [0x7ff6d35a4a9d]\n\tchromedriver!(No symbol) [0x7ff6d36004ad]\n\tchromedriver!(No symbol) [0x7ff6d360076c]\n\tchromedriver!(No symbol) [0x7ff6d35f39ec]\n\tchromedriver!(No symbol) [0x7ff6d35f3896]\n\tchromedriver!(No symbol) [0x7ff6d36500df]\n\tchromedriver!(No symbol) [0x7ff6d35f2202]\n\tchromedriver!(No symbol) [0x7ff6d35f3013]\n\tchromedriver!GetHandleVerifier [0x7ff6d3c84231+429df1]\n\tchromedriver!GetHandleVerifier [0x7ff6d3cafce7+4558a7]\n\tchromedriver!GetHandleVerifier [0x7ff6d3ca413e+449cfe]\n\tchromedriver!GetHandleVerifier [0x7ff6d395c9ce+10258e]\n\tchromedriver!(No symbol) [0x7ff6d3790545]\n\tchromedriver!(No symbol) [0x7ff6d378b6a4]\n\tchromedriver!(No symbol) [0x7ff6d378b834]\n\tchromedriver!(No symbol) [0x7ff6d377601c]\n\tKERNEL32!BaseThreadInitThunk [0x7ffdc53fcd87+17]\n\tntdll!RtlUserThreadStart [0x7ffdc6dccaec+2c]\n"}} | headers=HTTPHeaderDict({'Content-Length': '1207', 'Content-Type': 'application/json; charset=utf-8', 'cache-control': 'no-cache'}) (Line: 436) [remote_connection.py]
DEBUG (15/09/2026 09:14:40): Finished Request (Line: 465) [remote_connection.py]
DEBUG (15/09/2026 09:14:40): POST http://localhost:62331/session/f81b76abdd2c93f3ee341da095e31ca1/element/f.4F43718FA93D6414267F90606F9738F8.d.4124141701B4037D5393CDA2E347394A.e.646/element {'using': 'css selector', 'value': '.business-review-comment-content__bubble'} (Line: 403) [remote_connection.py]
DEBUG (15/09/2026 09:14:40): http://localhost:62331 "POST /session/f81b76abdd2c93f3ee341da095e31ca1/element/f.4F43718FA93D6414267F90606F9738F8.d.4124141701B4037D5393CDA2E347394A.e.646/element HTTP/1.1" 404 0 (Line: 544) [connectionpool.py]
DEBUG (15/09/2026 09:14:40): Remote response: status=404 | data={"value":{"error":"no such element","message":"no such element: Unable to locate element: {\"method\":\"css selector\",\"selector\":\".business-review-comment-content__bubble\"}\n  (Session info: chrome=153.0.8010.36)","stacktrace":"\tchromedriver!GetHandleVerifier [0x7ff6d385ff25+5ae5]\n\tchromedriver!(No symbol) [0x7ff6d3782210]\n\tchromedriver!(No symbol) [0x7ff6d35a4a9d]\n\tchromedriver!(No symbol) [0x7ff6d36004ad]\n\tchromedriver!(No symbol) [0x7ff6d360076c]\n\tchromedriver!(No symbol) [0x7ff6d35f39ec]\n\tchromedriver!(No symbol) [0x7ff6d35f3896]\n\tchromedriver!(No symbol) [0x7ff6d36500df]\n\tchromedriver!(No symbol) [0x7ff6d35f2202]\n\tchromedriver!(No symbol) [0x7ff6d35f3013]\n\tchromedriver!GetHandleVerifier [0x7ff6d3c84231+429df1]\n\tchromedriver!GetHandleVerifier [0x7ff6d3cafce7+4558a7]\n\tchromedriver!GetHandleVerifier [0x7ff6d3ca413e+449cfe]\n\tchromedriver!GetHandleVerifier [0x7ff6d395c9ce+10258e]\n\tchromedriver!(No symbol) [0x7ff6d3790545]\n\tchromedriver!(No symbol) [0x7ff6d378b6a4]\n\tchromedriver!(No symbol) [0x7ff6d378b834]\n\tchromedriver!(No symbol) [0x7ff6d377601c]\n\tKERNEL32!BaseThreadInitThunk [0x7ffdc53fcd87+17]\n\tntdll!RtlUserThreadStart [0x7ffdc6dccaec+2c]\n"}} | headers=HTTPHeaderDict({'Content-Length': '1209', 'Content-Type': 'application/json; charset=utf-8', 'cache-control': 'no-cache'}) (Line: 436) [remote_connection.py]
DEBUG (15/09/2026 09:14:40): Finished Request (Line: 465) [remote_connection.py]
DEBUG (15/09/2026 09:14:40): DELETE http://localhost:62331/session/f81b76abdd2c93f3ee341da095e31ca1 {} (Line: 403) [remote_connection.py]
DEBUG (15/09/2026 09:14:40): http://localhost:62331 "DELETE /session/f81b76abdd2c93f3ee341da095e31ca1 HTTP/1.1" 200 0 (Line: 544) [connectionpool.py]
DEBUG (15/09/2026 09:14:40): Remote response: status=200 | data={"value":null} | headers=HTTPHeaderDict({'Content-Length': '14', 'Content-Type': 'application/json; charset=utf-8', 'cache-control': 'no-cache'}) (Line: 436) [remote_connection.py]
DEBUG (15/09/2026 09:14:40): Finished Request (Line: 465) [remote_connection.py]
